LSOA21CD,LSOA21NM,borough,sector,group,group_sector,assignment_source
E01000001,City of London 001A,City of London,North East,Homerton,North East,borough
E01000002,City of London 001B,City of London,North East,Homerton,North East,borough
E01000003,City of London 001C,City of London,North East,Homerton,North East,borough
E01000005,City of London 001E,City of London,North East,Homerton,North East,borough
E01000006,Barking and Dagenham 016A,Barking and Dagenham,North East,Romford,North East,borough
E01000007,Barking and Dagenham 015A,Barking and Dagenham,North East,Romford,North East,borough
E01000008,Barking and Dagenham 015B,Barking and Dagenham,North East,Romford,North East,borough
E01000009,Barking and Dagenham 016B,Barking and Dagenham,North East,Romford,North East,borough
E01000011,Barking and Dagenham 016C,Barking and Dagenham,North East,Romford,North East,borough
E01000012,Barking and Dagenham 015D,Barking and Dagenham,North East,Romford,North East,borough
E01000013,Barking and Dagenham 013A,Barking and Dagenham,North East,Romford,North East,borough
E01000014,Barking and Dagenham 013B,Barking and Dagenham,North East,Romford,North East,borough
E01000015,Barking and Dagenham 009A,Barking and Dagenham,North East,Romford,North East,borough
E01000016,Barking and Dagenham 009B,Barking and Dagenham,North East,Romford,North East,borough
E01000017,Barking and Dagenham 009C,Barking and Dagenham,North East,Romford,North East,borough
E01000018,Barking and Dagenham 009D,Barking and Dagenham,North East,Romford,North East,borough
E01000019,Barking and Dagenham 023A,Barking and Dagenham,North East,Romford,North East,borough
E01000020,Barking and Dagenham 023B,Barking and Dagenham,North East,Romford,North East,borough
E01000021,Barking and Dagenham 008A,Barking and Dagenham,North East,Romford,North East,borough
E01000022,Barking and Dagenham 008B,Barking and Dagenham,North East,Romford,North East,borough
E01000024,Barking and Dagenham 008D,Barking and Dagenham,North East,Romford,North East,borough
E01000025,Barking and Dagenham 008E,Barking and Dagenham,North East,Romford,North East,borough
E01000027,Barking and Dagenham 001A,Barking and Dagenham,North East,Romford,North East,borough
E01000028,Barking and Dagenham 001B,Barking and Dagenham,North East,Romford,North East,borough
E01000029,Barking and Dagenham 001C,Barking and Dagenham,North East,Romford,North East,borough
E01000030,Barking and Dagenham 001D,Barking and Dagenham,North East,Romford,North East,borough
E01000031,Barking and Dagenham 002A,Barking and Dagenham,North East,Romford,North East,borough
E01000032,Barking and Dagenham 002B,Barking and Dagenham,North East,Romford,North East,borough
E01000033,Barking and Dagenham 006A,Barking and Dagenham,North East,Romford,North East,borough
E01000034,Barking and Dagenham 003A,Barking and Dagenham,North East,Romford,North East,borough
E01000035,Barking and Dagenham 010A,Barking and Dagenham,North East,Romford,North East,borough
E01000036,Barking and Dagenham 010B,Barking and Dagenham,North East,Romford,North East,borough
E01000037,Barking and Dagenham 003B,Barking and Dagenham,North East,Romford,North East,borough
E01000038,Barking and Dagenham 003C,Barking and Dagenham,North East,Romford,North East,borough
E01000039,Barking and Dagenham 003D,Barking and Dagenham,North East,Romford,North East,borough
E01000040,Barking and Dagenham 019A,Barking and Dagenham,North East,Romford,North East,borough
E01000041,Barking and Dagenham 017A,Barking and Dagenham,North East,Romford,North East,borough
E01000042,Barking and Dagenham 017B,Barking and Dagenham,North East,Romford,North East,borough
E01000043,Barking and Dagenham 019B,Barking and Dagenham,North East,Romford,North East,borough
E01000044,Barking and Dagenham 016D,Barking and Dagenham,North East,Romford,North East,borough
E01000045,Barking and Dagenham 017C,Barking and Dagenham,North East,Romford,North East,borough
E01000046,Barking and Dagenham 017D,Barking and Dagenham,North East,Romford,North East,borough
E01000049,Barking and Dagenham 021C,Barking and Dagenham,North East,Romford,North East,borough
E01000050,Barking and Dagenham 019C,Barking and Dagenham,North East,Romford,North East,borough
E01000051,Barking and Dagenham 021D,Barking and Dagenham,North East,Romford,North East,borough
E01000052,Barking and Dagenham 019D,Barking and Dagenham,North East,Romford,North East,borough
E01000053,Barking and Dagenham 020A,Barking and Dagenham,North East,Romford,North East,borough
E01000054,Barking and Dagenham 018A,Barking and Dagenham,North East,Romford,North East,borough
E01000055,Barking and Dagenham 018B,Barking and Dagenham,North East,Romford,North East,borough
E01000056,Barking and Dagenham 018C,Barking and Dagenham,North East,Romford,North East,borough
E01000057,Barking and Dagenham 012A,Barking and Dagenham,North East,Romford,North East,borough
E01000058,Barking and Dagenham 018D,Barking and Dagenham,North East,Romford,North East,borough
E01000059,Barking and Dagenham 013C,Barking and Dagenham,North East,Romford,North East,borough
E01000060,Barking and Dagenham 006B,Barking and Dagenham,North East,Romford,North East,borough
E01000061,Barking and Dagenham 006C,Barking and Dagenham,North East,Romford,North East,borough
E01000062,Barking and Dagenham 006D,Barking and Dagenham,North East,Romford,North East,borough
E01000063,Barking and Dagenham 004A,Barking and Dagenham,North East,Romford,North East,borough
E01000064,Barking and Dagenham 006E,Barking and Dagenham,North East,Romford,North East,borough
E01000065,Barking and Dagenham 007A,Barking and Dagenham,North East,Romford,North East,borough
E01000066,Barking and Dagenham 011A,Barking and Dagenham,North East,Romford,North East,borough
E01000067,Barking and Dagenham 011B,Barking and Dagenham,North East,Romford,North East,borough
E01000068,Barking and Dagenham 016E,Barking and Dagenham,North East,Romford,North East,borough
E01000069,Barking and Dagenham 011C,Barking and Dagenham,North East,Romford,North East,borough
E01000070,Barking and Dagenham 011D,Barking and Dagenham,North East,Romford,North East,borough
E01000071,Barking and Dagenham 011E,Barking and Dagenham,North East,Romford,North East,borough
E01000072,Barking and Dagenham 017E,Barking and Dagenham,North East,Romford,North East,borough
E01000073,Barking and Dagenham 012B,Barking and Dagenham,North East,Romford,North East,borough
E01000074,Barking and Dagenham 012C,Barking and Dagenham,North East,Romford,North East,borough
E01000075,Barking and Dagenham 012D,Barking and Dagenham,North East,Romford,North East,borough
E01000076,Barking and Dagenham 012E,Barking and Dagenham,North East,Romford,North East,borough
E01000077,Barking and Dagenham 008F,Barking and Dagenham,North East,Romford,North East,borough
E01000078,Barking and Dagenham 007B,Barking and Dagenham,North East,Romford,North East,borough
E01000079,Barking and Dagenham 009E,Barking and Dagenham,North East,Romford,North East,borough
E01000080,Barking and Dagenham 007C,Barking and Dagenham,North East,Romford,North East,borough
E01000081,Barking and Dagenham 007D,Barking and Dagenham,North East,Romford,North East,borough
E01000082,Barking and Dagenham 007E,Barking and Dagenham,North East,Romford,North East,borough
E01000083,Barking and Dagenham 007F,Barking and Dagenham,North East,Romford,North East,borough
E01000084,Barking and Dagenham 013D,Barking and Dagenham,North East,Romford,North East,borough
E01000085,Barking and Dagenham 013E,Barking and Dagenham,North East,Romford,North East,borough
E01000086,Barking and Dagenham 013F,Barking and Dagenham,North East,Romford,North East,borough
E01000087,Barking and Dagenham 020B,Barking and Dagenham,North East,Romford,North East,borough
E01000088,Barking and Dagenham 020C,Barking and Dagenham,North East,Romford,North East,borough
E01000089,Barking and Dagenham 020D,Barking and Dagenham,North East,Romford,North East,borough
E01000090,Barking and Dagenham 020E,Barking and Dagenham,North East,Romford,North East,borough
E01000091,Barking and Dagenham 022A,Barking and Dagenham,North East,Romford,North East,borough
E01000093,Barking and Dagenham 022B,Barking and Dagenham,North East,Romford,North East,borough
E01000094,Barking and Dagenham 022C,Barking and Dagenham,North East,Romford,North East,borough
E01000095,Barking and Dagenham 018E,Barking and Dagenham,North East,Romford,North East,borough
E01000096,Barking and Dagenham 022D,Barking and Dagenham,North East,Romford,North East,borough
E01000097,Barking and Dagenham 023C,Barking and Dagenham,North East,Romford,North East,borough
E01000098,Barking and Dagenham 023D,Barking and Dagenham,North East,Romford,North East,borough
E01000099,Barking and Dagenham 023E,Barking and Dagenham,North East,Romford,North East,borough
E01000100,Barking and Dagenham 004B,Barking and Dagenham,North East,Romford,North East,borough
E01000101,Barking and Dagenham 004C,Barking and Dagenham,North East,Romford,North East,borough
E01000102,Barking and Dagenham 007G,Barking and Dagenham,North East,Romford,North East,borough
E01000103,Barking and Dagenham 014A,Barking and Dagenham,North East,Romford,North East,borough
E01000104,Barking and Dagenham 014B,Barking and Dagenham,North East,Romford,North East,borough
E01000105,Barking and Dagenham 014C,Barking and Dagenham,North East,Romford,North East,borough
E01000106,Barking and Dagenham 014D,Barking and Dagenham,North East,Romford,North East,borough
E01000107,Barking and Dagenham 010C,Barking and Dagenham,North East,Romford,North East,borough
E01000108,Barking and Dagenham 010D,Barking and Dagenham,North East,Romford,North East,borough
E01000110,Barking and Dagenham 002C,Barking and Dagenham,North East,Romford,North East,borough
E01000111,Barking and Dagenham 002D,Barking and Dagenham,North East,Romford,North East,borough
E01000112,Barking and Dagenham 002E,Barking and Dagenham,North East,Romford,North East,borough
E01000113,Barking and Dagenham 002F,Barking and Dagenham,North East,Romford,North East,borough
E01000114,Barking and Dagenham 004E,Barking and Dagenham,North East,Romford,North East,borough
E01000115,Barnet 009A,Barnet,North Central,Friern Barnet,North Central,borough
E01000116,Barnet 009B,Barnet,North Central,Friern Barnet,North Central,borough
E01000117,Barnet 010A,Barnet,North Central,Friern Barnet,North Central,borough
E01000118,Barnet 010B,Barnet,North Central,Friern Barnet,North Central,borough
E01000119,Barnet 009C,Barnet,North Central,Friern Barnet,North Central,borough
E01000120,Barnet 009D,Barnet,North Central,Friern Barnet,North Central,borough
E01000121,Barnet 010C,Barnet,North Central,Friern Barnet,North Central,borough
E01000122,Barnet 009E,Barnet,North Central,Friern Barnet,North Central,borough
E01000123,Barnet 010D,Barnet,North Central,Friern Barnet,North Central,borough
E01000124,Barnet 010E,Barnet,North Central,Friern Barnet,North Central,borough
E01000126,Barnet 026A,Barnet,North Central,Friern Barnet,North Central,borough
E01000127,Barnet 024B,Barnet,North Central,Friern Barnet,North Central,borough
E01000128,Barnet 024C,Barnet,North Central,Friern Barnet,North Central,borough
E01000129,Barnet 024D,Barnet,North Central,Friern Barnet,North Central,borough
E01000130,Barnet 021A,Barnet,North Central,Friern Barnet,North Central,borough
E01000131,Barnet 024E,Barnet,North Central,Friern Barnet,North Central,borough
E01000132,Barnet 021B,Barnet,North Central,Friern Barnet,North Central,borough
E01000133,Barnet 021C,Barnet,North Central,Friern Barnet,North Central,borough
E01000134,Barnet 024F,Barnet,North Central,Friern Barnet,North Central,borough
E01000135,Barnet 038A,Barnet,North Central,Friern Barnet,North Central,borough
E01000136,Barnet 038B,Barnet,North Central,Friern Barnet,North Central,borough
E01000137,Barnet 041A,Barnet,North Central,Friern Barnet,North Central,borough
E01000138,Barnet 040A,Barnet,North Central,Friern Barnet,North Central,borough
E01000139,Barnet 041B,Barnet,North Central,Friern Barnet,North Central,borough
E01000140,Barnet 041C,Barnet,North Central,Friern Barnet,North Central,borough
E01000141,Barnet 039A,Barnet,North Central,Friern Barnet,North Central,borough
E01000142,Barnet 040B,Barnet,North Central,Friern Barnet,North Central,borough
E01000143,Barnet 041D,Barnet,North Central,Friern Barnet,North Central,borough
E01000144,Barnet 038C,Barnet,North Central,Friern Barnet,North Central,borough
E01000145,Barnet 037A,Barnet,North Central,Friern Barnet,North Central,borough
E01000146,Barnet 038D,Barnet,North Central,Friern Barnet,North Central,borough
E01000147,Barnet 043F,Barnet,North Central,Friern Barnet,North Central,borough
E01000150,Barnet 036A,Barnet,North Central,Friern Barnet,North Central,borough
E01000151,Barnet 026B,Barnet,North Central,Friern Barnet,North Central,borough
E01000152,Barnet 026C,Barnet,North Central,Friern Barnet,North Central,borough
E01000153,Barnet 026D,Barnet,North Central,Friern Barnet,North Central,borough
E01000154,Barnet 026E,Barnet,North Central,Friern Barnet,North Central,borough
E01000156,Barnet 022A,Barnet,North Central,Friern Barnet,North Central,borough
E01000157,Barnet 022B,Barnet,North Central,Friern Barnet,North Central,borough
E01000158,Barnet 015A,Barnet,North Central,Friern Barnet,North Central,borough
E01000159,Barnet 015B,Barnet,North Central,Friern Barnet,North Central,borough
E01000160,Barnet 015C,Barnet,North Central,Friern Barnet,North Central,borough
E01000161,Barnet 015D,Barnet,North Central,Friern Barnet,North Central,borough
E01000162,Barnet 015E,Barnet,North Central,Friern Barnet,North Central,borough
E01000163,Barnet 022C,Barnet,North Central,Friern Barnet,North Central,borough
E01000164,Barnet 022D,Barnet,North Central,Friern Barnet,North Central,borough
E01000165,Barnet 022E,Barnet,North Central,Friern Barnet,North Central,borough
E01000166,Barnet 003A,Barnet,North Central,Friern Barnet,North Central,borough
E01000167,Barnet 002A,Barnet,North Central,Friern Barnet,North Central,borough
E01000168,Barnet 003B,Barnet,North Central,Friern Barnet,North Central,borough
E01000169,Barnet 003C,Barnet,North Central,Friern Barnet,North Central,borough
E01000170,Barnet 006A,Barnet,North Central,Friern Barnet,North Central,borough
E01000171,Barnet 006B,Barnet,North Central,Friern Barnet,North Central,borough
E01000172,Barnet 003D,Barnet,North Central,Friern Barnet,North Central,borough
E01000173,Barnet 006C,Barnet,North Central,Friern Barnet,North Central,borough
E01000174,Barnet 006D,Barnet,North Central,Friern Barnet,North Central,borough
E01000175,Barnet 006E,Barnet,North Central,Friern Barnet,North Central,borough
E01000176,Barnet 027A,Barnet,North Central,Friern Barnet,North Central,borough
E01000177,Barnet 029A,Barnet,North Central,Friern Barnet,North Central,borough
E01000178,Barnet 027B,Barnet,North Central,Friern Barnet,North Central,borough
E01000179,Barnet 029B,Barnet,North Central,Friern Barnet,North Central,borough
E01000180,Barnet 029C,Barnet,North Central,Friern Barnet,North Central,borough
E01000181,Barnet 029D,Barnet,North Central,Friern Barnet,North Central,borough
E01000182,Barnet 029E,Barnet,North Central,Friern Barnet,North Central,borough
E01000183,Barnet 033A,Barnet,North Central,Friern Barnet,North Central,borough
E01000184,Barnet 027C,Barnet,North Central,Friern Barnet,North Central,borough
E01000185,Barnet 029F,Barnet,North Central,Friern Barnet,North Central,borough
E01000186,Barnet 014A,Barnet,North Central,Friern Barnet,North Central,borough
E01000187,Barnet 014B,Barnet,North Central,Friern Barnet,North Central,borough
E01000188,Barnet 014C,Barnet,North Central,Friern Barnet,North Central,borough
E01000189,Barnet 014D,Barnet,North Central,Friern Barnet,North Central,borough
E01000190,Barnet 014E,Barnet,North Central,Friern Barnet,North Central,borough
E01000191,Barnet 014F,Barnet,North Central,Friern Barnet,North Central,borough
E01000192,Barnet 018A,Barnet,North Central,Friern Barnet,North Central,borough
E01000193,Barnet 018B,Barnet,North Central,Friern Barnet,North Central,borough
E01000194,Barnet 018C,Barnet,North Central,Friern Barnet,North Central,borough
E01000195,Barnet 013A,Barnet,North Central,Friern Barnet,North Central,borough
E01000196,Barnet 028A,Barnet,North Central,Friern Barnet,North Central,borough
E01000197,Barnet 023A,Barnet,North Central,Friern Barnet,North Central,borough
E01000198,Barnet 025A,Barnet,North Central,Friern Barnet,North Central,borough
E01000199,Barnet 025B,Barnet,North Central,Friern Barnet,North Central,borough
E01000200,Barnet 028B,Barnet,North Central,Friern Barnet,North Central,borough
E01000201,Barnet 028C,Barnet,North Central,Friern Barnet,North Central,borough
E01000202,Barnet 028D,Barnet,North Central,Friern Barnet,North Central,borough
E01000203,Barnet 028E,Barnet,North Central,Friern Barnet,North Central,borough
E01000204,Barnet 025C,Barnet,North Central,Friern Barnet,North Central,borough
E01000205,Barnet 035A,Barnet,North Central,Friern Barnet,North Central,borough
E01000206,Barnet 033B,Barnet,North Central,Friern Barnet,North Central,borough
E01000207,Barnet 033C,Barnet,North Central,Friern Barnet,North Central,borough
E01000208,Barnet 033D,Barnet,North Central,Friern Barnet,North Central,borough
E01000209,Barnet 035B,Barnet,North Central,Friern Barnet,North Central,borough
E01000210,Barnet 033E,Barnet,North Central,Friern Barnet,North Central,borough
E01000211,Barnet 035C,Barnet,North Central,Friern Barnet,North Central,borough
E01000212,Barnet 035D,Barnet,North Central,Friern Barnet,North Central,borough
E01000213,Barnet 033F,Barnet,North Central,Friern Barnet,North Central,borough
E01000214,Barnet 038E,Barnet,North Central,Friern Barnet,North Central,borough
E01000215,Barnet 037B,Barnet,North Central,Friern Barnet,North Central,borough
E01000216,Barnet 035E,Barnet,North Central,Friern Barnet,North Central,borough
E01000217,Barnet 035F,Barnet,North Central,Friern Barnet,North Central,borough
E01000218,Barnet 037C,Barnet,North Central,Friern Barnet,North Central,borough
E01000219,Barnet 037D,Barnet,North Central,Friern Barnet,North Central,borough
E01000220,Barnet 037E,Barnet,North Central,Friern Barnet,North Central,borough
E01000221,Barnet 039B,Barnet,North Central,Friern Barnet,North Central,borough
E01000222,Barnet 040C,Barnet,North Central,Friern Barnet,North Central,borough
E01000223,Barnet 039C,Barnet,North Central,Friern Barnet,North Central,borough
E01000224,Barnet 040D,Barnet,North Central,Friern Barnet,North Central,borough
E01000225,Barnet 037F,Barnet,North Central,Friern Barnet,North Central,borough
E01000226,Barnet 018D,Barnet,North Central,Friern Barnet,North Central,borough
E01000227,Barnet 018E,Barnet,North Central,Friern Barnet,North Central,borough
E01000228,Barnet 007A,Barnet,North Central,Friern Barnet,North Central,borough
E01000229,Barnet 013B,Barnet,North Central,Friern Barnet,North Central,borough
E01000230,Barnet 013C,Barnet,North Central,Friern Barnet,North Central,borough
E01000231,Barnet 013D,Barnet,North Central,Friern Barnet,North Central,borough
E01000232,Barnet 013E,Barnet,North Central,Friern Barnet,North Central,borough
E01000233,Barnet 013F,Barnet,North Central,Friern Barnet,North Central,borough
E01000234,Barnet 021D,Barnet,North Central,Friern Barnet,North Central,borough
E01000235,Barnet 021E,Barnet,North Central,Friern Barnet,North Central,borough
E01000236,Barnet 034A,Barnet,North Central,Friern Barnet,North Central,borough
E01000237,Barnet 032A,Barnet,North Central,Friern Barnet,North Central,borough
E01000238,Barnet 034B,Barnet,North Central,Friern Barnet,North Central,borough
E01000239,Barnet 031A,Barnet,North Central,Friern Barnet,North Central,borough
E01000240,Barnet 031B,Barnet,North Central,Friern Barnet,North Central,borough
E01000241,Barnet 031C,Barnet,North Central,Friern Barnet,North Central,borough
E01000242,Barnet 032B,Barnet,North Central,Friern Barnet,North Central,borough
E01000243,Barnet 032C,Barnet,North Central,Friern Barnet,North Central,borough
E01000244,Barnet 032D,Barnet,North Central,Friern Barnet,North Central,borough
E01000245,Barnet 032E,Barnet,North Central,Friern Barnet,North Central,borough
E01000246,Barnet 002B,Barnet,North Central,Friern Barnet,North Central,borough
E01000247,Barnet 002C,Barnet,North Central,Friern Barnet,North Central,borough
E01000248,Barnet 001A,Barnet,North Central,Friern Barnet,North Central,borough
E01000249,Barnet 001B,Barnet,North Central,Friern Barnet,North Central,borough
E01000250,Barnet 001C,Barnet,North Central,Friern Barnet,North Central,borough
E01000251,Barnet 002D,Barnet,North Central,Friern Barnet,North Central,borough
E01000252,Barnet 002E,Barnet,North Central,Friern Barnet,North Central,borough
E01000253,Barnet 007B,Barnet,North Central,Friern Barnet,North Central,borough
E01000254,Barnet 001D,Barnet,North Central,Friern Barnet,North Central,borough
E01000255,Barnet 017A,Barnet,North Central,Friern Barnet,North Central,borough
E01000256,Barnet 016A,Barnet,North Central,Friern Barnet,North Central,borough
E01000257,Barnet 017B,Barnet,North Central,Friern Barnet,North Central,borough
E01000258,Barnet 016B,Barnet,North Central,Friern Barnet,North Central,borough
E01000259,Barnet 025D,Barnet,North Central,Friern Barnet,North Central,borough
E01000260,Barnet 025E,Barnet,North Central,Friern Barnet,North Central,borough
E01000261,Barnet 017C,Barnet,North Central,Friern Barnet,North Central,borough
E01000263,Barnet 016C,Barnet,North Central,Friern Barnet,North Central,borough
E01000264,Barnet 016D,Barnet,North Central,Friern Barnet,North Central,borough
E01000265,Barnet 011A,Barnet,North Central,Friern Barnet,North Central,borough
E01000266,Barnet 011B,Barnet,North Central,Friern Barnet,North Central,borough
E01000267,Barnet 005A,Barnet,North Central,Friern Barnet,North Central,borough
E01000268,Barnet 005B,Barnet,North Central,Friern Barnet,North Central,borough
E01000269,Barnet 005C,Barnet,North Central,Friern Barnet,North Central,borough
E01000270,Barnet 005D,Barnet,North Central,Friern Barnet,North Central,borough
E01000271,Barnet 008A,Barnet,North Central,Friern Barnet,North Central,borough
E01000272,Barnet 008B,Barnet,North Central,Friern Barnet,North Central,borough
E01000273,Barnet 008C,Barnet,North Central,Friern Barnet,North Central,borough
E01000274,Barnet 011C,Barnet,North Central,Friern Barnet,North Central,borough
E01000275,Barnet 012A,Barnet,North Central,Friern Barnet,North Central,borough
E01000276,Barnet 020A,Barnet,North Central,Friern Barnet,North Central,borough
E01000277,Barnet 012B,Barnet,North Central,Friern Barnet,North Central,borough
E01000278,Barnet 020B,Barnet,North Central,Friern Barnet,North Central,borough
E01000279,Barnet 007C,Barnet,North Central,Friern Barnet,North Central,borough
E01000280,Barnet 007D,Barnet,North Central,Friern Barnet,North Central,borough
E01000281,Barnet 008D,Barnet,North Central,Friern Barnet,North Central,borough
E01000282,Barnet 008E,Barnet,North Central,Friern Barnet,North Central,borough
E01000283,Barnet 012C,Barnet,North Central,Friern Barnet,North Central,borough
E01000284,Barnet 012D,Barnet,North Central,Friern Barnet,North Central,borough
E01000285,Barnet 004A,Barnet,North Central,Friern Barnet,North Central,borough
E01000286,Barnet 007E,Barnet,North Central,Friern Barnet,North Central,borough
E01000287,Barnet 004B,Barnet,North Central,Friern Barnet,North Central,borough
E01000288,Barnet 004C,Barnet,North Central,Friern Barnet,North Central,borough
E01000289,Barnet 004D,Barnet,North Central,Friern Barnet,North Central,borough
E01000290,Barnet 007F,Barnet,North Central,Friern Barnet,North Central,borough
E01000291,Barnet 004E,Barnet,North Central,Friern Barnet,North Central,borough
E01000292,Barnet 001E,Barnet,North Central,Friern Barnet,North Central,borough
E01000293,Barnet 001F,Barnet,North Central,Friern Barnet,North Central,borough
E01000294,Barnet 004F,Barnet,North Central,Friern Barnet,North Central,borough
E01000295,Barnet 023B,Barnet,North Central,Friern Barnet,North Central,borough
E01000296,Barnet 023C,Barnet,North Central,Friern Barnet,North Central,borough
E01000297,Barnet 027D,Barnet,North Central,Friern Barnet,North Central,borough
E01000298,Barnet 023D,Barnet,North Central,Friern Barnet,North Central,borough
E01000299,Barnet 019A,Barnet,North Central,Friern Barnet,North Central,borough
E01000300,Barnet 019B,Barnet,North Central,Friern Barnet,North Central,borough
E01000301,Barnet 020C,Barnet,North Central,Friern Barnet,North Central,borough
E01000302,Barnet 019C,Barnet,North Central,Friern Barnet,North Central,borough
E01000303,Barnet 020D,Barnet,North Central,Friern Barnet,North Central,borough
E01000304,Barnet 020E,Barnet,North Central,Friern Barnet,North Central,borough
E01000305,Barnet 036B,Barnet,North Central,Friern Barnet,North Central,borough
E01000306,Barnet 036C,Barnet,North Central,Friern Barnet,North Central,borough
E01000307,Barnet 039D,Barnet,North Central,Friern Barnet,North Central,borough
E01000308,Barnet 036D,Barnet,North Central,Friern Barnet,North Central,borough
E01000309,Barnet 031D,Barnet,North Central,Friern Barnet,North Central,borough
E01000310,Barnet 034C,Barnet,North Central,Friern Barnet,North Central,borough
E01000311,Barnet 034D,Barnet,North Central,Friern Barnet,North Central,borough
E01000312,Barnet 036E,Barnet,North Central,Friern Barnet,North Central,borough
E01000313,Barnet 036F,Barnet,North Central,Friern Barnet,North Central,borough
E01000314,Barnet 032F,Barnet,North Central,Friern Barnet,North Central,borough
E01000315,Barnet 022F,Barnet,North Central,Friern Barnet,North Central,borough
E01000316,Barnet 027E,Barnet,North Central,Friern Barnet,North Central,borough
E01000317,Barnet 019D,Barnet,North Central,Friern Barnet,North Central,borough
E01000318,Barnet 019E,Barnet,North Central,Friern Barnet,North Central,borough
E01000319,Barnet 027F,Barnet,North Central,Friern Barnet,North Central,borough
E01000320,Barnet 011D,Barnet,North Central,Friern Barnet,North Central,borough
E01000321,Barnet 012E,Barnet,North Central,Friern Barnet,North Central,borough
E01000322,Barnet 011E,Barnet,North Central,Friern Barnet,North Central,borough
E01000323,Barnet 019F,Barnet,North Central,Friern Barnet,North Central,borough
E01000324,Barnet 015F,Barnet,North Central,Friern Barnet,North Central,borough
E01000325,Bexley 014A,Bexley,South East,Greenwich,South East,borough
E01000326,Bexley 014B,Bexley,South East,Greenwich,South East,borough
E01000327,Bexley 017A,Bexley,South East,Greenwich,South East,borough
E01000328,Bexley 017B,Bexley,South East,Greenwich,South East,borough
E01000329,Bexley 017C,Bexley,South East,Greenwich,South East,borough
E01000330,Bexley 017D,Bexley,South East,Greenwich,South East,borough
E01000331,Bexley 017E,Bexley,South East,Greenwich,South East,borough
E01000332,Bexley 005A,Bexley,South East,Greenwich,South East,borough
E01000333,Bexley 003A,Bexley,South East,Greenwich,South East,borough
E01000334,Bexley 006A,Bexley,South East,Greenwich,South East,borough
E01000335,Bexley 003B,Bexley,South East,Greenwich,South East,borough
E01000336,Bexley 003C,Bexley,South East,Greenwich,South East,borough
E01000337,Bexley 003D,Bexley,South East,Greenwich,South East,borough
E01000338,Bexley 003E,Bexley,South East,Greenwich,South East,borough
E01000339,Bexley 025A,Bexley,South East,Greenwich,South East,borough
E01000340,Bexley 018A,Bexley,South East,Greenwich,South East,borough
E01000341,Bexley 022A,Bexley,South East,Greenwich,South East,borough
E01000342,Bexley 022B,Bexley,South East,Greenwich,South East,borough
E01000343,Bexley 022C,Bexley,South East,Greenwich,South East,borough
E01000344,Bexley 025B,Bexley,South East,Greenwich,South East,borough
E01000345,Bexley 022D,Bexley,South East,Greenwich,South East,borough
E01000346,Bexley 021A,Bexley,South East,Greenwich,South East,borough
E01000347,Bexley 021B,Bexley,South East,Greenwich,South East,borough
E01000348,Bexley 020A,Bexley,South East,Greenwich,South East,borough
E01000349,Bexley 020B,Bexley,South East,Greenwich,South East,borough
E01000350,Bexley 021C,Bexley,South East,Greenwich,South East,borough
E01000351,Bexley 024A,Bexley,South East,Greenwich,South East,borough
E01000352,Bexley 021D,Bexley,South East,Greenwich,South East,borough
E01000353,Bexley 011A,Bexley,South East,Greenwich,South East,borough
E01000354,Bexley 011B,Bexley,South East,Greenwich,South East,borough
E01000355,Bexley 011C,Bexley,South East,Greenwich,South East,borough
E01000356,Bexley 009A,Bexley,South East,Greenwich,South East,borough
E01000357,Bexley 009B,Bexley,South East,Greenwich,South East,borough
E01000358,Bexley 011D,Bexley,South East,Greenwich,South East,borough
E01000359,Bexley 009C,Bexley,South East,Greenwich,South East,borough
E01000360,Bexley 015A,Bexley,South East,Greenwich,South East,borough
E01000361,Bexley 020C,Bexley,South East,Greenwich,South East,borough
E01000362,Bexley 015B,Bexley,South East,Greenwich,South East,borough
E01000363,Bexley 020D,Bexley,South East,Greenwich,South East,borough
E01000364,Bexley 023A,Bexley,South East,Greenwich,South East,borough
E01000365,Bexley 015C,Bexley,South East,Greenwich,South East,borough
E01000366,Bexley 015D,Bexley,South East,Greenwich,South East,borough
E01000367,Bexley 010A,Bexley,South East,Greenwich,South East,borough
E01000368,Bexley 010B,Bexley,South East,Greenwich,South East,borough
E01000369,Bexley 014C,Bexley,South East,Greenwich,South East,borough
E01000370,Bexley 014D,Bexley,South East,Greenwich,South East,borough
E01000371,Bexley 014E,Bexley,South East,Greenwich,South East,borough
E01000372,Bexley 010C,Bexley,South East,Greenwich,South East,borough
E01000373,Bexley 008A,Bexley,South East,Greenwich,South East,borough
E01000374,Bexley 019A,Bexley,South East,Greenwich,South East,borough
E01000375,Bexley 019B,Bexley,South East,Greenwich,South East,borough
E01000376,Bexley 019C,Bexley,South East,Greenwich,South East,borough
E01000377,Bexley 019D,Bexley,South East,Greenwich,South East,borough
E01000379,Bexley 019F,Bexley,South East,Greenwich,South East,borough
E01000380,Bexley 010D,Bexley,South East,Greenwich,South East,borough
E01000381,Bexley 028A,Bexley,South East,Greenwich,South East,borough
E01000382,Bexley 027A,Bexley,South East,Greenwich,South East,borough
E01000383,Bexley 028B,Bexley,South East,Greenwich,South East,borough
E01000384,Bexley 027B,Bexley,South East,Greenwich,South East,borough
E01000385,Bexley 028C,Bexley,South East,Greenwich,South East,borough
E01000386,Bexley 028D,Bexley,South East,Greenwich,South East,borough
E01000387,Bexley 027C,Bexley,South East,Greenwich,South East,borough
E01000388,Bexley 016A,Bexley,South East,Greenwich,South East,borough
E01000389,Bexley 020E,Bexley,South East,Greenwich,South East,borough
E01000390,Bexley 020F,Bexley,South East,Greenwich,South East,borough
E01000391,Bexley 021E,Bexley,South East,Greenwich,South East,borough
E01000392,Bexley 016B,Bexley,South East,Greenwich,South East,borough
E01000393,Bexley 020G,Bexley,South East,Greenwich,South East,borough
E01000394,Bexley 015E,Bexley,South East,Greenwich,South East,borough
E01000395,Bexley 018B,Bexley,South East,Greenwich,South East,borough
E01000396,Bexley 018C,Bexley,South East,Greenwich,South East,borough
E01000398,Bexley 029A,Bexley,South East,Greenwich,South East,borough
E01000399,Bexley 029B,Bexley,South East,Greenwich,South East,borough
E01000400,Bexley 029C,Bexley,South East,Greenwich,South East,borough
E01000401,Bexley 013A,Bexley,South East,Greenwich,South East,borough
E01000402,Bexley 005B,Bexley,South East,Greenwich,South East,borough
E01000403,Bexley 004A,Bexley,South East,Greenwich,South East,borough
E01000404,Bexley 004B,Bexley,South East,Greenwich,South East,borough
E01000405,Bexley 004C,Bexley,South East,Greenwich,South East,borough
E01000406,Bexley 005C,Bexley,South East,Greenwich,South East,borough
E01000407,Bexley 005D,Bexley,South East,Greenwich,South East,borough
E01000408,Bexley 004D,Bexley,South East,Greenwich,South East,borough
E01000409,Bexley 016C,Bexley,South East,Greenwich,South East,borough
E01000410,Bexley 018D,Bexley,South East,Greenwich,South East,borough
E01000411,Bexley 016D,Bexley,South East,Greenwich,South East,borough
E01000412,Bexley 018E,Bexley,South East,Greenwich,South East,borough
E01000413,Bexley 018F,Bexley,South East,Greenwich,South East,borough
E01000414,Bexley 016E,Bexley,South East,Greenwich,South East,borough
E01000415,Bexley 016F,Bexley,South East,Greenwich,South East,borough
E01000416,Bexley 002A,Bexley,South East,Greenwich,South East,borough
E01000417,Bexley 006B,Bexley,South East,Greenwich,South East,borough
E01000418,Bexley 002B,Bexley,South East,Greenwich,South East,borough
E01000419,Bexley 006C,Bexley,South East,Greenwich,South East,borough
E01000420,Bexley 006D,Bexley,South East,Greenwich,South East,borough
E01000421,Bexley 009D,Bexley,South East,Greenwich,South East,borough
E01000422,Bexley 002C,Bexley,South East,Greenwich,South East,borough
E01000423,Bexley 025C,Bexley,South East,Greenwich,South East,borough
E01000424,Bexley 026A,Bexley,South East,Greenwich,South East,borough
E01000425,Bexley 025D,Bexley,South East,Greenwich,South East,borough
E01000426,Bexley 026B,Bexley,South East,Greenwich,South East,borough
E01000427,Bexley 026C,Bexley,South East,Greenwich,South East,borough
E01000428,Bexley 027D,Bexley,South East,Greenwich,South East,borough
E01000429,Bexley 008B,Bexley,South East,Greenwich,South East,borough
E01000430,Bexley 008C,Bexley,South East,Greenwich,South East,borough
E01000431,Bexley 008D,Bexley,South East,Greenwich,South East,borough
E01000433,Bexley 008F,Bexley,South East,Greenwich,South East,borough
E01000434,Bexley 008G,Bexley,South East,Greenwich,South East,borough
E01000435,Bexley 010E,Bexley,South East,Greenwich,South East,borough
E01000436,Bexley 011E,Bexley,South East,Greenwich,South East,borough
E01000437,Bexley 007A,Bexley,South East,Greenwich,South East,borough
E01000438,Bexley 007B,Bexley,South East,Greenwich,South East,borough
E01000439,Bexley 007C,Bexley,South East,Greenwich,South East,borough
E01000440,Bexley 007D,Bexley,South East,Greenwich,South East,borough
E01000441,Bexley 007E,Bexley,South East,Greenwich,South East,borough
E01000442,Bexley 006E,Bexley,South East,Greenwich,South East,borough
E01000443,Bexley 024B,Bexley,South East,Greenwich,South East,borough
E01000444,Bexley 023B,Bexley,South East,Greenwich,South East,borough
E01000445,Bexley 024C,Bexley,South East,Greenwich,South East,borough
E01000446,Bexley 024D,Bexley,South East,Greenwich,South East,borough
E01000447,Bexley 023C,Bexley,South East,Greenwich,South East,borough
E01000448,Bexley 023D,Bexley,South East,Greenwich,South East,borough
E01000449,Bexley 023E,Bexley,South East,Greenwich,South East,borough
E01000450,Bexley 009E,Bexley,South East,Greenwich,South East,borough
E01000451,Bexley 009F,Bexley,South East,Greenwich,South East,borough
E01000452,Bexley 009G,Bexley,South East,Greenwich,South East,borough
E01000453,Bexley 013B,Bexley,South East,Greenwich,South East,borough
E01000454,Bexley 013C,Bexley,South East,Greenwich,South East,borough
E01000455,Bexley 013D,Bexley,South East,Greenwich,South East,borough
E01000456,Bexley 013E,Bexley,South East,Greenwich,South East,borough
E01000457,Bexley 026D,Bexley,South East,Greenwich,South East,borough
E01000458,Bexley 027E,Bexley,South East,Greenwich,South East,borough
E01000459,Bexley 027F,Bexley,South East,Greenwich,South East,borough
E01000460,Bexley 022E,Bexley,South East,Greenwich,South East,borough
E01000461,Bexley 024E,Bexley,South East,Greenwich,South East,borough
E01000462,Bexley 026E,Bexley,South East,Greenwich,South East,borough
E01000463,Bexley 025E,Bexley,South East,Greenwich,South East,borough
E01000464,Bexley 002D,Bexley,South East,Greenwich,South East,borough
E01000465,Bexley 002E,Bexley,South East,Greenwich,South East,borough
E01000466,Bexley 001A,Bexley,South East,Greenwich,South East,borough
E01000467,Bexley 001B,Bexley,South East,Greenwich,South East,borough
E01000468,Bexley 001C,Bexley,South East,Greenwich,South East,borough
E01000469,Bexley 001D,Bexley,South East,Greenwich,South East,borough
E01000470,Bexley 002F,Bexley,South East,Greenwich,South East,borough
E01000471,Brent 026A,Brent,North West,Brent,North West,borough
E01000472,Brent 029A,Brent,North West,Brent,North West,borough
E01000473,Brent 029B,Brent,North West,Brent,North West,borough
E01000474,Brent 026B,Brent,North West,Brent,North West,borough
E01000475,Brent 029C,Brent,North West,Brent,North West,borough
E01000476,Brent 026C,Brent,North West,Brent,North West,borough
E01000477,Brent 026D,Brent,North West,Brent,North West,borough
E01000478,Brent 029D,Brent,North West,Brent,North West,borough
E01000479,Brent 009A,Brent,North West,Brent,North West,borough
E01000480,Brent 006A,Brent,North West,Brent,North West,borough
E01000481,Brent 009B,Brent,North West,Brent,North West,borough
E01000483,Brent 009D,Brent,North West,Brent,North West,borough
E01000484,Brent 006B,Brent,North West,Brent,North West,borough
E01000485,Brent 006C,Brent,North West,Brent,North West,borough
E01000486,Brent 006D,Brent,North West,Brent,North West,borough
E01000487,Brent 006E,Brent,North West,Brent,North West,borough
E01000488,Brent 022A,Brent,North West,Brent,North West,borough
E01000489,Brent 030A,Brent,North West,Brent,North West,borough
E01000490,Brent 023A,Brent,North West,Brent,North West,borough
E01000491,Brent 030B,Brent,North West,Brent,North West,borough
E01000492,Brent 030C,Brent,North West,Brent,North West,borough
E01000493,Brent 030D,Brent,North West,Brent,North West,borough
E01000494,Brent 023B,Brent,North West,Brent,North West,borough
E01000495,Brent 023C,Brent,North West,Brent,North West,borough
E01000497,Brent 011A,Brent,North West,Brent,North West,borough
E01000498,Brent 010B,Brent,North West,Brent,North West,borough
E01000499,Brent 011B,Brent,North West,Brent,North West,borough
E01000501,Brent 011C,Brent,North West,Brent,North West,borough
E01000502,Brent 011D,Brent,North West,Brent,North West,borough
E01000503,Brent 011E,Brent,North West,Brent,North West,borough
E01000504,Brent 018A,Brent,North West,Brent,North West,borough
E01000505,Brent 018B,Brent,North West,Brent,North West,borough
E01000506,Brent 014A,Brent,North West,Brent,North West,borough
E01000507,Brent 018C,Brent,North West,Brent,North West,borough
E01000508,Brent 025A,Brent,North West,Brent,North West,borough
E01000509,Brent 014B,Brent,North West,Brent,North West,borough
E01000510,Brent 014C,Brent,North West,Brent,North West,borough
E01000511,Brent 014D,Brent,North West,Brent,North West,borough
E01000512,Brent 018D,Brent,North West,Brent,North West,borough
E01000513,Brent 002A,Brent,North West,Brent,North West,borough
E01000514,Brent 002B,Brent,North West,Brent,North West,borough
E01000515,Brent 003A,Brent,North West,Brent,North West,borough
E01000516,Brent 002C,Brent,North West,Brent,North West,borough
E01000517,Brent 003B,Brent,North West,Brent,North West,borough
E01000518,Brent 005A,Brent,North West,Brent,North West,borough
E01000519,Brent 005B,Brent,North West,Brent,North West,borough
E01000520,Brent 002D,Brent,North West,Brent,North West,borough
E01000521,Brent 025B,Brent,North West,Brent,North West,borough
E01000522,Brent 025C,Brent,North West,Brent,North West,borough
E01000523,Brent 031A,Brent,North West,Brent,North West,borough
E01000524,Brent 031B,Brent,North West,Brent,North West,borough
E01000525,Brent 031C,Brent,North West,Brent,North West,borough
E01000526,Brent 025D,Brent,North West,Brent,North West,borough
E01000527,Brent 025E,Brent,North West,Brent,North West,borough
E01000528,Brent 025F,Brent,North West,Brent,North West,borough
E01000530,Brent 033A,Brent,North West,Brent,North West,borough
E01000531,Brent 033B,Brent,North West,Brent,North West,borough
E01000532,Brent 033C,Brent,North West,Brent,North West,borough
E01000533,Brent 031E,Brent,North West,Brent,North West,borough
E01000534,Brent 033D,Brent,North West,Brent,North West,borough
E01000535,Brent 031F,Brent,North West,Brent,North West,borough
E01000536,Brent 004A,Brent,North West,Brent,North West,borough
E01000538,Brent 004B,Brent,North West,Brent,North West,borough
E01000539,Brent 004C,Brent,North West,Brent,North West,borough
E01000540,Brent 004D,Brent,North West,Brent,North West,borough
E01000541,Brent 004E,Brent,North West,Brent,North West,borough
E01000543,Brent 003E,Brent,North West,Brent,North West,borough
E01000544,Brent 034A,Brent,North West,Brent,North West,borough
E01000545,Brent 028A,Brent,North West,Brent,North West,borough
E01000546,Brent 028B,Brent,North West,Brent,North West,borough
E01000547,Brent 028C,Brent,North West,Brent,North West,borough
E01000548,Brent 028D,Brent,North West,Brent,North West,borough
E01000549,Brent 028E,Brent,North West,Brent,North West,borough
E01000550,Brent 034B,Brent,North West,Brent,North West,borough
E01000551,Brent 034C,Brent,North West,Brent,North West,borough
E01000552,Brent 034D,Brent,North West,Brent,North West,borough
E01000553,Brent 015A,Brent,North West,Brent,North West,borough
E01000554,Brent 015B,Brent,North West,Brent,North West,borough
E01000555,Brent 015C,Brent,North West,Brent,North West,borough
E01000556,Brent 015D,Brent,North West,Brent,North West,borough
E01000557,Brent 015E,Brent,North West,Brent,North West,borough
E01000558,Brent 015F,Brent,North West,Brent,North West,borough
E01000559,Brent 018E,Brent,North West,Brent,North West,borough
E01000560,Brent 023D,Brent,North West,Brent,North West,borough
E01000561,Brent 023E,Brent,North West,Brent,North West,borough
E01000562,Brent 008A,Brent,North West,Brent,North West,borough
E01000563,Brent 008B,Brent,North West,Brent,North West,borough
E01000564,Brent 013A,Brent,North West,Brent,North West,borough
E01000565,Brent 013B,Brent,North West,Brent,North West,borough
E01000566,Brent 008C,Brent,North West,Brent,North West,borough
E01000567,Brent 016A,Brent,North West,Brent,North West,borough
E01000568,Brent 008D,Brent,North West,Brent,North West,borough
E01000569,Brent 008E,Brent,North West,Brent,North West,borough
E01000570,Brent 012A,Brent,North West,Brent,North West,borough
E01000571,Brent 012B,Brent,North West,Brent,North West,borough
E01000572,Brent 007A,Brent,North West,Brent,North West,borough
E01000573,Brent 007B,Brent,North West,Brent,North West,borough
E01000574,Brent 007C,Brent,North West,Brent,North West,borough
E01000575,Brent 007D,Brent,North West,Brent,North West,borough
E01000576,Brent 012C,Brent,North West,Brent,North West,borough
E01000577,Brent 007E,Brent,North West,Brent,North West,borough
E01000578,Brent 012D,Brent,North West,Brent,North West,borough
E01000579,Brent 032A,Brent,North West,Brent,North West,borough
E01000580,Brent 032B,Brent,North West,Brent,North West,borough
E01000581,Brent 030E,Brent,North West,Brent,North West,borough
E01000582,Brent 032C,Brent,North West,Brent,North West,borough
E01000583,Brent 032D,Brent,North West,Brent,North West,borough
E01000584,Brent 033E,Brent,North West,Brent,North West,borough
E01000585,Brent 033F,Brent,North West,Brent,North West,borough
E01000586,Brent 032E,Brent,North West,Brent,North West,borough
E01000587,Brent 001A,Brent,North West,Brent,North West,borough
E01000589,Brent 001B,Brent,North West,Brent,North West,borough
E01000590,Brent 001C,Brent,North West,Brent,North West,borough
E01000591,Brent 003F,Brent,North West,Brent,North West,borough
E01000592,Brent 001D,Brent,North West,Brent,North West,borough
E01000593,Brent 001E,Brent,North West,Brent,North West,borough
E01000594,Brent 001F,Brent,North West,Brent,North West,borough
E01000595,Brent 027A,Brent,North West,Brent,North West,borough
E01000596,Brent 021A,Brent,North West,Brent,North West,borough
E01000599,Brent 027D,Brent,North West,Brent,North West,borough
E01000601,Brent 021B,Brent,North West,Brent,North West,borough
E01000602,Brent 021C,Brent,North West,Brent,North West,borough
E01000603,Brent 021D,Brent,North West,Brent,North West,borough
E01000604,Brent 021E,Brent,North West,Brent,North West,borough
E01000605,Brent 021F,Brent,North West,Brent,North West,borough
E01000606,Brent 016B,Brent,North West,Brent,North West,borough
E01000607,Brent 013C,Brent,North West,Brent,North West,borough
E01000608,Brent 013D,Brent,North West,Brent,North West,borough
E01000609,Brent 016C,Brent,North West,Brent,North West,borough
E01000610,Brent 019A,Brent,North West,Brent,North West,borough
E01000611,Brent 016D,Brent,North West,Brent,North West,borough
E01000612,Brent 019B,Brent,North West,Brent,North West,borough
E01000613,Brent 013E,Brent,North West,Brent,North West,borough
E01000615,Brent 036A,Brent,North West,Brent,North West,borough
E01000616,Brent 020A,Brent,North West,Brent,North West,borough
E01000617,Brent 036B,Brent,North West,Brent,North West,borough
E01000618,Brent 036D,Brent,North West,Brent,North West,borough
E01000619,Brent 036C,Brent,North West,Brent,North West,borough
E01000620,Brent 020B,Brent,North West,Brent,North West,borough
E01000621,Brent 020C,Brent,North West,Brent,North West,borough
E01000622,Brent 010D,Brent,North West,Brent,North West,borough
E01000623,Brent 005C,Brent,North West,Brent,North West,borough
E01000624,Brent 005D,Brent,North West,Brent,North West,borough
E01000625,Brent 009E,Brent,North West,Brent,North West,borough
E01000626,Brent 010E,Brent,North West,Brent,North West,borough
E01000627,Brent 014E,Brent,North West,Brent,North West,borough
E01000628,Brent 014F,Brent,North West,Brent,North West,borough
E01000629,Brent 005E,Brent,North West,Brent,North West,borough
E01000630,Brent 026E,Brent,North West,Brent,North West,borough
E01000631,Brent 019C,Brent,North West,Brent,North West,borough
E01000632,Brent 029E,Brent,North West,Brent,North West,borough
E01000633,Brent 019D,Brent,North West,Brent,North West,borough
E01000634,Brent 019E,Brent,North West,Brent,North West,borough
E01000636,Brent 020E,Brent,North West,Brent,North West,borough
E01000637,Brent 022B,Brent,North West,Brent,North West,borough
E01000638,Brent 024A,Brent,North West,Brent,North West,borough
E01000639,Brent 022C,Brent,North West,Brent,North West,borough
E01000640,Brent 024B,Brent,North West,Brent,North West,borough
E01000641,Brent 024C,Brent,North West,Brent,North West,borough
E01000642,Brent 022D,Brent,North West,Brent,North West,borough
E01000643,Brent 024D,Brent,North West,Brent,North West,borough
E01000644,Brent 022E,Brent,North West,Brent,North West,borough
E01000645,Bromley 007A,Bromley,South East,Bromley,South East,borough
E01000646,Bromley 016A,Bromley,South East,Bromley,South East,borough
E01000647,Bromley 016B,Bromley,South East,Bromley,South East,borough
E01000648,Bromley 016C,Bromley,South East,Bromley,South East,borough
E01000649,Bromley 007B,Bromley,South East,Bromley,South East,borough
E01000650,Bromley 022A,Bromley,South East,Bromley,South East,borough
E01000651,Bromley 020A,Bromley,South East,Bromley,South East,borough
E01000652,Bromley 022B,Bromley,South East,Bromley,South East,borough
E01000653,Bromley 016D,Bromley,South East,Bromley,South East,borough
E01000654,Bromley 039A,Bromley,South East,Bromley,South East,borough
E01000655,Bromley 039B,Bromley,South East,Bromley,South East,borough
E01000656,Bromley 039C,Bromley,South East,Bromley,South East,borough
E01000657,Bromley 039D,Bromley,South East,Bromley,South East,borough
E01000658,Bromley 042A,Bromley,South East,Bromley,South East,borough
E01000659,Bromley 039E,Bromley,South East,Bromley,South East,borough
E01000661,Bromley 026A,Bromley,South East,Bromley,South East,borough
E01000662,Bromley 026B,Bromley,South East,Bromley,South East,borough
E01000663,Bromley 026C,Bromley,South East,Bromley,South East,borough
E01000664,Bromley 026D,Bromley,South East,Bromley,South East,borough
E01000665,Bromley 033A,Bromley,South East,Bromley,South East,borough
E01000666,Bromley 033B,Bromley,South East,Bromley,South East,borough
E01000667,Bromley 033C,Bromley,South East,Bromley,South East,borough
E01000668,Bromley 020B,Bromley,South East,Bromley,South East,borough
E01000669,Bromley 020C,Bromley,South East,Bromley,South East,borough
E01000670,Bromley 018A,Bromley,South East,Bromley,South East,borough
E01000671,Bromley 020D,Bromley,South East,Bromley,South East,borough
E01000672,Bromley 011A,Bromley,South East,Bromley,South East,borough
E01000673,Bromley 011B,Bromley,South East,Bromley,South East,borough
E01000674,Bromley 008A,Bromley,South East,Bromley,South East,borough
E01000676,Bromley 008B,Bromley,South East,Bromley,South East,borough
E01000677,Bromley 018C,Bromley,South East,Bromley,South East,borough
E01000678,Bromley 016E,Bromley,South East,Bromley,South East,borough
E01000679,Bromley 020E,Bromley,South East,Bromley,South East,borough
E01000680,Bromley 037A,Bromley,South East,Bromley,South East,borough
E01000681,Bromley 035A,Bromley,South East,Bromley,South East,borough
E01000682,Bromley 035B,Bromley,South East,Bromley,South East,borough
E01000683,Bromley 035C,Bromley,South East,Bromley,South East,borough
E01000684,Bromley 035D,Bromley,South East,Bromley,South East,borough
E01000685,Bromley 037B,Bromley,South East,Bromley,South East,borough
E01000686,Bromley 037C,Bromley,South East,Bromley,South East,borough
E01000687,Bromley 037D,Bromley,South East,Bromley,South East,borough
E01000688,Bromley 037E,Bromley,South East,Bromley,South East,borough
E01000689,Bromley 002A,Bromley,South East,Bromley,South East,borough
E01000690,Bromley 002B,Bromley,South East,Bromley,South East,borough
E01000691,Bromley 002C,Bromley,South East,Bromley,South East,borough
E01000692,Bromley 002D,Bromley,South East,Bromley,South East,borough
E01000693,Bromley 010A,Bromley,South East,Bromley,South East,borough
E01000694,Bromley 007C,Bromley,South East,Bromley,South East,borough
E01000695,Bromley 007D,Bromley,South East,Bromley,South East,borough
E01000696,Bromley 007E,Bromley,South East,Bromley,South East,borough
E01000697,Bromley 007F,Bromley,South East,Bromley,South East,borough
E01000698,Bromley 010B,Bromley,South East,Bromley,South East,borough
E01000699,Bromley 015A,Bromley,South East,Bromley,South East,borough
E01000700,Bromley 013A,Bromley,South East,Bromley,South East,borough
E01000701,Bromley 015B,Bromley,South East,Bromley,South East,borough
E01000702,Bromley 013B,Bromley,South East,Bromley,South East,borough
E01000703,Bromley 013C,Bromley,South East,Bromley,South East,borough
E01000704,Bromley 015C,Bromley,South East,Bromley,South East,borough
E01000705,Bromley 015D,Bromley,South East,Bromley,South East,borough
E01000706,Bromley 013D,Bromley,South East,Bromley,South East,borough
E01000707,Bromley 041A,Bromley,South East,Bromley,South East,borough
E01000708,Bromley 041B,Bromley,South East,Bromley,South East,borough
E01000709,Bromley 006A,Bromley,South East,Bromley,South East,borough
E01000710,Bromley 006B,Bromley,South East,Bromley,South East,borough
E01000711,Bromley 006C,Bromley,South East,Bromley,South East,borough
E01000712,Bromley 012A,Bromley,South East,Bromley,South East,borough
E01000713,Bromley 012B,Bromley,South East,Bromley,South East,borough
E01000714,Bromley 006D,Bromley,South East,Bromley,South East,borough
E01000715,Bromley 012C,Bromley,South East,Bromley,South East,borough
E01000716,Bromley 011C,Bromley,South East,Bromley,South East,borough
E01000717,Bromley 011D,Bromley,South East,Bromley,South East,borough
E01000718,Bromley 006E,Bromley,South East,Bromley,South East,borough
E01000719,Bromley 019A,Bromley,South East,Bromley,South East,borough
E01000720,Bromley 019B,Bromley,South East,Bromley,South East,borough
E01000721,Bromley 019C,Bromley,South East,Bromley,South East,borough
E01000722,Bromley 023A,Bromley,South East,Bromley,South East,borough
E01000723,Bromley 029A,Bromley,South East,Bromley,South East,borough
E01000724,Bromley 019D,Bromley,South East,Bromley,South East,borough
E01000725,Bromley 023B,Bromley,South East,Bromley,South East,borough
E01000726,Bromley 029B,Bromley,South East,Bromley,South East,borough
E01000727,Bromley 028A,Bromley,South East,Bromley,South East,borough
E01000728,Bromley 019E,Bromley,South East,Bromley,South East,borough
E01000729,Bromley 014A,Bromley,South East,Bromley,South East,borough
E01000730,Bromley 014B,Bromley,South East,Bromley,South East,borough
E01000731,Bromley 023C,Bromley,South East,Bromley,South East,borough
E01000732,Bromley 023D,Bromley,South East,Bromley,South East,borough
E01000733,Bromley 023E,Bromley,South East,Bromley,South East,borough
E01000734,Bromley 028B,Bromley,South East,Bromley,South East,borough
E01000735,Bromley 014C,Bromley,South East,Bromley,South East,borough
E01000736,Bromley 010C,Bromley,South East,Bromley,South East,borough
E01000737,Bromley 010D,Bromley,South East,Bromley,South East,borough
E01000738,Bromley 014D,Bromley,South East,Bromley,South East,borough
E01000739,Bromley 014E,Bromley,South East,Bromley,South East,borough
E01000741,Bromley 005B,Bromley,South East,Bromley,South East,borough
E01000742,Bromley 005C,Bromley,South East,Bromley,South East,borough
E01000743,Bromley 009A,Bromley,South East,Bromley,South East,borough
E01000744,Bromley 009B,Bromley,South East,Bromley,South East,borough
E01000745,Bromley 005D,Bromley,South East,Bromley,South East,borough
E01000746,Bromley 005E,Bromley,South East,Bromley,South East,borough
E01000747,Bromley 042B,Bromley,South East,Bromley,South East,borough
E01000748,Bromley 042C,Bromley,South East,Bromley,South East,borough
E01000749,Bromley 036A,Bromley,South East,Bromley,South East,borough
E01000750,Bromley 036B,Bromley,South East,Bromley,South East,borough
E01000751,Bromley 036C,Bromley,South East,Bromley,South East,borough
E01000752,Bromley 036D,Bromley,South East,Bromley,South East,borough
E01000753,Bromley 031A,Bromley,South East,Bromley,South East,borough
E01000754,Bromley 031B,Bromley,South East,Bromley,South East,borough
E01000755,Bromley 031C,Bromley,South East,Bromley,South East,borough
E01000756,Bromley 033D,Bromley,South East,Bromley,South East,borough
E01000757,Bromley 031D,Bromley,South East,Bromley,South East,borough
E01000758,Bromley 031E,Bromley,South East,Bromley,South East,borough
E01000759,Bromley 034A,Bromley,South East,Bromley,South East,borough
E01000760,Bromley 034B,Bromley,South East,Bromley,South East,borough
E01000761,Bromley 034C,Bromley,South East,Bromley,South East,borough
E01000762,Bromley 018D,Bromley,South East,Bromley,South East,borough
E01000763,Bromley 027A,Bromley,South East,Bromley,South East,borough
E01000764,Bromley 027B,Bromley,South East,Bromley,South East,borough
E01000765,Bromley 034D,Bromley,South East,Bromley,South East,borough
E01000766,Bromley 027C,Bromley,South East,Bromley,South East,borough
E01000767,Bromley 027D,Bromley,South East,Bromley,South East,borough
E01000768,Bromley 034E,Bromley,South East,Bromley,South East,borough
E01000769,Bromley 024A,Bromley,South East,Bromley,South East,borough
E01000770,Bromley 012D,Bromley,South East,Bromley,South East,borough
E01000771,Bromley 041C,Bromley,South East,Bromley,South East,borough
E01000772,Bromley 012E,Bromley,South East,Bromley,South East,borough
E01000773,Bromley 024B,Bromley,South East,Bromley,South East,borough
E01000774,Bromley 041D,Bromley,South East,Bromley,South East,borough
E01000775,Bromley 024C,Bromley,South East,Bromley,South East,borough
E01000777,Bromley 024D,Bromley,South East,Bromley,South East,borough
E01000778,Bromley 024E,Bromley,South East,Bromley,South East,borough
E01000779,Bromley 001A,Bromley,South East,Bromley,South East,borough
E01000780,Bromley 001B,Bromley,South East,Bromley,South East,borough
E01000781,Bromley 001C,Bromley,South East,Bromley,South East,borough
E01000782,Bromley 001D,Bromley,South East,Bromley,South East,borough
E01000783,Bromley 001E,Bromley,South East,Bromley,South East,borough
E01000784,Bromley 002E,Bromley,South East,Bromley,South East,borough
E01000785,Bromley 001F,Bromley,South East,Bromley,South East,borough
E01000786,Bromley 032A,Bromley,South East,Bromley,South East,borough
E01000787,Bromley 029C,Bromley,South East,Bromley,South East,borough
E01000788,Bromley 029D,Bromley,South East,Bromley,South East,borough
E01000789,Bromley 032B,Bromley,South East,Bromley,South East,borough
E01000790,Bromley 028C,Bromley,South East,Bromley,South East,borough
E01000791,Bromley 029E,Bromley,South East,Bromley,South East,borough
E01000792,Bromley 032C,Bromley,South East,Bromley,South East,borough
E01000793,Bromley 032D,Bromley,South East,Bromley,South East,borough
E01000794,Bromley 035E,Bromley,South East,Bromley,South East,borough
E01000795,Bromley 032E,Bromley,South East,Bromley,South East,borough
E01000796,Bromley 009C,Bromley,South East,Bromley,South East,borough
E01000797,Bromley 013E,Bromley,South East,Bromley,South East,borough
E01000798,Bromley 009D,Bromley,South East,Bromley,South East,borough
E01000799,Bromley 004A,Bromley,South East,Bromley,South East,borough
E01000800,Bromley 009E,Bromley,South East,Bromley,South East,borough
E01000801,Bromley 015E,Bromley,South East,Bromley,South East,borough
E01000802,Bromley 004B,Bromley,South East,Bromley,South East,borough
E01000803,Bromley 004C,Bromley,South East,Bromley,South East,borough
E01000804,Bromley 004D,Bromley,South East,Bromley,South East,borough
E01000805,Bromley 004E,Bromley,South East,Bromley,South East,borough
E01000806,Bromley 009F,Bromley,South East,Bromley,South East,borough
E01000807,Bromley 022C,Bromley,South East,Bromley,South East,borough
E01000808,Bromley 025A,Bromley,South East,Bromley,South East,borough
E01000809,Bromley 022D,Bromley,South East,Bromley,South East,borough
E01000810,Bromley 025B,Bromley,South East,Bromley,South East,borough
E01000811,Bromley 025C,Bromley,South East,Bromley,South East,borough
E01000812,Bromley 028D,Bromley,South East,Bromley,South East,borough
E01000813,Bromley 025D,Bromley,South East,Bromley,South East,borough
E01000814,Bromley 028E,Bromley,South East,Bromley,South East,borough
E01000815,Bromley 025E,Bromley,South East,Bromley,South East,borough
E01000816,Bromley 040A,Bromley,South East,Bromley,South East,borough
E01000818,Bromley 040B,Bromley,South East,Bromley,South East,borough
E01000819,Bromley 040C,Bromley,South East,Bromley,South East,borough
E01000820,Bromley 008C,Bromley,South East,Bromley,South East,borough
E01000822,Bromley 008D,Bromley,South East,Bromley,South East,borough
E01000823,Bromley 008E,Bromley,South East,Bromley,South East,borough
E01000824,Bromley 008F,Bromley,South East,Bromley,South East,borough
E01000825,Bromley 008G,Bromley,South East,Bromley,South East,borough
E01000826,Bromley 021A,Bromley,South East,Bromley,South East,borough
E01000827,Bromley 021B,Bromley,South East,Bromley,South East,borough
E01000828,Bromley 011E,Bromley,South East,Bromley,South East,borough
E01000829,Bromley 018E,Bromley,South East,Bromley,South East,borough
E01000830,Bromley 021C,Bromley,South East,Bromley,South East,borough
E01000831,Bromley 021D,Bromley,South East,Bromley,South East,borough
E01000832,Bromley 030A,Bromley,South East,Bromley,South East,borough
E01000833,Bromley 021E,Bromley,South East,Bromley,South East,borough
E01000834,Bromley 027E,Bromley,South East,Bromley,South East,borough
E01000835,Bromley 030B,Bromley,South East,Bromley,South East,borough
E01000836,Bromley 030C,Bromley,South East,Bromley,South East,borough
E01000837,Bromley 030D,Bromley,South East,Bromley,South East,borough
E01000838,Bromley 030E,Bromley,South East,Bromley,South East,borough
E01000839,Bromley 030F,Bromley,South East,Bromley,South East,borough
E01000840,Bromley 030G,Bromley,South East,Bromley,South East,borough
E01000841,Bromley 030H,Bromley,South East,Bromley,South East,borough
E01000842,Camden 011A,Camden,North Central,Camden,North Central,borough
E01000843,Camden 014A,Camden,North Central,Camden,North Central,borough
E01000844,Camden 011B,Camden,North Central,Camden,North Central,borough
E01000845,Camden 014B,Camden,North Central,Camden,North Central,borough
E01000846,Camden 014C,Camden,North Central,Camden,North Central,borough
E01000847,Camden 014D,Camden,North Central,Camden,North Central,borough
E01000848,Camden 011C,Camden,North Central,Camden,North Central,borough
E01000849,Camden 011D,Camden,North Central,Camden,North Central,borough
E01000850,Camden 026A,Camden,North Central,Camden,North Central,borough
E01000851,Camden 026B,Camden,North Central,Camden,North Central,borough
E01000853,Camden 029H,Camden,North Central,Camden,North Central,borough
E01000855,Camden 028A,Camden,North Central,Camden,North Central,borough
E01000856,Camden 019A,Camden,North Central,Camden,North Central,borough
E01000857,Camden 018A,Camden,North Central,Camden,North Central,borough
E01000858,Camden 018B,Camden,North Central,Camden,North Central,borough
E01000859,Camden 018C,Camden,North Central,Camden,North Central,borough
E01000860,Camden 018D,Camden,North Central,Camden,North Central,borough
E01000861,Camden 019B,Camden,North Central,Camden,North Central,borough
E01000862,Camden 018E,Camden,North Central,Camden,North Central,borough
E01000863,Camden 021A,Camden,North Central,Camden,North Central,borough
E01000866,Camden 009A,Camden,North Central,Camden,North Central,borough
E01000867,Camden 015C,Camden,North Central,Camden,North Central,borough
E01000868,Camden 015D,Camden,North Central,Camden,North Central,borough
E01000869,Camden 015E,Camden,North Central,Camden,North Central,borough
E01000870,Camden 009B,Camden,North Central,Camden,North Central,borough
E01000871,Camden 005A,Camden,North Central,Camden,North Central,borough
E01000872,Camden 005B,Camden,North Central,Camden,North Central,borough
E01000873,Camden 005C,Camden,North Central,Camden,North Central,borough
E01000874,Camden 005D,Camden,North Central,Camden,North Central,borough
E01000875,Camden 013A,Camden,North Central,Camden,North Central,borough
E01000876,Camden 013B,Camden,North Central,Camden,North Central,borough
E01000877,Camden 005E,Camden,North Central,Camden,North Central,borough
E01000878,Camden 004A,Camden,North Central,Camden,North Central,borough
E01000879,Camden 004B,Camden,North Central,Camden,North Central,borough
E01000880,Camden 004C,Camden,North Central,Camden,North Central,borough
E01000881,Camden 008A,Camden,North Central,Camden,North Central,borough
E01000882,Camden 008B,Camden,North Central,Camden,North Central,borough
E01000883,Camden 008C,Camden,North Central,Camden,North Central,borough
E01000884,Camden 004D,Camden,North Central,Camden,North Central,borough
E01000885,Camden 004E,Camden,North Central,Camden,North Central,borough
E01000886,Camden 006A,Camden,North Central,Camden,North Central,borough
E01000887,Camden 006B,Camden,North Central,Camden,North Central,borough
E01000888,Camden 006C,Camden,North Central,Camden,North Central,borough
E01000889,Camden 007A,Camden,North Central,Camden,North Central,borough
E01000890,Camden 007B,Camden,North Central,Camden,North Central,borough
E01000891,Camden 007C,Camden,North Central,Camden,North Central,borough
E01000892,Camden 006D,Camden,North Central,Camden,North Central,borough
E01000893,Camden 002A,Camden,North Central,Camden,North Central,borough
E01000894,Camden 002B,Camden,North Central,Camden,North Central,borough
E01000895,Camden 002C,Camden,North Central,Camden,North Central,borough
E01000896,Camden 002D,Camden,North Central,Camden,North Central,borough
E01000897,Camden 008D,Camden,North Central,Camden,North Central,borough
E01000898,Camden 008E,Camden,North Central,Camden,North Central,borough
E01000899,Camden 002E,Camden,North Central,Camden,North Central,borough
E01000900,Camden 012A,Camden,North Central,Camden,North Central,borough
E01000901,Camden 007D,Camden,North Central,Camden,North Central,borough
E01000902,Camden 012B,Camden,North Central,Camden,North Central,borough
E01000903,Camden 006E,Camden,North Central,Camden,North Central,borough
E01000904,Camden 012C,Camden,North Central,Camden,North Central,borough
E01000905,Camden 012D,Camden,North Central,Camden,North Central,borough
E01000906,Camden 012E,Camden,North Central,Camden,North Central,borough
E01000907,Camden 001A,Camden,North Central,Camden,North Central,borough
E01000908,Camden 001B,Camden,North Central,Camden,North Central,borough
E01000909,Camden 001C,Camden,North Central,Camden,North Central,borough
E01000910,Camden 003A,Camden,North Central,Camden,North Central,borough
E01000911,Camden 003B,Camden,North Central,Camden,North Central,borough
E01000912,Camden 001D,Camden,North Central,Camden,North Central,borough
E01000913,Camden 001E,Camden,North Central,Camden,North Central,borough
E01000914,Camden 028B,Camden,North Central,Camden,North Central,borough
E01000915,Camden 027A,Camden,North Central,Camden,North Central,borough
E01000916,Camden 027B,Camden,North Central,Camden,North Central,borough
E01000917,Camden 027C,Camden,North Central,Camden,North Central,borough
E01000918,Camden 028C,Camden,North Central,Camden,North Central,borough
E01000919,Camden 028D,Camden,North Central,Camden,North Central,borough
E01000920,Camden 027D,Camden,North Central,Camden,North Central,borough
E01000921,Camden 003C,Camden,North Central,Camden,North Central,borough
E01000922,Camden 007E,Camden,North Central,Camden,North Central,borough
E01000923,Camden 003D,Camden,North Central,Camden,North Central,borough
E01000924,Camden 009C,Camden,North Central,Camden,North Central,borough
E01000925,Camden 009D,Camden,North Central,Camden,North Central,borough
E01000926,Camden 009E,Camden,North Central,Camden,North Central,borough
E01000927,Camden 007F,Camden,North Central,Camden,North Central,borough
E01000928,Camden 003E,Camden,North Central,Camden,North Central,borough
E01000929,Camden 020A,Camden,North Central,Camden,North Central,borough
E01000930,Camden 020B,Camden,North Central,Camden,North Central,borough
E01000931,Camden 013C,Camden,North Central,Camden,North Central,borough
E01000932,Camden 013D,Camden,North Central,Camden,North Central,borough
E01000933,Camden 020C,Camden,North Central,Camden,North Central,borough
E01000934,Camden 020D,Camden,North Central,Camden,North Central,borough
E01000935,Camden 020E,Camden,North Central,Camden,North Central,borough
E01000937,Camden 029G,Camden,North Central,Camden,North Central,borough
E01000938,Camden 029A,Camden,North Central,Camden,North Central,borough
E01000939,Camden 029B,Camden,North Central,Camden,North Central,borough
E01000941,Camden 029D,Camden,North Central,Camden,North Central,borough
E01000942,Camden 029C,Camden,North Central,Camden,North Central,borough
E01000943,Camden 029F,Camden,North Central,Camden,North Central,borough
E01000944,Camden 023A,Camden,North Central,Camden,North Central,borough
E01000946,Camden 021B,Camden,North Central,Camden,North Central,borough
E01000947,Camden 021C,Camden,North Central,Camden,North Central,borough
E01000948,Camden 021D,Camden,North Central,Camden,North Central,borough
E01000949,Camden 023C,Camden,North Central,Camden,North Central,borough
E01000951,Camden 023E,Camden,North Central,Camden,North Central,borough
E01000952,Camden 022A,Camden,North Central,Camden,North Central,borough
E01000954,Camden 022C,Camden,North Central,Camden,North Central,borough
E01000955,Camden 022D,Camden,North Central,Camden,North Central,borough
E01000956,Camden 022E,Camden,North Central,Camden,North Central,borough
E01000957,Camden 019C,Camden,North Central,Camden,North Central,borough
E01000958,Camden 019D,Camden,North Central,Camden,North Central,borough
E01000959,Camden 019E,Camden,North Central,Camden,North Central,borough
E01000960,Camden 017A,Camden,North Central,Camden,North Central,borough
E01000961,Camden 017B,Camden,North Central,Camden,North Central,borough
E01000962,Camden 016A,Camden,North Central,Camden,North Central,borough
E01000963,Camden 017C,Camden,North Central,Camden,North Central,borough
E01000964,Camden 016B,Camden,North Central,Camden,North Central,borough
E01000965,Camden 016C,Camden,North Central,Camden,North Central,borough
E01000966,Camden 016D,Camden,North Central,Camden,North Central,borough
E01000967,Camden 017D,Camden,North Central,Camden,North Central,borough
E01000968,Camden 016E,Camden,North Central,Camden,North Central,borough
E01000969,Camden 010A,Camden,North Central,Camden,North Central,borough
E01000970,Camden 010B,Camden,North Central,Camden,North Central,borough
E01000971,Camden 010C,Camden,North Central,Camden,North Central,borough
E01000972,Camden 010D,Camden,North Central,Camden,North Central,borough
E01000973,Camden 010E,Camden,North Central,Camden,North Central,borough
E01000974,Camden 013E,Camden,North Central,Camden,North Central,borough
E01000975,Croydon 022A,Croydon,South West,Croydon,South West,borough
E01000976,Croydon 022B,Croydon,South West,Croydon,South West,borough
E01000977,Croydon 022C,Croydon,South West,Croydon,South West,borough
E01000978,Croydon 022D,Croydon,South West,Croydon,South West,borough
E01000979,Croydon 022E,Croydon,South West,Croydon,South West,borough
E01000980,Croydon 017A,Croydon,South West,Croydon,South West,borough
E01000981,Croydon 017B,Croydon,South West,Croydon,South West,borough
E01000982,Croydon 017C,Croydon,South West,Croydon,South West,borough
E01000983,Croydon 017D,Croydon,South West,Croydon,South West,borough
E01000984,Croydon 022F,Croydon,South West,Croydon,South West,borough
E01000985,Croydon 021A,Croydon,South West,Croydon,South West,borough
E01000986,Croydon 021B,Croydon,South West,Croydon,South West,borough
E01000987,Croydon 021C,Croydon,South West,Croydon,South West,borough
E01000989,Croydon 018A,Croydon,South West,Croydon,South West,borough
E01000990,Croydon 045A,Croydon,South West,Croydon,South West,borough
E01000991,Croydon 018B,Croydon,South West,Croydon,South West,borough
E01000992,Croydon 014A,Croydon,South West,Croydon,South West,borough
E01000993,Croydon 021D,Croydon,South West,Croydon,South West,borough
E01000994,Croydon 009A,Croydon,South West,Croydon,South West,borough
E01000995,Croydon 009B,Croydon,South West,Croydon,South West,borough
E01000996,Croydon 009C,Croydon,South West,Croydon,South West,borough
E01000997,Croydon 009D,Croydon,South West,Croydon,South West,borough
E01000998,Croydon 010A,Croydon,South West,Croydon,South West,borough
E01000999,Croydon 009E,Croydon,South West,Croydon,South West,borough
E01001000,Croydon 010B,Croydon,South West,Croydon,South West,borough
E01001001,Croydon 013A,Croydon,South West,Croydon,South West,borough
E01001002,Croydon 009F,Croydon,South West,Croydon,South West,borough
E01001003,Croydon 010C,Croydon,South West,Croydon,South West,borough
E01001004,Croydon 015A,Croydon,South West,Croydon,South West,borough
E01001005,Croydon 019A,Croydon,South West,Croydon,South West,borough
E01001006,Croydon 016A,Croydon,South West,Croydon,South West,borough
E01001007,Croydon 016B,Croydon,South West,Croydon,South West,borough
E01001008,Croydon 019B,Croydon,South West,Croydon,South West,borough
E01001009,Croydon 019C,Croydon,South West,Croydon,South West,borough
E01001010,Croydon 019D,Croydon,South West,Croydon,South West,borough
E01001011,Croydon 019E,Croydon,South West,Croydon,South West,borough
E01001012,Croydon 020A,Croydon,South West,Croydon,South West,borough
E01001013,Croydon 020B,Croydon,South West,Croydon,South West,borough
E01001015,Croydon 041A,Croydon,South West,Croydon,South West,borough
E01001016,Croydon 041B,Croydon,South West,Croydon,South West,borough
E01001017,Croydon 043A,Croydon,South West,Croydon,South West,borough
E01001018,Croydon 044A,Croydon,South West,Croydon,South West,borough
E01001019,Croydon 044B,Croydon,South West,Croydon,South West,borough
E01001020,Croydon 044C,Croydon,South West,Croydon,South West,borough
E01001021,Croydon 044D,Croydon,South West,Croydon,South West,borough
E01001022,Croydon 044E,Croydon,South West,Croydon,South West,borough
E01001023,Croydon 041C,Croydon,South West,Croydon,South West,borough
E01001024,Croydon 043B,Croydon,South West,Croydon,South West,borough
E01001025,Croydon 043C,Croydon,South West,Croydon,South West,borough
E01001026,Croydon 043D,Croydon,South West,Croydon,South West,borough
E01001027,Croydon 043E,Croydon,South West,Croydon,South West,borough
E01001028,Croydon 038A,Croydon,South West,Croydon,South West,borough
E01001029,Croydon 038B,Croydon,South West,Croydon,South West,borough
E01001030,Croydon 038C,Croydon,South West,Croydon,South West,borough
E01001031,Croydon 038D,Croydon,South West,Croydon,South West,borough
E01001032,Croydon 035A,Croydon,South West,Croydon,South West,borough
E01001033,Croydon 031A,Croydon,South West,Croydon,South West,borough
E01001034,Croydon 031B,Croydon,South West,Croydon,South West,borough
E01001035,Croydon 047C,Croydon,South West,Croydon,South West,borough
E01001036,Croydon 029A,Croydon,South West,Croydon,South West,borough
E01001037,Croydon 029B,Croydon,South West,Croydon,South West,borough
E01001038,Croydon 029C,Croydon,South West,Croydon,South West,borough
E01001039,Croydon 029D,Croydon,South West,Croydon,South West,borough
E01001040,Croydon 029E,Croydon,South West,Croydon,South West,borough
E01001041,Croydon 031C,Croydon,South West,Croydon,South West,borough
E01001042,Croydon 024B,Croydon,South West,Croydon,South West,borough
E01001044,Croydon 023A,Croydon,South West,Croydon,South West,borough
E01001046,Croydon 023B,Croydon,South West,Croydon,South West,borough
E01001047,Croydon 047A,Croydon,South West,Croydon,South West,borough
E01001049,Croydon 023C,Croydon,South West,Croydon,South West,borough
E01001050,Croydon 023D,Croydon,South West,Croydon,South West,borough
E01001051,Croydon 030A,Croydon,South West,Croydon,South West,borough
E01001052,Croydon 030B,Croydon,South West,Croydon,South West,borough
E01001053,Croydon 032A,Croydon,South West,Croydon,South West,borough
E01001054,Croydon 030C,Croydon,South West,Croydon,South West,borough
E01001055,Croydon 032B,Croydon,South West,Croydon,South West,borough
E01001056,Croydon 030D,Croydon,South West,Croydon,South West,borough
E01001057,Croydon 030E,Croydon,South West,Croydon,South West,borough
E01001058,Croydon 034A,Croydon,South West,Croydon,South West,borough
E01001059,Croydon 034B,Croydon,South West,Croydon,South West,borough
E01001060,Croydon 034C,Croydon,South West,Croydon,South West,borough
E01001061,Croydon 034D,Croydon,South West,Croydon,South West,borough
E01001062,Croydon 026A,Croydon,South West,Croydon,South West,borough
E01001063,Croydon 026B,Croydon,South West,Croydon,South West,borough
E01001064,Croydon 026C,Croydon,South West,Croydon,South West,borough
E01001065,Croydon 034E,Croydon,South West,Croydon,South West,borough
E01001066,Croydon 034F,Croydon,South West,Croydon,South West,borough
E01001067,Croydon 041D,Croydon,South West,Croydon,South West,borough
E01001068,Croydon 042A,Croydon,South West,Croydon,South West,borough
E01001069,Croydon 040A,Croydon,South West,Croydon,South West,borough
E01001070,Croydon 040B,Croydon,South West,Croydon,South West,borough
E01001071,Croydon 042B,Croydon,South West,Croydon,South West,borough
E01001072,Croydon 042C,Croydon,South West,Croydon,South West,borough
E01001073,Croydon 037A,Croydon,South West,Croydon,South West,borough
E01001074,Croydon 041E,Croydon,South West,Croydon,South West,borough
E01001075,Croydon 040C,Croydon,South West,Croydon,South West,borough
E01001076,Croydon 036A,Croydon,South West,Croydon,South West,borough
E01001077,Croydon 032C,Croydon,South West,Croydon,South West,borough
E01001078,Croydon 032D,Croydon,South West,Croydon,South West,borough
E01001079,Croydon 036B,Croydon,South West,Croydon,South West,borough
E01001080,Croydon 036C,Croydon,South West,Croydon,South West,borough
E01001081,Croydon 036D,Croydon,South West,Croydon,South West,borough
E01001082,Croydon 032E,Croydon,South West,Croydon,South West,borough
E01001083,Croydon 003A,Croydon,South West,Croydon,South West,borough
E01001084,Croydon 002A,Croydon,South West,Croydon,South West,borough
E01001085,Croydon 004A,Croydon,South West,Croydon,South West,borough
E01001086,Croydon 003B,Croydon,South West,Croydon,South West,borough
E01001087,Croydon 003C,Croydon,South West,Croydon,South West,borough
E01001088,Croydon 004B,Croydon,South West,Croydon,South West,borough
E01001089,Croydon 004C,Croydon,South West,Croydon,South West,borough
E01001090,Croydon 004D,Croydon,South West,Croydon,South West,borough
E01001091,Croydon 004E,Croydon,South West,Croydon,South West,borough
E01001092,Croydon 037B,Croydon,South West,Croydon,South West,borough
E01001093,Croydon 037C,Croydon,South West,Croydon,South West,borough
E01001094,Croydon 038E,Croydon,South West,Croydon,South West,borough
E01001095,Croydon 031D,Croydon,South West,Croydon,South West,borough
E01001096,Croydon 037D,Croydon,South West,Croydon,South West,borough
E01001097,Croydon 037E,Croydon,South West,Croydon,South West,borough
E01001098,Croydon 037F,Croydon,South West,Croydon,South West,borough
E01001099,Croydon 040D,Croydon,South West,Croydon,South West,borough
E01001100,Croydon 031E,Croydon,South West,Croydon,South West,borough
E01001101,Croydon 035B,Croydon,South West,Croydon,South West,borough
E01001102,Croydon 035C,Croydon,South West,Croydon,South West,borough
E01001103,Croydon 039A,Croydon,South West,Croydon,South West,borough
E01001104,Croydon 042D,Croydon,South West,Croydon,South West,borough
E01001105,Croydon 039B,Croydon,South West,Croydon,South West,borough
E01001106,Croydon 039C,Croydon,South West,Croydon,South West,borough
E01001107,Croydon 035D,Croydon,South West,Croydon,South West,borough
E01001108,Croydon 035E,Croydon,South West,Croydon,South West,borough
E01001109,Croydon 013B,Croydon,South West,Croydon,South West,borough
E01001110,Croydon 020D,Croydon,South West,Croydon,South West,borough
E01001111,Croydon 010D,Croydon,South West,Croydon,South West,borough
E01001112,Croydon 013C,Croydon,South West,Croydon,South West,borough
E01001113,Croydon 013D,Croydon,South West,Croydon,South West,borough
E01001114,Croydon 013E,Croydon,South West,Croydon,South West,borough
E01001115,Croydon 015B,Croydon,South West,Croydon,South West,borough
E01001116,Croydon 013F,Croydon,South West,Croydon,South West,borough
E01001118,Croydon 020E,Croydon,South West,Croydon,South West,borough
E01001119,Croydon 034G,Croydon,South West,Croydon,South West,borough
E01001120,Croydon 033A,Croydon,South West,Croydon,South West,borough
E01001121,Croydon 039D,Croydon,South West,Croydon,South West,borough
E01001122,Croydon 033B,Croydon,South West,Croydon,South West,borough
E01001123,Croydon 033C,Croydon,South West,Croydon,South West,borough
E01001124,Croydon 033D,Croydon,South West,Croydon,South West,borough
E01001125,Croydon 033E,Croydon,South West,Croydon,South West,borough
E01001126,Croydon 034H,Croydon,South West,Croydon,South West,borough
E01001127,Croydon 025A,Croydon,South West,Croydon,South West,borough
E01001128,Croydon 025B,Croydon,South West,Croydon,South West,borough
E01001129,Croydon 026D,Croydon,South West,Croydon,South West,borough
E01001130,Croydon 025C,Croydon,South West,Croydon,South West,borough
E01001131,Croydon 018C,Croydon,South West,Croydon,South West,borough
E01001132,Croydon 018D,Croydon,South West,Croydon,South West,borough
E01001133,Croydon 026E,Croydon,South West,Croydon,South West,borough
E01001134,Croydon 018E,Croydon,South West,Croydon,South West,borough
E01001135,Croydon 025D,Croydon,South West,Croydon,South West,borough
E01001136,Croydon 007A,Croydon,South West,Croydon,South West,borough
E01001137,Croydon 001A,Croydon,South West,Croydon,South West,borough
E01001138,Croydon 001B,Croydon,South West,Croydon,South West,borough
E01001139,Croydon 007B,Croydon,South West,Croydon,South West,borough
E01001140,Croydon 007C,Croydon,South West,Croydon,South West,borough
E01001141,Croydon 008A,Croydon,South West,Croydon,South West,borough
E01001142,Croydon 007D,Croydon,South West,Croydon,South West,borough
E01001143,Croydon 008B,Croydon,South West,Croydon,South West,borough
E01001144,Croydon 007E,Croydon,South West,Croydon,South West,borough
E01001145,Croydon 008C,Croydon,South West,Croydon,South West,borough
E01001146,Croydon 006A,Croydon,South West,Croydon,South West,borough
E01001147,Croydon 005A,Croydon,South West,Croydon,South West,borough
E01001148,Croydon 005B,Croydon,South West,Croydon,South West,borough
E01001149,Croydon 006B,Croydon,South West,Croydon,South West,borough
E01001150,Croydon 006C,Croydon,South West,Croydon,South West,borough
E01001151,Croydon 005C,Croydon,South West,Croydon,South West,borough
E01001152,Croydon 005D,Croydon,South West,Croydon,South West,borough
E01001153,Croydon 006D,Croydon,South West,Croydon,South West,borough
E01001154,Croydon 006E,Croydon,South West,Croydon,South West,borough
E01001155,Croydon 010E,Croydon,South West,Croydon,South West,borough
E01001156,Croydon 001C,Croydon,South West,Croydon,South West,borough
E01001157,Croydon 002B,Croydon,South West,Croydon,South West,borough
E01001158,Croydon 005E,Croydon,South West,Croydon,South West,borough
E01001159,Croydon 002C,Croydon,South West,Croydon,South West,borough
E01001160,Croydon 002D,Croydon,South West,Croydon,South West,borough
E01001161,Croydon 003D,Croydon,South West,Croydon,South West,borough
E01001162,Croydon 001D,Croydon,South West,Croydon,South West,borough
E01001163,Croydon 002E,Croydon,South West,Croydon,South West,borough
E01001164,Croydon 001E,Croydon,South West,Croydon,South West,borough
E01001165,Croydon 024C,Croydon,South West,Croydon,South West,borough
E01001166,Croydon 024D,Croydon,South West,Croydon,South West,borough
E01001167,Croydon 028A,Croydon,South West,Croydon,South West,borough
E01001168,Croydon 024E,Croydon,South West,Croydon,South West,borough
E01001169,Croydon 028B,Croydon,South West,Croydon,South West,borough
E01001170,Croydon 047D,Croydon,South West,Croydon,South West,borough
E01001171,Croydon 028C,Croydon,South West,Croydon,South West,borough
E01001172,Croydon 028D,Croydon,South West,Croydon,South West,borough
E01001173,Croydon 028E,Croydon,South West,Croydon,South West,borough
E01001174,Croydon 011A,Croydon,South West,Croydon,South West,borough
E01001175,Croydon 011B,Croydon,South West,Croydon,South West,borough
E01001176,Croydon 011C,Croydon,South West,Croydon,South West,borough
E01001177,Croydon 016C,Croydon,South West,Croydon,South West,borough
E01001178,Croydon 015D,Croydon,South West,Croydon,South West,borough
E01001179,Croydon 016D,Croydon,South West,Croydon,South West,borough
E01001180,Croydon 016E,Croydon,South West,Croydon,South West,borough
E01001181,Croydon 015E,Croydon,South West,Croydon,South West,borough
E01001182,Croydon 011D,Croydon,South West,Croydon,South West,borough
E01001183,Croydon 011E,Croydon,South West,Croydon,South West,borough
E01001184,Croydon 011F,Croydon,South West,Croydon,South West,borough
E01001185,Croydon 014B,Croydon,South West,Croydon,South West,borough
E01001186,Croydon 014C,Croydon,South West,Croydon,South West,borough
E01001187,Croydon 017E,Croydon,South West,Croydon,South West,borough
E01001188,Croydon 014D,Croydon,South West,Croydon,South West,borough
E01001189,Croydon 045B,Croydon,South West,Croydon,South West,borough
E01001190,Croydon 045C,Croydon,South West,Croydon,South West,borough
E01001191,Croydon 008D,Croydon,South West,Croydon,South West,borough
E01001192,Croydon 008E,Croydon,South West,Croydon,South West,borough
E01001193,Croydon 014E,Croydon,South West,Croydon,South West,borough
E01001194,Croydon 045D,Croydon,South West,Croydon,South West,borough
E01001195,Ealing 021A,Ealing,North West,Hanwell,North West,borough
E01001196,Ealing 015A,Ealing,North West,Hanwell,North West,borough
E01001197,Ealing 021B,Ealing,North West,Hanwell,North West,borough
E01001198,Ealing 021C,Ealing,North West,Hanwell,North West,borough
E01001199,Ealing 021D,Ealing,North West,Hanwell,North West,borough
E01001200,Ealing 025A,Ealing,North West,Hanwell,North West,borough
E01001201,Ealing 025B,Ealing,North West,Hanwell,North West,borough
E01001202,Ealing 025C,Ealing,North West,Hanwell,North West,borough
E01001203,Ealing 025D,Ealing,North West,Hanwell,North West,borough
E01001204,Ealing 018A,Ealing,North West,Hanwell,North West,borough
E01001205,Ealing 018B,Ealing,North West,Hanwell,North West,borough
E01001206,Ealing 018C,Ealing,North West,Hanwell,North West,borough
E01001207,Ealing 018D,Ealing,North West,Hanwell,North West,borough
E01001208,Ealing 018E,Ealing,North West,Hanwell,North West,borough
E01001209,Ealing 013A,Ealing,North West,Hanwell,North West,borough
E01001210,Ealing 016A,Ealing,North West,Hanwell,North West,borough
E01001211,Ealing 013B,Ealing,North West,Hanwell,North West,borough
E01001212,Ealing 018F,Ealing,North West,Hanwell,North West,borough
E01001213,Ealing 023A,Ealing,North West,Hanwell,North West,borough
E01001214,Ealing 023B,Ealing,North West,Hanwell,North West,borough
E01001215,Ealing 023C,Ealing,North West,Hanwell,North West,borough
E01001216,Ealing 023D,Ealing,North West,Hanwell,North West,borough
E01001217,Ealing 014A,Ealing,North West,Hanwell,North West,borough
E01001218,Ealing 012A,Ealing,North West,Hanwell,North West,borough
E01001219,Ealing 029A,Ealing,North West,Hanwell,North West,borough
E01001220,Ealing 029B,Ealing,North West,Hanwell,North West,borough
E01001223,Ealing 041B,Ealing,North West,Hanwell,North West,borough
E01001224,Ealing 019B,Ealing,North West,Hanwell,North West,borough
E01001225,Ealing 041A,Ealing,North West,Hanwell,North West,borough
E01001226,Ealing 019C,Ealing,North West,Hanwell,North West,borough
E01001227,Ealing 019D,Ealing,North West,Hanwell,North West,borough
E01001228,Ealing 019E,Ealing,North West,Hanwell,North West,borough
E01001229,Ealing 031A,Ealing,North West,Hanwell,North West,borough
E01001230,Ealing 031B,Ealing,North West,Hanwell,North West,borough
E01001231,Ealing 027A,Ealing,North West,Hanwell,North West,borough
E01001232,Ealing 031C,Ealing,North West,Hanwell,North West,borough
E01001233,Ealing 031D,Ealing,North West,Hanwell,North West,borough
E01001234,Ealing 027B,Ealing,North West,Hanwell,North West,borough
E01001235,Ealing 042D,Ealing,North West,Hanwell,North West,borough
E01001236,Ealing 042C,Ealing,North West,Hanwell,North West,borough
E01001237,Ealing 031E,Ealing,North West,Hanwell,North West,borough
E01001239,Ealing 015C,Ealing,North West,Hanwell,North West,borough
E01001240,Ealing 024A,Ealing,North West,Hanwell,North West,borough
E01001241,Ealing 024B,Ealing,North West,Hanwell,North West,borough
E01001242,Ealing 024C,Ealing,North West,Hanwell,North West,borough
E01001243,Ealing 024D,Ealing,North West,Hanwell,North West,borough
E01001244,Ealing 024E,Ealing,North West,Hanwell,North West,borough
E01001245,Ealing 024F,Ealing,North West,Hanwell,North West,borough
E01001246,Ealing 015D,Ealing,North West,Hanwell,North West,borough
E01001247,Ealing 015E,Ealing,North West,Hanwell,North West,borough
E01001248,Ealing 035A,Ealing,North West,Hanwell,North West,borough
E01001249,Ealing 028A,Ealing,North West,Hanwell,North West,borough
E01001250,Ealing 028B,Ealing,North West,Hanwell,North West,borough
E01001251,Ealing 030A,Ealing,North West,Hanwell,North West,borough
E01001252,Ealing 030B,Ealing,North West,Hanwell,North West,borough
E01001253,Ealing 030C,Ealing,North West,Hanwell,North West,borough
E01001254,Ealing 030D,Ealing,North West,Hanwell,North West,borough
E01001255,Ealing 028C,Ealing,North West,Hanwell,North West,borough
E01001257,Ealing 008A,Ealing,North West,Hanwell,North West,borough
E01001258,Ealing 010B,Ealing,North West,Hanwell,North West,borough
E01001259,Ealing 014B,Ealing,North West,Hanwell,North West,borough
E01001260,Ealing 012B,Ealing,North West,Hanwell,North West,borough
E01001261,Ealing 012C,Ealing,North West,Hanwell,North West,borough
E01001262,Ealing 010C,Ealing,North West,Hanwell,North West,borough
E01001263,Ealing 010D,Ealing,North West,Hanwell,North West,borough
E01001264,Ealing 010E,Ealing,North West,Hanwell,North West,borough
E01001265,Ealing 006A,Ealing,North West,Hanwell,North West,borough
E01001266,Ealing 006B,Ealing,North West,Hanwell,North West,borough
E01001267,Ealing 006C,Ealing,North West,Hanwell,North West,borough
E01001268,Ealing 012D,Ealing,North West,Hanwell,North West,borough
E01001269,Ealing 001A,Ealing,North West,Hanwell,North West,borough
E01001270,Ealing 004A,Ealing,North West,Hanwell,North West,borough
E01001271,Ealing 001B,Ealing,North West,Hanwell,North West,borough
E01001272,Ealing 006D,Ealing,North West,Hanwell,North West,borough
E01001273,Ealing 041C,Ealing,North West,Hanwell,North West,borough
E01001274,Ealing 041E,Ealing,North West,Hanwell,North West,borough
E01001275,Ealing 041D,Ealing,North West,Hanwell,North West,borough
E01001276,Ealing 011A,Ealing,North West,Hanwell,North West,borough
E01001277,Ealing 011B,Ealing,North West,Hanwell,North West,borough
E01001278,Ealing 011C,Ealing,North West,Hanwell,North West,borough
E01001279,Ealing 013C,Ealing,North West,Hanwell,North West,borough
E01001280,Ealing 011D,Ealing,North West,Hanwell,North West,borough
E01001281,Ealing 013D,Ealing,North West,Hanwell,North West,borough
E01001282,Ealing 016B,Ealing,North West,Hanwell,North West,borough
E01001283,Ealing 016C,Ealing,North West,Hanwell,North West,borough
E01001284,Ealing 022A,Ealing,North West,Hanwell,North West,borough
E01001285,Ealing 016D,Ealing,North West,Hanwell,North West,borough
E01001286,Ealing 016E,Ealing,North West,Hanwell,North West,borough
E01001287,Ealing 016F,Ealing,North West,Hanwell,North West,borough
E01001288,Ealing 022B,Ealing,North West,Hanwell,North West,borough
E01001289,Ealing 022C,Ealing,North West,Hanwell,North West,borough
E01001290,Ealing 022D,Ealing,North West,Hanwell,North West,borough
E01001291,Ealing 014C,Ealing,North West,Hanwell,North West,borough
E01001292,Ealing 014D,Ealing,North West,Hanwell,North West,borough
E01001293,Ealing 014E,Ealing,North West,Hanwell,North West,borough
E01001294,Ealing 017A,Ealing,North West,Hanwell,North West,borough
E01001295,Ealing 017B,Ealing,North West,Hanwell,North West,borough
E01001296,Ealing 017C,Ealing,North West,Hanwell,North West,borough
E01001297,Ealing 017D,Ealing,North West,Hanwell,North West,borough
E01001298,Ealing 017E,Ealing,North West,Hanwell,North West,borough
E01001299,Ealing 035B,Ealing,North West,Hanwell,North West,borough
E01001300,Ealing 039A,Ealing,North West,Hanwell,North West,borough
E01001301,Ealing 039B,Ealing,North West,Hanwell,North West,borough
E01001302,Ealing 039C,Ealing,North West,Hanwell,North West,borough
E01001303,Ealing 032A,Ealing,North West,Hanwell,North West,borough
E01001304,Ealing 039D,Ealing,North West,Hanwell,North West,borough
E01001305,Ealing 035C,Ealing,North West,Hanwell,North West,borough
E01001306,Ealing 035D,Ealing,North West,Hanwell,North West,borough
E01001307,Ealing 002A,Ealing,North West,Hanwell,North West,borough
E01001308,Ealing 002B,Ealing,North West,Hanwell,North West,borough
E01001309,Ealing 001C,Ealing,North West,Hanwell,North West,borough
E01001310,Ealing 001D,Ealing,North West,Hanwell,North West,borough
E01001311,Ealing 001E,Ealing,North West,Hanwell,North West,borough
E01001312,Ealing 002C,Ealing,North West,Hanwell,North West,borough
E01001313,Ealing 002D,Ealing,North West,Hanwell,North West,borough
E01001314,Ealing 002E,Ealing,North West,Hanwell,North West,borough
E01001315,Ealing 003A,Ealing,North West,Hanwell,North West,borough
E01001316,Ealing 003B,Ealing,North West,Hanwell,North West,borough
E01001317,Ealing 003C,Ealing,North West,Hanwell,North West,borough
E01001318,Ealing 003D,Ealing,North West,Hanwell,North West,borough
E01001319,Ealing 004B,Ealing,North West,Hanwell,North West,borough
E01001320,Ealing 003E,Ealing,North West,Hanwell,North West,borough
E01001321,Ealing 003F,Ealing,North West,Hanwell,North West,borough
E01001322,Ealing 004C,Ealing,North West,Hanwell,North West,borough
E01001323,Ealing 004D,Ealing,North West,Hanwell,North West,borough
E01001324,Ealing 008B,Ealing,North West,Hanwell,North West,borough
E01001325,Ealing 009A,Ealing,North West,Hanwell,North West,borough
E01001326,Ealing 008C,Ealing,North West,Hanwell,North West,borough
E01001327,Ealing 009B,Ealing,North West,Hanwell,North West,borough
E01001328,Ealing 009C,Ealing,North West,Hanwell,North West,borough
E01001329,Ealing 009D,Ealing,North West,Hanwell,North West,borough
E01001330,Ealing 008D,Ealing,North West,Hanwell,North West,borough
E01001331,Ealing 009E,Ealing,North West,Hanwell,North West,borough
E01001332,Ealing 008E,Ealing,North West,Hanwell,North West,borough
E01001333,Ealing 038A,Ealing,North West,Hanwell,North West,borough
E01001334,Ealing 029C,Ealing,North West,Hanwell,North West,borough
E01001335,Ealing 038B,Ealing,North West,Hanwell,North West,borough
E01001336,Ealing 038C,Ealing,North West,Hanwell,North West,borough
E01001337,Ealing 029D,Ealing,North West,Hanwell,North West,borough
E01001338,Ealing 029E,Ealing,North West,Hanwell,North West,borough
E01001339,Ealing 029F,Ealing,North West,Hanwell,North West,borough
E01001340,Ealing 029G,Ealing,North West,Hanwell,North West,borough
E01001341,Ealing 005A,Ealing,North West,Hanwell,North West,borough
E01001342,Ealing 005B,Ealing,North West,Hanwell,North West,borough
E01001343,Ealing 005C,Ealing,North West,Hanwell,North West,borough
E01001344,Ealing 007A,Ealing,North West,Hanwell,North West,borough
E01001345,Ealing 005D,Ealing,North West,Hanwell,North West,borough
E01001346,Ealing 007B,Ealing,North West,Hanwell,North West,borough
E01001347,Ealing 007C,Ealing,North West,Hanwell,North West,borough
E01001348,Ealing 007D,Ealing,North West,Hanwell,North West,borough
E01001349,Ealing 006E,Ealing,North West,Hanwell,North West,borough
E01001350,Ealing 027C,Ealing,North West,Hanwell,North West,borough
E01001351,Ealing 025E,Ealing,North West,Hanwell,North West,borough
E01001352,Ealing 027D,Ealing,North West,Hanwell,North West,borough
E01001353,Ealing 033A,Ealing,North West,Hanwell,North West,borough
E01001354,Ealing 027E,Ealing,North West,Hanwell,North West,borough
E01001355,Ealing 033B,Ealing,North West,Hanwell,North West,borough
E01001356,Ealing 033C,Ealing,North West,Hanwell,North West,borough
E01001357,Ealing 033D,Ealing,North West,Hanwell,North West,borough
E01001358,Ealing 033E,Ealing,North West,Hanwell,North West,borough
E01001359,Ealing 026A,Ealing,North West,Hanwell,North West,borough
E01001360,Ealing 026B,Ealing,North West,Hanwell,North West,borough
E01001361,Ealing 023E,Ealing,North West,Hanwell,North West,borough
E01001362,Ealing 026C,Ealing,North West,Hanwell,North West,borough
E01001363,Ealing 026D,Ealing,North West,Hanwell,North West,borough
E01001364,Ealing 026E,Ealing,North West,Hanwell,North West,borough
E01001365,Ealing 026F,Ealing,North West,Hanwell,North West,borough
E01001366,Ealing 044C,Ealing,North West,Hanwell,North West,borough
E01001367,Ealing 043B,Ealing,North West,Hanwell,North West,borough
E01001368,Ealing 044D,Ealing,North West,Hanwell,North West,borough
E01001369,Ealing 038D,Ealing,North West,Hanwell,North West,borough
E01001370,Ealing 044A,Ealing,North West,Hanwell,North West,borough
E01001371,Ealing 044B,Ealing,North West,Hanwell,North West,borough
E01001372,Ealing 043C,Ealing,North West,Hanwell,North West,borough
E01001373,Ealing 043A,Ealing,North West,Hanwell,North West,borough
E01001374,Ealing 040A,Ealing,North West,Hanwell,North West,borough
E01001375,Ealing 034A,Ealing,North West,Hanwell,North West,borough
E01001376,Ealing 040B,Ealing,North West,Hanwell,North West,borough
E01001377,Ealing 034B,Ealing,North West,Hanwell,North West,borough
E01001379,Ealing 034C,Ealing,North West,Hanwell,North West,borough
E01001380,Ealing 040C,Ealing,North West,Hanwell,North West,borough
E01001381,Ealing 034D,Ealing,North West,Hanwell,North West,borough
E01001382,Ealing 032B,Ealing,North West,Hanwell,North West,borough
E01001383,Ealing 028D,Ealing,North West,Hanwell,North West,borough
E01001384,Ealing 032C,Ealing,North West,Hanwell,North West,borough
E01001385,Ealing 032D,Ealing,North West,Hanwell,North West,borough
E01001386,Ealing 031F,Ealing,North West,Hanwell,North West,borough
E01001387,Ealing 032E,Ealing,North West,Hanwell,North West,borough
E01001388,Ealing 028E,Ealing,North West,Hanwell,North West,borough
E01001389,Ealing 028F,Ealing,North West,Hanwell,North West,borough
E01001390,Enfield 036A,Enfield,North Central,Edmonton,North Central,borough
E01001391,Enfield 036B,Enfield,North Central,Edmonton,North Central,borough
E01001392,Enfield 032A,Enfield,North Central,Edmonton,North Central,borough
E01001393,Enfield 036C,Enfield,North Central,Edmonton,North Central,borough
E01001394,Enfield 035A,Enfield,North Central,Edmonton,North Central,borough
E01001395,Enfield 035B,Enfield,North Central,Edmonton,North Central,borough
E01001396,Enfield 036D,Enfield,North Central,Edmonton,North Central,borough
E01001397,Enfield 035C,Enfield,North Central,Edmonton,North Central,borough
E01001398,Enfield 021A,Enfield,North Central,Edmonton,North Central,borough
E01001399,Enfield 021B,Enfield,North Central,Edmonton,North Central,borough
E01001400,Enfield 021C,Enfield,North Central,Edmonton,North Central,borough
E01001401,Enfield 016A,Enfield,North Central,Edmonton,North Central,borough
E01001402,Enfield 021D,Enfield,North Central,Edmonton,North Central,borough
E01001403,Enfield 021E,Enfield,North Central,Edmonton,North Central,borough
E01001404,Enfield 026A,Enfield,North Central,Edmonton,North Central,borough
E01001405,Enfield 015A,Enfield,North Central,Edmonton,North Central,borough
E01001406,Enfield 015B,Enfield,North Central,Edmonton,North Central,borough
E01001407,Enfield 005A,Enfield,North Central,Edmonton,North Central,borough
E01001408,Enfield 004A,Enfield,North Central,Edmonton,North Central,borough
E01001409,Enfield 005B,Enfield,North Central,Edmonton,North Central,borough
E01001410,Enfield 005C,Enfield,North Central,Edmonton,North Central,borough
E01001411,Enfield 004B,Enfield,North Central,Edmonton,North Central,borough
E01001412,Enfield 004C,Enfield,North Central,Edmonton,North Central,borough
E01001413,Enfield 004D,Enfield,North Central,Edmonton,North Central,borough
E01001414,Enfield 004E,Enfield,North Central,Edmonton,North Central,borough
E01001415,Enfield 011A,Enfield,North Central,Edmonton,North Central,borough
E01001416,Enfield 013A,Enfield,North Central,Edmonton,North Central,borough
E01001417,Enfield 011B,Enfield,North Central,Edmonton,North Central,borough
E01001418,Enfield 011C,Enfield,North Central,Edmonton,North Central,borough
E01001419,Enfield 020A,Enfield,North Central,Edmonton,North Central,borough
E01001420,Enfield 020B,Enfield,North Central,Edmonton,North Central,borough
E01001421,Enfield 020C,Enfield,North Central,Edmonton,North Central,borough
E01001422,Enfield 011D,Enfield,North Central,Edmonton,North Central,borough
E01001423,Enfield 027A,Enfield,North Central,Edmonton,North Central,borough
E01001424,Enfield 030A,Enfield,North Central,Edmonton,North Central,borough
E01001425,Enfield 027B,Enfield,North Central,Edmonton,North Central,borough
E01001426,Enfield 030B,Enfield,North Central,Edmonton,North Central,borough
E01001427,Enfield 030C,Enfield,North Central,Edmonton,North Central,borough
E01001428,Enfield 027C,Enfield,North Central,Edmonton,North Central,borough
E01001429,Enfield 030D,Enfield,North Central,Edmonton,North Central,borough
E01001430,Enfield 030E,Enfield,North Central,Edmonton,North Central,borough
E01001431,Enfield 033A,Enfield,North Central,Edmonton,North Central,borough
E01001432,Enfield 033B,Enfield,North Central,Edmonton,North Central,borough
E01001433,Enfield 007A,Enfield,North Central,Edmonton,North Central,borough
E01001434,Enfield 007B,Enfield,North Central,Edmonton,North Central,borough
E01001435,Enfield 007C,Enfield,North Central,Edmonton,North Central,borough
E01001436,Enfield 007D,Enfield,North Central,Edmonton,North Central,borough
E01001437,Enfield 014A,Enfield,North Central,Edmonton,North Central,borough
E01001438,Enfield 007E,Enfield,North Central,Edmonton,North Central,borough
E01001439,Enfield 006A,Enfield,North Central,Edmonton,North Central,borough
E01001440,Enfield 012A,Enfield,North Central,Edmonton,North Central,borough
E01001441,Enfield 006B,Enfield,North Central,Edmonton,North Central,borough
E01001442,Enfield 002A,Enfield,North Central,Edmonton,North Central,borough
E01001444,Enfield 001A,Enfield,North Central,Edmonton,North Central,borough
E01001445,Enfield 003B,Enfield,North Central,Edmonton,North Central,borough
E01001446,Enfield 001B,Enfield,North Central,Edmonton,North Central,borough
E01001447,Enfield 003C,Enfield,North Central,Edmonton,North Central,borough
E01001448,Enfield 003D,Enfield,North Central,Edmonton,North Central,borough
E01001449,Enfield 003E,Enfield,North Central,Edmonton,North Central,borough
E01001450,Enfield 015C,Enfield,North Central,Edmonton,North Central,borough
E01001451,Enfield 017A,Enfield,North Central,Edmonton,North Central,borough
E01001452,Enfield 017B,Enfield,North Central,Edmonton,North Central,borough
E01001453,Enfield 017C,Enfield,North Central,Edmonton,North Central,borough
E01001454,Enfield 017D,Enfield,North Central,Edmonton,North Central,borough
E01001455,Enfield 021F,Enfield,North Central,Edmonton,North Central,borough
E01001456,Enfield 022A,Enfield,North Central,Edmonton,North Central,borough
E01001457,Enfield 010A,Enfield,North Central,Edmonton,North Central,borough
E01001458,Enfield 037A,Enfield,North Central,Edmonton,North Central,borough
E01001459,Enfield 024A,Enfield,North Central,Edmonton,North Central,borough
E01001460,Enfield 024B,Enfield,North Central,Edmonton,North Central,borough
E01001461,Enfield 027D,Enfield,North Central,Edmonton,North Central,borough
E01001462,Enfield 024C,Enfield,North Central,Edmonton,North Central,borough
E01001463,Enfield 031A,Enfield,North Central,Edmonton,North Central,borough
E01001464,Enfield 027E,Enfield,North Central,Edmonton,North Central,borough
E01001465,Enfield 031B,Enfield,North Central,Edmonton,North Central,borough
E01001466,Enfield 031C,Enfield,North Central,Edmonton,North Central,borough
E01001467,Enfield 031D,Enfield,North Central,Edmonton,North Central,borough
E01001468,Enfield 010B,Enfield,North Central,Edmonton,North Central,borough
E01001469,Enfield 008A,Enfield,North Central,Edmonton,North Central,borough
E01001470,Enfield 013B,Enfield,North Central,Edmonton,North Central,borough
E01001471,Enfield 010C,Enfield,North Central,Edmonton,North Central,borough
E01001472,Enfield 010D,Enfield,North Central,Edmonton,North Central,borough
E01001473,Enfield 013C,Enfield,North Central,Edmonton,North Central,borough
E01001474,Enfield 010E,Enfield,North Central,Edmonton,North Central,borough
E01001475,Enfield 013D,Enfield,North Central,Edmonton,North Central,borough
E01001476,Enfield 018A,Enfield,North Central,Edmonton,North Central,borough
E01001477,Enfield 018B,Enfield,North Central,Edmonton,North Central,borough
E01001478,Enfield 016B,Enfield,North Central,Edmonton,North Central,borough
E01001479,Enfield 023A,Enfield,North Central,Edmonton,North Central,borough
E01001480,Enfield 024D,Enfield,North Central,Edmonton,North Central,borough
E01001481,Enfield 018C,Enfield,North Central,Edmonton,North Central,borough
E01001482,Enfield 023B,Enfield,North Central,Edmonton,North Central,borough
E01001483,Enfield 025A,Enfield,North Central,Edmonton,North Central,borough
E01001484,Enfield 016C,Enfield,North Central,Edmonton,North Central,borough
E01001485,Enfield 025B,Enfield,North Central,Edmonton,North Central,borough
E01001486,Enfield 025C,Enfield,North Central,Edmonton,North Central,borough
E01001487,Enfield 023C,Enfield,North Central,Edmonton,North Central,borough
E01001488,Enfield 024E,Enfield,North Central,Edmonton,North Central,borough
E01001489,Enfield 023D,Enfield,North Central,Edmonton,North Central,borough
E01001491,Enfield 023E,Enfield,North Central,Edmonton,North Central,borough
E01001492,Enfield 025E,Enfield,North Central,Edmonton,North Central,borough
E01001493,Enfield 026B,Enfield,North Central,Edmonton,North Central,borough
E01001494,Enfield 026C,Enfield,North Central,Edmonton,North Central,borough
E01001495,Enfield 029A,Enfield,North Central,Edmonton,North Central,borough
E01001496,Enfield 026D,Enfield,North Central,Edmonton,North Central,borough
E01001497,Enfield 031E,Enfield,North Central,Edmonton,North Central,borough
E01001498,Enfield 029B,Enfield,North Central,Edmonton,North Central,borough
E01001499,Enfield 031F,Enfield,North Central,Edmonton,North Central,borough
E01001500,Enfield 035D,Enfield,North Central,Edmonton,North Central,borough
E01001501,Enfield 036E,Enfield,North Central,Edmonton,North Central,borough
E01001502,Enfield 018D,Enfield,North Central,Edmonton,North Central,borough
E01001503,Enfield 018E,Enfield,North Central,Edmonton,North Central,borough
E01001504,Enfield 012B,Enfield,North Central,Edmonton,North Central,borough
E01001505,Enfield 012C,Enfield,North Central,Edmonton,North Central,borough
E01001507,Enfield 012D,Enfield,North Central,Edmonton,North Central,borough
E01001508,Enfield 012E,Enfield,North Central,Edmonton,North Central,borough
E01001509,Enfield 014C,Enfield,North Central,Edmonton,North Central,borough
E01001511,Enfield 016D,Enfield,North Central,Edmonton,North Central,borough
E01001512,Enfield 015D,Enfield,North Central,Edmonton,North Central,borough
E01001513,Enfield 012F,Enfield,North Central,Edmonton,North Central,borough
E01001514,Enfield 016E,Enfield,North Central,Edmonton,North Central,borough
E01001515,Enfield 015E,Enfield,North Central,Edmonton,North Central,borough
E01001516,Enfield 005D,Enfield,North Central,Edmonton,North Central,borough
E01001517,Enfield 006C,Enfield,North Central,Edmonton,North Central,borough
E01001518,Enfield 016F,Enfield,North Central,Edmonton,North Central,borough
E01001520,Enfield 019A,Enfield,North Central,Edmonton,North Central,borough
E01001521,Enfield 028A,Enfield,North Central,Edmonton,North Central,borough
E01001522,Enfield 019B,Enfield,North Central,Edmonton,North Central,borough
E01001523,Enfield 019C,Enfield,North Central,Edmonton,North Central,borough
E01001524,Enfield 019D,Enfield,North Central,Edmonton,North Central,borough
E01001525,Enfield 020E,Enfield,North Central,Edmonton,North Central,borough
E01001526,Enfield 019E,Enfield,North Central,Edmonton,North Central,borough
E01001527,Enfield 036F,Enfield,North Central,Edmonton,North Central,borough
E01001528,Enfield 032B,Enfield,North Central,Edmonton,North Central,borough
E01001529,Enfield 032C,Enfield,North Central,Edmonton,North Central,borough
E01001530,Enfield 032D,Enfield,North Central,Edmonton,North Central,borough
E01001531,Enfield 028B,Enfield,North Central,Edmonton,North Central,borough
E01001532,Enfield 028C,Enfield,North Central,Edmonton,North Central,borough
E01001533,Enfield 028D,Enfield,North Central,Edmonton,North Central,borough
E01001534,Enfield 032E,Enfield,North Central,Edmonton,North Central,borough
E01001535,Enfield 028E,Enfield,North Central,Edmonton,North Central,borough
E01001536,Enfield 008B,Enfield,North Central,Edmonton,North Central,borough
E01001537,Enfield 005E,Enfield,North Central,Edmonton,North Central,borough
E01001538,Enfield 009A,Enfield,North Central,Edmonton,North Central,borough
E01001539,Enfield 009B,Enfield,North Central,Edmonton,North Central,borough
E01001540,Enfield 008C,Enfield,North Central,Edmonton,North Central,borough
E01001541,Enfield 008D,Enfield,North Central,Edmonton,North Central,borough
E01001542,Enfield 008E,Enfield,North Central,Edmonton,North Central,borough
E01001543,Enfield 009C,Enfield,North Central,Edmonton,North Central,borough
E01001544,Enfield 009D,Enfield,North Central,Edmonton,North Central,borough
E01001545,Enfield 002B,Enfield,North Central,Edmonton,North Central,borough
E01001546,Enfield 001C,Enfield,North Central,Edmonton,North Central,borough
E01001547,Enfield 002C,Enfield,North Central,Edmonton,North Central,borough
E01001548,Enfield 002D,Enfield,North Central,Edmonton,North Central,borough
E01001549,Enfield 006D,Enfield,North Central,Edmonton,North Central,borough
E01001550,Enfield 006E,Enfield,North Central,Edmonton,North Central,borough
E01001551,Enfield 002E,Enfield,North Central,Edmonton,North Central,borough
E01001552,Enfield 001D,Enfield,North Central,Edmonton,North Central,borough
E01001553,Enfield 037B,Enfield,North Central,Edmonton,North Central,borough
E01001554,Enfield 037C,Enfield,North Central,Edmonton,North Central,borough
E01001555,Enfield 033C,Enfield,North Central,Edmonton,North Central,borough
E01001556,Enfield 035E,Enfield,North Central,Edmonton,North Central,borough
E01001557,Enfield 033D,Enfield,North Central,Edmonton,North Central,borough
E01001558,Enfield 033E,Enfield,North Central,Edmonton,North Central,borough
E01001559,Enfield 033F,Enfield,North Central,Edmonton,North Central,borough
E01001560,Enfield 035F,Enfield,North Central,Edmonton,North Central,borough
E01001562,Enfield 037D,Enfield,North Central,Edmonton,North Central,borough
E01001563,Enfield 029C,Enfield,North Central,Edmonton,North Central,borough
E01001564,Enfield 022B,Enfield,North Central,Edmonton,North Central,borough
E01001565,Enfield 029D,Enfield,North Central,Edmonton,North Central,borough
E01001566,Enfield 029E,Enfield,North Central,Edmonton,North Central,borough
E01001567,Enfield 022C,Enfield,North Central,Edmonton,North Central,borough
E01001568,Enfield 022D,Enfield,North Central,Edmonton,North Central,borough
E01001569,Enfield 022E,Enfield,North Central,Edmonton,North Central,borough
E01001570,Enfield 026E,Enfield,North Central,Edmonton,North Central,borough
E01001571,Greenwich 008A,Greenwich,South East,Greenwich,South East,borough
E01001572,Greenwich 008B,Greenwich,South East,Greenwich,South East,borough
E01001573,Greenwich 008C,Greenwich,South East,Greenwich,South East,borough
E01001574,Greenwich 008D,Greenwich,South East,Greenwich,South East,borough
E01001575,Greenwich 003A,Greenwich,South East,Greenwich,South East,borough
E01001576,Greenwich 003B,Greenwich,South East,Greenwich,South East,borough
E01001577,Greenwich 003C,Greenwich,South East,Greenwich,South East,borough
E01001578,Greenwich 003D,Greenwich,South East,Greenwich,South East,borough
E01001579,Greenwich 003E,Greenwich,South East,Greenwich,South East,borough
E01001580,Greenwich 021A,Greenwich,South East,Greenwich,South East,borough
E01001581,Greenwich 016A,Greenwich,South East,Greenwich,South East,borough
E01001582,Greenwich 021B,Greenwich,South East,Greenwich,South East,borough
E01001583,Greenwich 021C,Greenwich,South East,Greenwich,South East,borough
E01001584,Greenwich 021D,Greenwich,South East,Greenwich,South East,borough
E01001585,Greenwich 016B,Greenwich,South East,Greenwich,South East,borough
E01001586,Greenwich 016C,Greenwich,South East,Greenwich,South East,borough
E01001587,Greenwich 016D,Greenwich,South East,Greenwich,South East,borough
E01001588,Greenwich 012A,Greenwich,South East,Greenwich,South East,borough
E01001589,Greenwich 012B,Greenwich,South East,Greenwich,South East,borough
E01001590,Greenwich 014A,Greenwich,South East,Greenwich,South East,borough
E01001591,Greenwich 012C,Greenwich,South East,Greenwich,South East,borough
E01001592,Greenwich 014B,Greenwich,South East,Greenwich,South East,borough
E01001593,Greenwich 014C,Greenwich,South East,Greenwich,South East,borough
E01001594,Greenwich 014D,Greenwich,South East,Greenwich,South East,borough
E01001595,Greenwich 012D,Greenwich,South East,Greenwich,South East,borough
E01001596,Greenwich 032A,Greenwich,South East,Greenwich,South East,borough
E01001597,Greenwich 031A,Greenwich,South East,Greenwich,South East,borough
E01001598,Greenwich 031B,Greenwich,South East,Greenwich,South East,borough
E01001599,Greenwich 032B,Greenwich,South East,Greenwich,South East,borough
E01001600,Greenwich 032C,Greenwich,South East,Greenwich,South East,borough
E01001601,Greenwich 032D,Greenwich,South East,Greenwich,South East,borough
E01001602,Greenwich 031C,Greenwich,South East,Greenwich,South East,borough
E01001603,Greenwich 031D,Greenwich,South East,Greenwich,South East,borough
E01001604,Greenwich 027A,Greenwich,South East,Greenwich,South East,borough
E01001605,Greenwich 023A,Greenwich,South East,Greenwich,South East,borough
E01001606,Greenwich 023B,Greenwich,South East,Greenwich,South East,borough
E01001607,Greenwich 027B,Greenwich,South East,Greenwich,South East,borough
E01001608,Greenwich 027C,Greenwich,South East,Greenwich,South East,borough
E01001609,Greenwich 027D,Greenwich,South East,Greenwich,South East,borough
E01001610,Greenwich 023C,Greenwich,South East,Greenwich,South East,borough
E01001611,Greenwich 023D,Greenwich,South East,Greenwich,South East,borough
E01001613,Greenwich 028A,Greenwich,South East,Greenwich,South East,borough
E01001614,Greenwich 028B,Greenwich,South East,Greenwich,South East,borough
E01001615,Greenwich 028C,Greenwich,South East,Greenwich,South East,borough
E01001617,Greenwich 028D,Greenwich,South East,Greenwich,South East,borough
E01001618,Greenwich 030C,Greenwich,South East,Greenwich,South East,borough
E01001619,Greenwich 030D,Greenwich,South East,Greenwich,South East,borough
E01001620,Greenwich 025A,Greenwich,South East,Greenwich,South East,borough
E01001621,Greenwich 025B,Greenwich,South East,Greenwich,South East,borough
E01001623,Greenwich 025C,Greenwich,South East,Greenwich,South East,borough
E01001624,Greenwich 025D,Greenwich,South East,Greenwich,South East,borough
E01001625,Greenwich 025E,Greenwich,South East,Greenwich,South East,borough
E01001629,Greenwich 009A,Greenwich,South East,Greenwich,South East,borough
E01001631,Greenwich 007B,Greenwich,South East,Greenwich,South East,borough
E01001632,Greenwich 007C,Greenwich,South East,Greenwich,South East,borough
E01001633,Greenwich 009B,Greenwich,South East,Greenwich,South East,borough
E01001634,Greenwich 009C,Greenwich,South East,Greenwich,South East,borough
E01001635,Greenwich 007D,Greenwich,South East,Greenwich,South East,borough
E01001636,Greenwich 007E,Greenwich,South East,Greenwich,South East,borough
E01001637,Greenwich 009D,Greenwich,South East,Greenwich,South East,borough
E01001638,Greenwich 038A,Greenwich,South East,Greenwich,South East,borough
E01001641,Greenwich 038B,Greenwich,South East,Greenwich,South East,borough
E01001642,Greenwich 038C,Greenwich,South East,Greenwich,South East,borough
E01001644,Greenwich 038D,Greenwich,South East,Greenwich,South East,borough
E01001645,Greenwich 022A,Greenwich,South East,Greenwich,South East,borough
E01001646,Greenwich 019A,Greenwich,South East,Greenwich,South East,borough
E01001647,Greenwich 022B,Greenwich,South East,Greenwich,South East,borough
E01001648,Greenwich 022C,Greenwich,South East,Greenwich,South East,borough
E01001649,Greenwich 022D,Greenwich,South East,Greenwich,South East,borough
E01001650,Greenwich 019B,Greenwich,South East,Greenwich,South East,borough
E01001651,Greenwich 019C,Greenwich,South East,Greenwich,South East,borough
E01001652,Greenwich 019D,Greenwich,South East,Greenwich,South East,borough
E01001653,Greenwich 029A,Greenwich,South East,Greenwich,South East,borough
E01001654,Greenwich 029B,Greenwich,South East,Greenwich,South East,borough
E01001655,Greenwich 029C,Greenwich,South East,Greenwich,South East,borough
E01001656,Greenwich 034A,Greenwich,South East,Greenwich,South East,borough
E01001657,Greenwich 034B,Greenwich,South East,Greenwich,South East,borough
E01001658,Greenwich 034C,Greenwich,South East,Greenwich,South East,borough
E01001659,Greenwich 034D,Greenwich,South East,Greenwich,South East,borough
E01001660,Greenwich 029D,Greenwich,South East,Greenwich,South East,borough
E01001661,Greenwich 029E,Greenwich,South East,Greenwich,South East,borough
E01001664,Greenwich 037B,Greenwich,South East,Greenwich,South East,borough
E01001665,Greenwich 037C,Greenwich,South East,Greenwich,South East,borough
E01001666,Greenwich 041G,Greenwich,South East,Greenwich,South East,borough
E01001669,Greenwich 033A,Greenwich,South East,Greenwich,South East,borough
E01001671,Greenwich 033B,Greenwich,South East,Greenwich,South East,borough
E01001672,Greenwich 006A,Greenwich,South East,Greenwich,South East,borough
E01001673,Greenwich 006B,Greenwich,South East,Greenwich,South East,borough
E01001674,Greenwich 006C,Greenwich,South East,Greenwich,South East,borough
E01001675,Greenwich 006D,Greenwich,South East,Greenwich,South East,borough
E01001676,Greenwich 033C,Greenwich,South East,Greenwich,South East,borough
E01001677,Greenwich 006E,Greenwich,South East,Greenwich,South East,borough
E01001678,Greenwich 017A,Greenwich,South East,Greenwich,South East,borough
E01001679,Greenwich 020A,Greenwich,South East,Greenwich,South East,borough
E01001680,Greenwich 020B,Greenwich,South East,Greenwich,South East,borough
E01001681,Greenwich 020C,Greenwich,South East,Greenwich,South East,borough
E01001682,Greenwich 020D,Greenwich,South East,Greenwich,South East,borough
E01001683,Greenwich 017B,Greenwich,South East,Greenwich,South East,borough
E01001684,Greenwich 017C,Greenwich,South East,Greenwich,South East,borough
E01001685,Greenwich 017D,Greenwich,South East,Greenwich,South East,borough
E01001686,Greenwich 020E,Greenwich,South East,Greenwich,South East,borough
E01001687,Greenwich 002A,Greenwich,South East,Greenwich,South East,borough
E01001688,Greenwich 002B,Greenwich,South East,Greenwich,South East,borough
E01001690,Greenwich 001A,Greenwich,South East,Greenwich,South East,borough
E01001692,Greenwich 001B,Greenwich,South East,Greenwich,South East,borough
E01001693,Greenwich 001C,Greenwich,South East,Greenwich,South East,borough
E01001694,Greenwich 001D,Greenwich,South East,Greenwich,South East,borough
E01001695,Greenwich 011A,Greenwich,South East,Greenwich,South East,borough
E01001696,Greenwich 011B,Greenwich,South East,Greenwich,South East,borough
E01001697,Greenwich 011C,Greenwich,South East,Greenwich,South East,borough
E01001698,Greenwich 015A,Greenwich,South East,Greenwich,South East,borough
E01001699,Greenwich 015B,Greenwich,South East,Greenwich,South East,borough
E01001700,Greenwich 011D,Greenwich,South East,Greenwich,South East,borough
E01001701,Greenwich 015C,Greenwich,South East,Greenwich,South East,borough
E01001702,Greenwich 015D,Greenwich,South East,Greenwich,South East,borough
E01001703,Greenwich 011E,Greenwich,South East,Greenwich,South East,borough
E01001704,Greenwich 011F,Greenwich,South East,Greenwich,South East,borough
E01001705,Greenwich 005A,Greenwich,South East,Greenwich,South East,borough
E01001708,Greenwich 005C,Greenwich,South East,Greenwich,South East,borough
E01001710,Greenwich 005D,Greenwich,South East,Greenwich,South East,borough
E01001712,Greenwich 042A,Greenwich,South East,Greenwich,South East,borough
E01001714,Hackney 002A,Hackney,North East,Homerton,North East,borough
E01001715,Hackney 007A,Hackney,North East,Homerton,North East,borough
E01001716,Hackney 007B,Hackney,North East,Homerton,North East,borough
E01001717,Hackney 007C,Hackney,North East,Homerton,North East,borough
E01001718,Hackney 007D,Hackney,North East,Homerton,North East,borough
E01001719,Hackney 007E,Hackney,North East,Homerton,North East,borough
E01001720,Hackney 007F,Hackney,North East,Homerton,North East,borough
E01001722,Hackney 029A,Hackney,North East,Homerton,North East,borough
E01001723,Hackney 006A,Hackney,North East,Homerton,North East,borough
E01001724,Hackney 006B,Hackney,North East,Homerton,North East,borough
E01001725,Hackney 004A,Hackney,North East,Homerton,North East,borough
E01001726,Hackney 004B,Hackney,North East,Homerton,North East,borough
E01001727,Hackney 006C,Hackney,North East,Homerton,North East,borough
E01001728,Hackney 029B,Hackney,North East,Homerton,North East,borough
E01001729,Hackney 019A,Hackney,North East,Homerton,North East,borough
E01001730,Hackney 019B,Hackney,North East,Homerton,North East,borough
E01001731,Hackney 017A,Hackney,North East,Homerton,North East,borough
E01001732,Hackney 019C,Hackney,North East,Homerton,North East,borough
E01001733,Hackney 015A,Hackney,North East,Homerton,North East,borough
E01001734,Hackney 017B,Hackney,North East,Homerton,North East,borough
E01001735,Hackney 019D,Hackney,North East,Homerton,North East,borough
E01001736,Hackney 012A,Hackney,North East,Homerton,North East,borough
E01001737,Hackney 012B,Hackney,North East,Homerton,North East,borough
E01001738,Hackney 012C,Hackney,North East,Homerton,North East,borough
E01001739,Hackney 012D,Hackney,North East,Homerton,North East,borough
E01001740,Hackney 014A,Hackney,North East,Homerton,North East,borough
E01001741,Hackney 009A,Hackney,North East,Homerton,North East,borough
E01001742,Hackney 008A,Hackney,North East,Homerton,North East,borough
E01001744,Hackney 031A,Hackney,North East,Homerton,North East,borough
E01001745,Hackney 016A,Hackney,North East,Homerton,North East,borough
E01001746,Hackney 016B,Hackney,North East,Homerton,North East,borough
E01001747,Hackney 014B,Hackney,North East,Homerton,North East,borough
E01001749,Hackney 020B,Hackney,North East,Homerton,North East,borough
E01001750,Hackney 031D,Hackney,North East,Homerton,North East,borough
E01001751,Hackney 031B,Hackney,North East,Homerton,North East,borough
E01001753,Hackney 025B,Hackney,North East,Homerton,North East,borough
E01001755,Hackney 025D,Hackney,North East,Homerton,North East,borough
E01001756,Hackney 030C,Hackney,North East,Homerton,North East,borough
E01001757,Hackney 016C,Hackney,North East,Homerton,North East,borough
E01001758,Hackney 016D,Hackney,North East,Homerton,North East,borough
E01001759,Hackney 016E,Hackney,North East,Homerton,North East,borough
E01001760,Hackney 017C,Hackney,North East,Homerton,North East,borough
E01001761,Hackney 016F,Hackney,North East,Homerton,North East,borough
E01001762,Hackney 017D,Hackney,North East,Homerton,North East,borough
E01001763,Hackney 020C,Hackney,North East,Homerton,North East,borough
E01001764,Hackney 010A,Hackney,North East,Homerton,North East,borough
E01001765,Hackney 010B,Hackney,North East,Homerton,North East,borough
E01001767,Hackney 010D,Hackney,North East,Homerton,North East,borough
E01001768,Hackney 006D,Hackney,North East,Homerton,North East,borough
E01001769,Hackney 006E,Hackney,North East,Homerton,North East,borough
E01001770,Hackney 010E,Hackney,North East,Homerton,North East,borough
E01001772,Hackney 024A,Hackney,North East,Homerton,North East,borough
E01001773,Hackney 025E,Hackney,North East,Homerton,North East,borough
E01001774,Hackney 024B,Hackney,North East,Homerton,North East,borough
E01001775,Hackney 024C,Hackney,North East,Homerton,North East,borough
E01001776,Hackney 025F,Hackney,North East,Homerton,North East,borough
E01001777,Hackney 033A,Hackney,North East,Homerton,North East,borough
E01001780,Hackney 032D,Hackney,North East,Homerton,North East,borough
E01001781,Hackney 026B,Hackney,North East,Homerton,North East,borough
E01001783,Hackney 026D,Hackney,North East,Homerton,North East,borough
E01001784,Hackney 032A,Hackney,North East,Homerton,North East,borough
E01001785,Hackney 015B,Hackney,North East,Homerton,North East,borough
E01001786,Hackney 013A,Hackney,North East,Homerton,North East,borough
E01001787,Hackney 013B,Hackney,North East,Homerton,North East,borough
E01001788,Hackney 013C,Hackney,North East,Homerton,North East,borough
E01001789,Hackney 015C,Hackney,North East,Homerton,North East,borough
E01001790,Hackney 013D,Hackney,North East,Homerton,North East,borough
E01001791,Hackney 015D,Hackney,North East,Homerton,North East,borough
E01001792,Hackney 011A,Hackney,North East,Homerton,North East,borough
E01001793,Hackney 011B,Hackney,North East,Homerton,North East,borough
E01001794,Hackney 011C,Hackney,North East,Homerton,North East,borough
E01001795,Hackney 011D,Hackney,North East,Homerton,North East,borough
E01001796,Hackney 011E,Hackney,North East,Homerton,North East,borough
E01001798,Hackney 028A,Hackney,North East,Homerton,North East,borough
E01001799,Hackney 003A,Hackney,North East,Homerton,North East,borough
E01001800,Hackney 004C,Hackney,North East,Homerton,North East,borough
E01001801,Hackney 008B,Hackney,North East,Homerton,North East,borough
E01001802,Hackney 003B,Hackney,North East,Homerton,North East,borough
E01001803,Hackney 008C,Hackney,North East,Homerton,North East,borough
E01001804,Hackney 003C,Hackney,North East,Homerton,North East,borough
E01001805,Hackney 009B,Hackney,North East,Homerton,North East,borough
E01001806,Hackney 008D,Hackney,North East,Homerton,North East,borough
E01001807,Hackney 003D,Hackney,North East,Homerton,North East,borough
E01001808,Hackney 001A,Hackney,North East,Homerton,North East,borough
E01001809,Hackney 001B,Hackney,North East,Homerton,North East,borough
E01001811,Hackney 002D,Hackney,North East,Homerton,North East,borough
E01001812,Hackney 003E,Hackney,North East,Homerton,North East,borough
E01001813,Hackney 002E,Hackney,North East,Homerton,North East,borough
E01001814,Hackney 001C,Hackney,North East,Homerton,North East,borough
E01001815,Hackney 024D,Hackney,North East,Homerton,North East,borough
E01001816,Hackney 020D,Hackney,North East,Homerton,North East,borough
E01001819,Hackney 020E,Hackney,North East,Homerton,North East,borough
E01001820,Hackney 024E,Hackney,North East,Homerton,North East,borough
E01001821,Hackney 024F,Hackney,North East,Homerton,North East,borough
E01001822,Hackney 029C,Hackney,North East,Homerton,North East,borough
E01001823,Hackney 001D,Hackney,North East,Homerton,North East,borough
E01001824,Hackney 004D,Hackney,North East,Homerton,North East,borough
E01001825,Hackney 001E,Hackney,North East,Homerton,North East,borough
E01001826,Hackney 004E,Hackney,North East,Homerton,North East,borough
E01001827,Hackney 029D,Hackney,North East,Homerton,North East,borough
E01001828,Hackney 028B,Hackney,North East,Homerton,North East,borough
E01001829,Hackney 009C,Hackney,North East,Homerton,North East,borough
E01001830,Hackney 014C,Hackney,North East,Homerton,North East,borough
E01001831,Hackney 009D,Hackney,North East,Homerton,North East,borough
E01001832,Hackney 009E,Hackney,North East,Homerton,North East,borough
E01001833,Hackney 014D,Hackney,North East,Homerton,North East,borough
E01001834,Hackney 014E,Hackney,North East,Homerton,North East,borough
E01001835,Hackney 014F,Hackney,North East,Homerton,North East,borough
E01001836,Hackney 022A,Hackney,North East,Homerton,North East,borough
E01001837,Hackney 023B,Hackney,North East,Homerton,North East,borough
E01001838,Hackney 019E,Hackney,North East,Homerton,North East,borough
E01001839,Hackney 023C,Hackney,North East,Homerton,North East,borough
E01001840,Hackney 022B,Hackney,North East,Homerton,North East,borough
E01001841,Hackney 022C,Hackney,North East,Homerton,North East,borough
E01001842,Hackney 023D,Hackney,North East,Homerton,North East,borough
E01001843,Hackney 023E,Hackney,North East,Homerton,North East,borough
E01001844,Hackney 022D,Hackney,North East,Homerton,North East,borough
E01001845,Hackney 022E,Hackney,North East,Homerton,North East,borough
E01001846,Hackney 018A,Hackney,North East,Homerton,North East,borough
E01001847,Hackney 018B,Hackney,North East,Homerton,North East,borough
E01001848,Hackney 018C,Hackney,North East,Homerton,North East,borough
E01001849,Hackney 018D,Hackney,North East,Homerton,North East,borough
E01001850,Hackney 019F,Hackney,North East,Homerton,North East,borough
E01001851,Hammersmith and Fulham 010A,Hammersmith and Fulham,North West,Fulham,North West,borough
E01001852,Hammersmith and Fulham 007A,Hammersmith and Fulham,North West,Fulham,North West,borough
E01001853,Hammersmith and Fulham 007B,Hammersmith and Fulham,North West,Fulham,North West,borough
E01001854,Hammersmith and Fulham 007C,Hammersmith and Fulham,North West,Fulham,North West,borough
E01001855,Hammersmith and Fulham 010B,Hammersmith and Fulham,North West,Fulham,North West,borough
E01001856,Hammersmith and Fulham 010C,Hammersmith and Fulham,North West,Fulham,North West,borough
E01001857,Hammersmith and Fulham 007D,Hammersmith and Fulham,North West,Fulham,North West,borough
E01001858,Hammersmith and Fulham 006A,Hammersmith and Fulham,North West,Fulham,North West,borough
E01001859,Hammersmith and Fulham 008A,Hammersmith and Fulham,North West,Fulham,North West,borough
E01001860,Hammersmith and Fulham 006B,Hammersmith and Fulham,North West,Fulham,North West,borough
E01001861,Hammersmith and Fulham 006C,Hammersmith and Fulham,North West,Fulham,North West,borough
E01001862,Hammersmith and Fulham 005A,Hammersmith and Fulham,North West,Fulham,North West,borough
E01001863,Hammersmith and Fulham 006D,Hammersmith and Fulham,North West,Fulham,North West,borough
E01001864,Hammersmith and Fulham 006E,Hammersmith and Fulham,North West,Fulham,North West,borough
E01001865,Hammersmith and Fulham 008B,Hammersmith and Fulham,North West,Fulham,North West,borough
E01001866,Hammersmith and Fulham 012A,Hammersmith and Fulham,North West,Fulham,North West,borough
E01001867,Hammersmith and Fulham 012B,Hammersmith and Fulham,North West,Fulham,North West,borough
E01001868,Hammersmith and Fulham 012C,Hammersmith and Fulham,North West,Fulham,North West,borough
E01001869,Hammersmith and Fulham 010D,Hammersmith and Fulham,North West,Fulham,North West,borough
E01001870,Hammersmith and Fulham 012D,Hammersmith and Fulham,North West,Fulham,North West,borough
E01001871,Hammersmith and Fulham 012E,Hammersmith and Fulham,North West,Fulham,North West,borough
E01001872,Hammersmith and Fulham 012F,Hammersmith and Fulham,North West,Fulham,North West,borough
E01001873,Hammersmith and Fulham 010E,Hammersmith and Fulham,North West,Fulham,North West,borough
E01001875,Hammersmith and Fulham 001B,Hammersmith and Fulham,North West,Fulham,North West,borough
E01001876,Hammersmith and Fulham 001C,Hammersmith and Fulham,North West,Fulham,North West,borough
E01001877,Hammersmith and Fulham 001D,Hammersmith and Fulham,North West,Fulham,North West,borough
E01001878,Hammersmith and Fulham 001E,Hammersmith and Fulham,North West,Fulham,North West,borough
E01001879,Hammersmith and Fulham 019A,Hammersmith and Fulham,North West,Fulham,North West,borough
E01001880,Hammersmith and Fulham 017A,Hammersmith and Fulham,North West,Fulham,North West,borough
E01001881,Hammersmith and Fulham 017B,Hammersmith and Fulham,North West,Fulham,North West,borough
E01001882,Hammersmith and Fulham 017C,Hammersmith and Fulham,North West,Fulham,North West,borough
E01001883,Hammersmith and Fulham 017D,Hammersmith and Fulham,North West,Fulham,North West,borough
E01001884,Hammersmith and Fulham 017E,Hammersmith and Fulham,North West,Fulham,North West,borough
E01001885,Hammersmith and Fulham 015A,Hammersmith and Fulham,North West,Fulham,North West,borough
E01001886,Hammersmith and Fulham 016A,Hammersmith and Fulham,North West,Fulham,North West,borough
E01001887,Hammersmith and Fulham 016B,Hammersmith and Fulham,North West,Fulham,North West,borough
E01001888,Hammersmith and Fulham 018A,Hammersmith and Fulham,North West,Fulham,North West,borough
E01001889,Hammersmith and Fulham 014A,Hammersmith and Fulham,North West,Fulham,North West,borough
E01001890,Hammersmith and Fulham 016C,Hammersmith and Fulham,North West,Fulham,North West,borough
E01001891,Hammersmith and Fulham 018B,Hammersmith and Fulham,North West,Fulham,North West,borough
E01001892,Hammersmith and Fulham 016D,Hammersmith and Fulham,North West,Fulham,North West,borough
E01001893,Hammersmith and Fulham 013A,Hammersmith and Fulham,North West,Fulham,North West,borough
E01001894,Hammersmith and Fulham 013B,Hammersmith and Fulham,North West,Fulham,North West,borough
E01001895,Hammersmith and Fulham 009A,Hammersmith and Fulham,North West,Fulham,North West,borough
E01001896,Hammersmith and Fulham 009B,Hammersmith and Fulham,North West,Fulham,North West,borough
E01001897,Hammersmith and Fulham 009C,Hammersmith and Fulham,North West,Fulham,North West,borough
E01001898,Hammersmith and Fulham 013C,Hammersmith and Fulham,North West,Fulham,North West,borough
E01001899,Hammersmith and Fulham 013D,Hammersmith and Fulham,North West,Fulham,North West,borough
E01001900,Hammersmith and Fulham 013E,Hammersmith and Fulham,North West,Fulham,North West,borough
E01001901,Hammersmith and Fulham 019B,Hammersmith and Fulham,North West,Fulham,North West,borough
E01001902,Hammersmith and Fulham 019C,Hammersmith and Fulham,North West,Fulham,North West,borough
E01001903,Hammersmith and Fulham 019D,Hammersmith and Fulham,North West,Fulham,North West,borough
E01001904,Hammersmith and Fulham 022A,Hammersmith and Fulham,North West,Fulham,North West,borough
E01001905,Hammersmith and Fulham 022B,Hammersmith and Fulham,North West,Fulham,North West,borough
E01001906,Hammersmith and Fulham 022C,Hammersmith and Fulham,North West,Fulham,North West,borough
E01001907,Hammersmith and Fulham 022D,Hammersmith and Fulham,North West,Fulham,North West,borough
E01001908,Hammersmith and Fulham 015B,Hammersmith and Fulham,North West,Fulham,North West,borough
E01001909,Hammersmith and Fulham 015C,Hammersmith and Fulham,North West,Fulham,North West,borough
E01001910,Hammersmith and Fulham 014B,Hammersmith and Fulham,North West,Fulham,North West,borough
E01001911,Hammersmith and Fulham 015D,Hammersmith and Fulham,North West,Fulham,North West,borough
E01001912,Hammersmith and Fulham 015E,Hammersmith and Fulham,North West,Fulham,North West,borough
E01001913,Hammersmith and Fulham 014C,Hammersmith and Fulham,North West,Fulham,North West,borough
E01001914,Hammersmith and Fulham 014D,Hammersmith and Fulham,North West,Fulham,North West,borough
E01001915,Hammersmith and Fulham 024A,Hammersmith and Fulham,North West,Fulham,North West,borough
E01001916,Hammersmith and Fulham 024B,Hammersmith and Fulham,North West,Fulham,North West,borough
E01001917,Hammersmith and Fulham 018C,Hammersmith and Fulham,North West,Fulham,North West,borough
E01001918,Hammersmith and Fulham 018D,Hammersmith and Fulham,North West,Fulham,North West,borough
E01001919,Hammersmith and Fulham 018E,Hammersmith and Fulham,North West,Fulham,North West,borough
E01001920,Hammersmith and Fulham 020A,Hammersmith and Fulham,North West,Fulham,North West,borough
E01001921,Hammersmith and Fulham 020B,Hammersmith and Fulham,North West,Fulham,North West,borough
E01001922,Hammersmith and Fulham 020C,Hammersmith and Fulham,North West,Fulham,North West,borough
E01001923,Hammersmith and Fulham 020D,Hammersmith and Fulham,North West,Fulham,North West,borough
E01001924,Hammersmith and Fulham 020E,Hammersmith and Fulham,North West,Fulham,North West,borough
E01001925,Hammersmith and Fulham 025A,Hammersmith and Fulham,North West,Fulham,North West,borough
E01001926,Hammersmith and Fulham 024C,Hammersmith and Fulham,North West,Fulham,North West,borough
E01001927,Hammersmith and Fulham 008C,Hammersmith and Fulham,North West,Fulham,North West,borough
E01001928,Hammersmith and Fulham 011A,Hammersmith and Fulham,North West,Fulham,North West,borough
E01001929,Hammersmith and Fulham 009D,Hammersmith and Fulham,North West,Fulham,North West,borough
E01001930,Hammersmith and Fulham 008D,Hammersmith and Fulham,North West,Fulham,North West,borough
E01001931,Hammersmith and Fulham 011B,Hammersmith and Fulham,North West,Fulham,North West,borough
E01001932,Hammersmith and Fulham 011C,Hammersmith and Fulham,North West,Fulham,North West,borough
E01001933,Hammersmith and Fulham 011D,Hammersmith and Fulham,North West,Fulham,North West,borough
E01001934,Hammersmith and Fulham 025B,Hammersmith and Fulham,North West,Fulham,North West,borough
E01001935,Hammersmith and Fulham 023A,Hammersmith and Fulham,North West,Fulham,North West,borough
E01001937,Hammersmith and Fulham 025C,Hammersmith and Fulham,North West,Fulham,North West,borough
E01001938,Hammersmith and Fulham 025D,Hammersmith and Fulham,North West,Fulham,North West,borough
E01001940,Hammersmith and Fulham 005B,Hammersmith and Fulham,North West,Fulham,North West,borough
E01001941,Hammersmith and Fulham 005C,Hammersmith and Fulham,North West,Fulham,North West,borough
E01001942,Hammersmith and Fulham 005D,Hammersmith and Fulham,North West,Fulham,North West,borough
E01001943,Hammersmith and Fulham 004A,Hammersmith and Fulham,North West,Fulham,North West,borough
E01001944,Hammersmith and Fulham 004B,Hammersmith and Fulham,North West,Fulham,North West,borough
E01001945,Hammersmith and Fulham 004C,Hammersmith and Fulham,North West,Fulham,North West,borough
E01001946,Hammersmith and Fulham 004D,Hammersmith and Fulham,North West,Fulham,North West,borough
E01001947,Hammersmith and Fulham 021A,Hammersmith and Fulham,North West,Fulham,North West,borough
E01001948,Hammersmith and Fulham 021B,Hammersmith and Fulham,North West,Fulham,North West,borough
E01001949,Hammersmith and Fulham 021C,Hammersmith and Fulham,North West,Fulham,North West,borough
E01001950,Hammersmith and Fulham 021D,Hammersmith and Fulham,North West,Fulham,North West,borough
E01001951,Hammersmith and Fulham 021E,Hammersmith and Fulham,North West,Fulham,North West,borough
E01001952,Hammersmith and Fulham 024D,Hammersmith and Fulham,North West,Fulham,North West,borough
E01001953,Hammersmith and Fulham 021F,Hammersmith and Fulham,North West,Fulham,North West,borough
E01001954,Hammersmith and Fulham 003A,Hammersmith and Fulham,North West,Fulham,North West,borough
E01001955,Hammersmith and Fulham 002A,Hammersmith and Fulham,North West,Fulham,North West,borough
E01001956,Hammersmith and Fulham 003B,Hammersmith and Fulham,North West,Fulham,North West,borough
E01001957,Hammersmith and Fulham 002B,Hammersmith and Fulham,North West,Fulham,North West,borough
E01001958,Hammersmith and Fulham 002C,Hammersmith and Fulham,North West,Fulham,North West,borough
E01001959,Hammersmith and Fulham 003C,Hammersmith and Fulham,North West,Fulham,North West,borough
E01001960,Hammersmith and Fulham 003D,Hammersmith and Fulham,North West,Fulham,North West,borough
E01001961,Hammersmith and Fulham 002D,Hammersmith and Fulham,North West,Fulham,North West,borough
E01001962,Haringey 004A,Haringey,North Central,Edmonton,North Central,borough
E01001963,Haringey 009A,Haringey,North Central,Edmonton,North Central,borough
E01001964,Haringey 009B,Haringey,North Central,Edmonton,North Central,borough
E01001965,Haringey 009C,Haringey,North Central,Edmonton,North Central,borough
E01001966,Haringey 009D,Haringey,North Central,Edmonton,North Central,borough
E01001967,Haringey 014A,Haringey,North Central,Edmonton,North Central,borough
E01001968,Haringey 014B,Haringey,North Central,Edmonton,North Central,borough
E01001969,Haringey 001A,Haringey,North Central,Edmonton,North Central,borough
E01001970,Haringey 004B,Haringey,North Central,Edmonton,North Central,borough
E01001971,Haringey 001B,Haringey,North Central,Edmonton,North Central,borough
E01001972,Haringey 004C,Haringey,North Central,Edmonton,North Central,borough
E01001973,Haringey 004D,Haringey,North Central,Edmonton,North Central,borough
E01001974,Haringey 001C,Haringey,North Central,Edmonton,North Central,borough
E01001975,Haringey 001D,Haringey,North Central,Edmonton,North Central,borough
E01001976,Haringey 011A,Haringey,North Central,Edmonton,North Central,borough
E01001977,Haringey 011B,Haringey,North Central,Edmonton,North Central,borough
E01001978,Haringey 011C,Haringey,North Central,Edmonton,North Central,borough
E01001979,Haringey 011D,Haringey,North Central,Edmonton,North Central,borough
E01001980,Haringey 018A,Haringey,North Central,Edmonton,North Central,borough
E01001981,Haringey 018B,Haringey,North Central,Edmonton,North Central,borough
E01001982,Haringey 018C,Haringey,North Central,Edmonton,North Central,borough
E01001983,Haringey 018D,Haringey,North Central,Edmonton,North Central,borough
E01001984,Haringey 033A,Haringey,North Central,Edmonton,North Central,borough
E01001985,Haringey 033B,Haringey,North Central,Edmonton,North Central,borough
E01001986,Haringey 034A,Haringey,North Central,Edmonton,North Central,borough
E01001987,Haringey 033C,Haringey,North Central,Edmonton,North Central,borough
E01001988,Haringey 034B,Haringey,North Central,Edmonton,North Central,borough
E01001989,Haringey 033D,Haringey,North Central,Edmonton,North Central,borough
E01001990,Haringey 034C,Haringey,North Central,Edmonton,North Central,borough
E01001991,Haringey 017A,Haringey,North Central,Edmonton,North Central,borough
E01001992,Haringey 017B,Haringey,North Central,Edmonton,North Central,borough
E01001993,Haringey 017C,Haringey,North Central,Edmonton,North Central,borough
E01001994,Haringey 030A,Haringey,North Central,Edmonton,North Central,borough
E01001995,Haringey 017D,Haringey,North Central,Edmonton,North Central,borough
E01001996,Haringey 014C,Haringey,North Central,Edmonton,North Central,borough
E01001997,Haringey 014D,Haringey,North Central,Edmonton,North Central,borough
E01001998,Haringey 023A,Haringey,North Central,Edmonton,North Central,borough
E01001999,Haringey 023B,Haringey,North Central,Edmonton,North Central,borough
E01002000,Haringey 031A,Haringey,North Central,Edmonton,North Central,borough
E01002001,Haringey 031B,Haringey,North Central,Edmonton,North Central,borough
E01002002,Haringey 031C,Haringey,North Central,Edmonton,North Central,borough
E01002003,Haringey 023C,Haringey,North Central,Edmonton,North Central,borough
E01002004,Haringey 023D,Haringey,North Central,Edmonton,North Central,borough
E01002005,Haringey 035A,Haringey,North Central,Edmonton,North Central,borough
E01002006,Haringey 035B,Haringey,North Central,Edmonton,North Central,borough
E01002007,Haringey 035C,Haringey,North Central,Edmonton,North Central,borough
E01002008,Haringey 030B,Haringey,North Central,Edmonton,North Central,borough
E01002009,Haringey 035D,Haringey,North Central,Edmonton,North Central,borough
E01002010,Haringey 030C,Haringey,North Central,Edmonton,North Central,borough
E01002011,Haringey 030D,Haringey,North Central,Edmonton,North Central,borough
E01002013,Haringey 022A,Haringey,North Central,Edmonton,North Central,borough
E01002014,Haringey 020B,Haringey,North Central,Edmonton,North Central,borough
E01002015,Haringey 020C,Haringey,North Central,Edmonton,North Central,borough
E01002016,Haringey 028A,Haringey,North Central,Edmonton,North Central,borough
E01002017,Haringey 028B,Haringey,North Central,Edmonton,North Central,borough
E01002018,Haringey 020D,Haringey,North Central,Edmonton,North Central,borough
E01002019,Haringey 022B,Haringey,North Central,Edmonton,North Central,borough
E01002020,Haringey 021A,Haringey,North Central,Edmonton,North Central,borough
E01002021,Haringey 022C,Haringey,North Central,Edmonton,North Central,borough
E01002022,Haringey 021B,Haringey,North Central,Edmonton,North Central,borough
E01002023,Haringey 021C,Haringey,North Central,Edmonton,North Central,borough
E01002024,Haringey 022D,Haringey,North Central,Edmonton,North Central,borough
E01002025,Haringey 021D,Haringey,North Central,Edmonton,North Central,borough
E01002026,Haringey 016A,Haringey,North Central,Edmonton,North Central,borough
E01002027,Haringey 010A,Haringey,North Central,Edmonton,North Central,borough
E01002028,Haringey 010B,Haringey,North Central,Edmonton,North Central,borough
E01002029,Haringey 016B,Haringey,North Central,Edmonton,North Central,borough
E01002030,Haringey 016C,Haringey,North Central,Edmonton,North Central,borough
E01002031,Haringey 016D,Haringey,North Central,Edmonton,North Central,borough
E01002032,Haringey 010C,Haringey,North Central,Edmonton,North Central,borough
E01002033,Haringey 010D,Haringey,North Central,Edmonton,North Central,borough
E01002034,Haringey 037A,Haringey,North Central,Edmonton,North Central,borough
E01002036,Haringey 002A,Haringey,North Central,Edmonton,North Central,borough
E01002037,Haringey 002B,Haringey,North Central,Edmonton,North Central,borough
E01002038,Haringey 037B,Haringey,North Central,Edmonton,North Central,borough
E01002039,Haringey 002C,Haringey,North Central,Edmonton,North Central,borough
E01002040,Haringey 002D,Haringey,North Central,Edmonton,North Central,borough
E01002041,Haringey 037C,Haringey,North Central,Edmonton,North Central,borough
E01002042,Haringey 027A,Haringey,North Central,Edmonton,North Central,borough
E01002043,Haringey 026A,Haringey,North Central,Edmonton,North Central,borough
E01002044,Haringey 027B,Haringey,North Central,Edmonton,North Central,borough
E01002045,Haringey 026B,Haringey,North Central,Edmonton,North Central,borough
E01002046,Haringey 026C,Haringey,North Central,Edmonton,North Central,borough
E01002047,Haringey 027C,Haringey,North Central,Edmonton,North Central,borough
E01002048,Haringey 027D,Haringey,North Central,Edmonton,North Central,borough
E01002049,Haringey 026D,Haringey,North Central,Edmonton,North Central,borough
E01002050,Haringey 029A,Haringey,North Central,Edmonton,North Central,borough
E01002051,Haringey 029B,Haringey,North Central,Edmonton,North Central,borough
E01002052,Haringey 029C,Haringey,North Central,Edmonton,North Central,borough
E01002053,Haringey 032A,Haringey,North Central,Edmonton,North Central,borough
E01002054,Haringey 032B,Haringey,North Central,Edmonton,North Central,borough
E01002055,Haringey 029D,Haringey,North Central,Edmonton,North Central,borough
E01002056,Haringey 032C,Haringey,North Central,Edmonton,North Central,borough
E01002057,Haringey 032D,Haringey,North Central,Edmonton,North Central,borough
E01002058,Haringey 031D,Haringey,North Central,Edmonton,North Central,borough
E01002059,Haringey 028C,Haringey,North Central,Edmonton,North Central,borough
E01002060,Haringey 028D,Haringey,North Central,Edmonton,North Central,borough
E01002061,Haringey 036A,Haringey,North Central,Edmonton,North Central,borough
E01002062,Haringey 034D,Haringey,North Central,Edmonton,North Central,borough
E01002063,Haringey 036B,Haringey,North Central,Edmonton,North Central,borough
E01002064,Haringey 036C,Haringey,North Central,Edmonton,North Central,borough
E01002065,Haringey 036D,Haringey,North Central,Edmonton,North Central,borough
E01002066,Haringey 025A,Haringey,North Central,Edmonton,North Central,borough
E01002067,Haringey 024A,Haringey,North Central,Edmonton,North Central,borough
E01002068,Haringey 025B,Haringey,North Central,Edmonton,North Central,borough
E01002069,Haringey 024B,Haringey,North Central,Edmonton,North Central,borough
E01002070,Haringey 024C,Haringey,North Central,Edmonton,North Central,borough
E01002071,Haringey 025C,Haringey,North Central,Edmonton,North Central,borough
E01002072,Haringey 025D,Haringey,North Central,Edmonton,North Central,borough
E01002073,Haringey 024D,Haringey,North Central,Edmonton,North Central,borough
E01002074,Haringey 012A,Haringey,North Central,Edmonton,North Central,borough
E01002075,Haringey 015A,Haringey,North Central,Edmonton,North Central,borough
E01002076,Haringey 015B,Haringey,North Central,Edmonton,North Central,borough
E01002077,Haringey 012B,Haringey,North Central,Edmonton,North Central,borough
E01002078,Haringey 015C,Haringey,North Central,Edmonton,North Central,borough
E01002079,Haringey 012C,Haringey,North Central,Edmonton,North Central,borough
E01002081,Haringey 012D,Haringey,North Central,Edmonton,North Central,borough
E01002082,Haringey 013A,Haringey,North Central,Edmonton,North Central,borough
E01002083,Haringey 019A,Haringey,North Central,Edmonton,North Central,borough
E01002084,Haringey 019B,Haringey,North Central,Edmonton,North Central,borough
E01002085,Haringey 019C,Haringey,North Central,Edmonton,North Central,borough
E01002086,Haringey 013B,Haringey,North Central,Edmonton,North Central,borough
E01002087,Haringey 019D,Haringey,North Central,Edmonton,North Central,borough
E01002088,Haringey 013C,Haringey,North Central,Edmonton,North Central,borough
E01002089,Haringey 013D,Haringey,North Central,Edmonton,North Central,borough
E01002090,Haringey 005A,Haringey,North Central,Edmonton,North Central,borough
E01002091,Haringey 006A,Haringey,North Central,Edmonton,North Central,borough
E01002092,Haringey 006B,Haringey,North Central,Edmonton,North Central,borough
E01002093,Haringey 005B,Haringey,North Central,Edmonton,North Central,borough
E01002094,Haringey 006C,Haringey,North Central,Edmonton,North Central,borough
E01002095,Haringey 006D,Haringey,North Central,Edmonton,North Central,borough
E01002096,Haringey 005C,Haringey,North Central,Edmonton,North Central,borough
E01002097,Haringey 005D,Haringey,North Central,Edmonton,North Central,borough
E01002098,Haringey 007A,Haringey,North Central,Edmonton,North Central,borough
E01002099,Haringey 008A,Haringey,North Central,Edmonton,North Central,borough
E01002100,Haringey 008B,Haringey,North Central,Edmonton,North Central,borough
E01002101,Haringey 007B,Haringey,North Central,Edmonton,North Central,borough
E01002102,Haringey 007C,Haringey,North Central,Edmonton,North Central,borough
E01002103,Haringey 008C,Haringey,North Central,Edmonton,North Central,borough
E01002104,Haringey 008D,Haringey,North Central,Edmonton,North Central,borough
E01002105,Haringey 007D,Haringey,North Central,Edmonton,North Central,borough
E01002106,Harrow 008A,Harrow,North West,Brent,North West,borough
E01002107,Harrow 012A,Harrow,North West,Brent,North West,borough
E01002108,Harrow 008B,Harrow,North West,Brent,North West,borough
E01002109,Harrow 008C,Harrow,North West,Brent,North West,borough
E01002110,Harrow 008D,Harrow,North West,Brent,North West,borough
E01002111,Harrow 008E,Harrow,North West,Brent,North West,borough
E01002112,Harrow 001A,Harrow,North West,Brent,North West,borough
E01002113,Harrow 002A,Harrow,North West,Brent,North West,borough
E01002114,Harrow 001B,Harrow,North West,Brent,North West,borough
E01002115,Harrow 002B,Harrow,North West,Brent,North West,borough
E01002116,Harrow 002C,Harrow,North West,Brent,North West,borough
E01002118,Harrow 002E,Harrow,North West,Brent,North West,borough
E01002119,Harrow 007A,Harrow,North West,Brent,North West,borough
E01002120,Harrow 007B,Harrow,North West,Brent,North West,borough
E01002121,Harrow 007C,Harrow,North West,Brent,North West,borough
E01002122,Harrow 007D,Harrow,North West,Brent,North West,borough
E01002123,Harrow 007E,Harrow,North West,Brent,North West,borough
E01002124,Harrow 010A,Harrow,North West,Brent,North West,borough
E01002125,Harrow 010B,Harrow,North West,Brent,North West,borough
E01002127,Harrow 023B,Harrow,North West,Brent,North West,borough
E01002128,Harrow 020A,Harrow,North West,Brent,North West,borough
E01002129,Harrow 023C,Harrow,North West,Brent,North West,borough
E01002130,Harrow 020B,Harrow,North West,Brent,North West,borough
E01002131,Harrow 023D,Harrow,North West,Brent,North West,borough
E01002132,Harrow 029A,Harrow,North West,Brent,North West,borough
E01002133,Harrow 027A,Harrow,North West,Brent,North West,borough
E01002134,Harrow 029B,Harrow,North West,Brent,North West,borough
E01002135,Harrow 029C,Harrow,North West,Brent,North West,borough
E01002136,Harrow 027B,Harrow,North West,Brent,North West,borough
E01002137,Harrow 029D,Harrow,North West,Brent,North West,borough
E01002138,Harrow 027C,Harrow,North West,Brent,North West,borough
E01002139,Harrow 006A,Harrow,North West,Brent,North West,borough
E01002140,Harrow 005A,Harrow,North West,Brent,North West,borough
E01002141,Harrow 005B,Harrow,North West,Brent,North West,borough
E01002142,Harrow 005C,Harrow,North West,Brent,North West,borough
E01002143,Harrow 005D,Harrow,North West,Brent,North West,borough
E01002144,Harrow 004A,Harrow,North West,Brent,North West,borough
E01002145,Harrow 005E,Harrow,North West,Brent,North West,borough
E01002146,Harrow 004B,Harrow,North West,Brent,North West,borough
E01002147,Harrow 004C,Harrow,North West,Brent,North West,borough
E01002148,Harrow 006B,Harrow,North West,Brent,North West,borough
E01002149,Harrow 004D,Harrow,North West,Brent,North West,borough
E01002150,Harrow 006C,Harrow,North West,Brent,North West,borough
E01002151,Harrow 006D,Harrow,North West,Brent,North West,borough
E01002152,Harrow 006E,Harrow,North West,Brent,North West,borough
E01002153,Harrow 019A,Harrow,North West,Brent,North West,borough
E01002155,Harrow 019B,Harrow,North West,Brent,North West,borough
E01002156,Harrow 015B,Harrow,North West,Brent,North West,borough
E01002157,Harrow 019C,Harrow,North West,Brent,North West,borough
E01002158,Harrow 019D,Harrow,North West,Brent,North West,borough
E01002159,Harrow 021A,Harrow,North West,Brent,North West,borough
E01002160,Harrow 021B,Harrow,North West,Brent,North West,borough
E01002161,Harrow 021C,Harrow,North West,Brent,North West,borough
E01002162,Harrow 015C,Harrow,North West,Brent,North West,borough
E01002163,Harrow 015D,Harrow,North West,Brent,North West,borough
E01002164,Harrow 021D,Harrow,North West,Brent,North West,borough
E01002165,Harrow 017A,Harrow,North West,Brent,North West,borough
E01002166,Harrow 017B,Harrow,North West,Brent,North West,borough
E01002167,Harrow 017C,Harrow,North West,Brent,North West,borough
E01002168,Harrow 017D,Harrow,North West,Brent,North West,borough
E01002169,Harrow 017E,Harrow,North West,Brent,North West,borough
E01002170,Harrow 033A,Harrow,North West,Brent,North West,borough
E01002171,Harrow 033B,Harrow,North West,Brent,North West,borough
E01002172,Harrow 033C,Harrow,North West,Brent,North West,borough
E01002173,Harrow 033D,Harrow,North West,Brent,North West,borough
E01002174,Harrow 033E,Harrow,North West,Brent,North West,borough
E01002175,Harrow 033F,Harrow,North West,Brent,North West,borough
E01002176,Harrow 033G,Harrow,North West,Brent,North West,borough
E01002177,Harrow 033H,Harrow,North West,Brent,North West,borough
E01002178,Harrow 033I,Harrow,North West,Brent,North West,borough
E01002179,Harrow 013A,Harrow,North West,Brent,North West,borough
E01002181,Harrow 020C,Harrow,North West,Brent,North West,borough
E01002182,Harrow 020D,Harrow,North West,Brent,North West,borough
E01002183,Harrow 013C,Harrow,North West,Brent,North West,borough
E01002184,Harrow 013D,Harrow,North West,Brent,North West,borough
E01002185,Harrow 009A,Harrow,North West,Brent,North West,borough
E01002186,Harrow 009B,Harrow,North West,Brent,North West,borough
E01002187,Harrow 009C,Harrow,North West,Brent,North West,borough
E01002188,Harrow 016A,Harrow,North West,Brent,North West,borough
E01002189,Harrow 016B,Harrow,North West,Brent,North West,borough
E01002190,Harrow 009D,Harrow,North West,Brent,North West,borough
E01002191,Harrow 022A,Harrow,North West,Brent,North West,borough
E01002192,Harrow 016C,Harrow,North West,Brent,North West,borough
E01002193,Harrow 016D,Harrow,North West,Brent,North West,borough
E01002194,Harrow 022B,Harrow,North West,Brent,North West,borough
E01002195,Harrow 022C,Harrow,North West,Brent,North West,borough
E01002196,Harrow 022D,Harrow,North West,Brent,North West,borough
E01002197,Harrow 012B,Harrow,North West,Brent,North West,borough
E01002198,Harrow 010C,Harrow,North West,Brent,North West,borough
E01002199,Harrow 012C,Harrow,North West,Brent,North West,borough
E01002200,Harrow 010D,Harrow,North West,Brent,North West,borough
E01002201,Harrow 012D,Harrow,North West,Brent,North West,borough
E01002202,Harrow 012E,Harrow,North West,Brent,North West,borough
E01002203,Harrow 010E,Harrow,North West,Brent,North West,borough
E01002204,Harrow 032A,Harrow,North West,Brent,North West,borough
E01002206,Harrow 032B,Harrow,North West,Brent,North West,borough
E01002207,Harrow 032C,Harrow,North West,Brent,North West,borough
E01002208,Harrow 025A,Harrow,North West,Brent,North West,borough
E01002209,Harrow 025B,Harrow,North West,Brent,North West,borough
E01002210,Harrow 032D,Harrow,North West,Brent,North West,borough
E01002211,Harrow 028A,Harrow,North West,Brent,North West,borough
E01002212,Harrow 028B,Harrow,North West,Brent,North West,borough
E01002214,Harrow 031A,Harrow,North West,Brent,North West,borough
E01002215,Harrow 031B,Harrow,North West,Brent,North West,borough
E01002216,Harrow 028C,Harrow,North West,Brent,North West,borough
E01002217,Harrow 028D,Harrow,North West,Brent,North West,borough
E01002218,Harrow 030A,Harrow,North West,Brent,North West,borough
E01002219,Harrow 030B,Harrow,North West,Brent,North West,borough
E01002220,Harrow 031C,Harrow,North West,Brent,North West,borough
E01002221,Harrow 030C,Harrow,North West,Brent,North West,borough
E01002222,Harrow 030D,Harrow,North West,Brent,North West,borough
E01002223,Harrow 031D,Harrow,North West,Brent,North West,borough
E01002224,Harrow 031E,Harrow,North West,Brent,North West,borough
E01002225,Harrow 001C,Harrow,North West,Brent,North West,borough
E01002226,Harrow 001D,Harrow,North West,Brent,North West,borough
E01002227,Harrow 003A,Harrow,North West,Brent,North West,borough
E01002228,Harrow 003B,Harrow,North West,Brent,North West,borough
E01002229,Harrow 003C,Harrow,North West,Brent,North West,borough
E01002230,Harrow 003D,Harrow,North West,Brent,North West,borough
E01002231,Harrow 013E,Harrow,North West,Brent,North West,borough
E01002232,Harrow 011A,Harrow,North West,Brent,North West,borough
E01002233,Harrow 011B,Harrow,North West,Brent,North West,borough
E01002234,Harrow 011C,Harrow,North West,Brent,North West,borough
E01002235,Harrow 011D,Harrow,North West,Brent,North West,borough
E01002236,Harrow 011E,Harrow,North West,Brent,North West,borough
E01002237,Harrow 024A,Harrow,North West,Brent,North West,borough
E01002238,Harrow 024B,Harrow,North West,Brent,North West,borough
E01002239,Harrow 025C,Harrow,North West,Brent,North West,borough
E01002240,Harrow 024C,Harrow,North West,Brent,North West,borough
E01002241,Harrow 025D,Harrow,North West,Brent,North West,borough
E01002242,Harrow 024D,Harrow,North West,Brent,North West,borough
E01002243,Havering 013A,Havering,North East,Romford,North East,borough
E01002244,Havering 011A,Havering,North East,Romford,North East,borough
E01002245,Havering 011B,Havering,North East,Romford,North East,borough
E01002246,Havering 017A,Havering,North East,Romford,North East,borough
E01002247,Havering 017B,Havering,North East,Romford,North East,borough
E01002248,Havering 017C,Havering,North East,Romford,North East,borough
E01002250,Havering 017E,Havering,North East,Romford,North East,borough
E01002251,Havering 017F,Havering,North East,Romford,North East,borough
E01002252,Havering 018A,Havering,North East,Romford,North East,borough
E01002253,Havering 019A,Havering,North East,Romford,North East,borough
E01002254,Havering 019B,Havering,North East,Romford,North East,borough
E01002255,Havering 022A,Havering,North East,Romford,North East,borough
E01002256,Havering 018B,Havering,North East,Romford,North East,borough
E01002257,Havering 019C,Havering,North East,Romford,North East,borough
E01002258,Havering 018C,Havering,North East,Romford,North East,borough
E01002259,Havering 018D,Havering,North East,Romford,North East,borough
E01002260,Havering 026A,Havering,North East,Romford,North East,borough
E01002261,Havering 026B,Havering,North East,Romford,North East,borough
E01002262,Havering 026C,Havering,North East,Romford,North East,borough
E01002263,Havering 026D,Havering,North East,Romford,North East,borough
E01002264,Havering 026E,Havering,North East,Romford,North East,borough
E01002265,Havering 025A,Havering,North East,Romford,North East,borough
E01002266,Havering 027A,Havering,North East,Romford,North East,borough
E01002267,Havering 027B,Havering,North East,Romford,North East,borough
E01002268,Havering 010A,Havering,North East,Romford,North East,borough
E01002269,Havering 010B,Havering,North East,Romford,North East,borough
E01002270,Havering 015A,Havering,North East,Romford,North East,borough
E01002271,Havering 015B,Havering,North East,Romford,North East,borough
E01002272,Havering 014A,Havering,North East,Romford,North East,borough
E01002273,Havering 015C,Havering,North East,Romford,North East,borough
E01002274,Havering 014B,Havering,North East,Romford,North East,borough
E01002275,Havering 015D,Havering,North East,Romford,North East,borough
E01002276,Havering 001A,Havering,North East,Romford,North East,borough
E01002277,Havering 002A,Havering,North East,Romford,North East,borough
E01002278,Havering 001B,Havering,North East,Romford,North East,borough
E01002279,Havering 002B,Havering,North East,Romford,North East,borough
E01002280,Havering 004A,Havering,North East,Romford,North East,borough
E01002281,Havering 002C,Havering,North East,Romford,North East,borough
E01002282,Havering 004B,Havering,North East,Romford,North East,borough
E01002283,Havering 002D,Havering,North East,Romford,North East,borough
E01002284,Havering 004C,Havering,North East,Romford,North East,borough
E01002285,Havering 025B,Havering,North East,Romford,North East,borough
E01002286,Havering 025C,Havering,North East,Romford,North East,borough
E01002287,Havering 023A,Havering,North East,Romford,North East,borough
E01002288,Havering 025D,Havering,North East,Romford,North East,borough
E01002289,Havering 022B,Havering,North East,Romford,North East,borough
E01002290,Havering 025E,Havering,North East,Romford,North East,borough
E01002291,Havering 023B,Havering,North East,Romford,North East,borough
E01002292,Havering 022C,Havering,North East,Romford,North East,borough
E01002294,Havering 007B,Havering,North East,Romford,North East,borough
E01002295,Havering 010C,Havering,North East,Romford,North East,borough
E01002296,Havering 007C,Havering,North East,Romford,North East,borough
E01002297,Havering 004D,Havering,North East,Romford,North East,borough
E01002298,Havering 007D,Havering,North East,Romford,North East,borough
E01002299,Havering 002E,Havering,North East,Romford,North East,borough
E01002300,Havering 007E,Havering,North East,Romford,North East,borough
E01002301,Havering 003A,Havering,North East,Romford,North East,borough
E01002302,Havering 005A,Havering,North East,Romford,North East,borough
E01002303,Havering 003B,Havering,North East,Romford,North East,borough
E01002304,Havering 003C,Havering,North East,Romford,North East,borough
E01002305,Havering 005B,Havering,North East,Romford,North East,borough
E01002306,Havering 003D,Havering,North East,Romford,North East,borough
E01002307,Havering 003E,Havering,North East,Romford,North East,borough
E01002308,Havering 005C,Havering,North East,Romford,North East,borough
E01002309,Havering 006A,Havering,North East,Romford,North East,borough
E01002310,Havering 006B,Havering,North East,Romford,North East,borough
E01002311,Havering 006C,Havering,North East,Romford,North East,borough
E01002312,Havering 001C,Havering,North East,Romford,North East,borough
E01002313,Havering 001D,Havering,North East,Romford,North East,borough
E01002314,Havering 004E,Havering,North East,Romford,North East,borough
E01002315,Havering 006D,Havering,North East,Romford,North East,borough
E01002316,Havering 004F,Havering,North East,Romford,North East,borough
E01002317,Havering 014C,Havering,North East,Romford,North East,borough
E01002318,Havering 014D,Havering,North East,Romford,North East,borough
E01002319,Havering 016A,Havering,North East,Romford,North East,borough
E01002320,Havering 021A,Havering,North East,Romford,North East,borough
E01002321,Havering 021B,Havering,North East,Romford,North East,borough
E01002322,Havering 021C,Havering,North East,Romford,North East,borough
E01002323,Havering 021D,Havering,North East,Romford,North East,borough
E01002324,Havering 021E,Havering,North East,Romford,North East,borough
E01002325,Havering 011C,Havering,North East,Romford,North East,borough
E01002326,Havering 005D,Havering,North East,Romford,North East,borough
E01002327,Havering 009A,Havering,North East,Romford,North East,borough
E01002328,Havering 009B,Havering,North East,Romford,North East,borough
E01002329,Havering 011D,Havering,North East,Romford,North East,borough
E01002330,Havering 011E,Havering,North East,Romford,North East,borough
E01002331,Havering 005E,Havering,North East,Romford,North East,borough
E01002332,Havering 009C,Havering,North East,Romford,North East,borough
E01002333,Havering 008A,Havering,North East,Romford,North East,borough
E01002334,Havering 008B,Havering,North East,Romford,North East,borough
E01002335,Havering 009D,Havering,North East,Romford,North East,borough
E01002336,Havering 008C,Havering,North East,Romford,North East,borough
E01002337,Havering 012A,Havering,North East,Romford,North East,borough
E01002338,Havering 009E,Havering,North East,Romford,North East,borough
E01002339,Havering 008D,Havering,North East,Romford,North East,borough
E01002340,Havering 009F,Havering,North East,Romford,North East,borough
E01002341,Havering 008E,Havering,North East,Romford,North East,borough
E01002342,Havering 030A,Havering,North East,Romford,North East,borough
E01002343,Havering 029A,Havering,North East,Romford,North East,borough
E01002344,Havering 029B,Havering,North East,Romford,North East,borough
E01002345,Havering 030B,Havering,North East,Romford,North East,borough
E01002346,Havering 030C,Havering,North East,Romford,North East,borough
E01002347,Havering 030D,Havering,North East,Romford,North East,borough
E01002348,Havering 029C,Havering,North East,Romford,North East,borough
E01002349,Havering 029D,Havering,North East,Romford,North East,borough
E01002350,Havering 016B,Havering,North East,Romford,North East,borough
E01002351,Havering 016C,Havering,North East,Romford,North East,borough
E01002352,Havering 016D,Havering,North East,Romford,North East,borough
E01002353,Havering 013B,Havering,North East,Romford,North East,borough
E01002354,Havering 012B,Havering,North East,Romford,North East,borough
E01002355,Havering 014E,Havering,North East,Romford,North East,borough
E01002356,Havering 013C,Havering,North East,Romford,North East,borough
E01002358,Havering 016E,Havering,North East,Romford,North East,borough
E01002359,Havering 020A,Havering,North East,Romford,North East,borough
E01002360,Havering 020B,Havering,North East,Romford,North East,borough
E01002361,Havering 020C,Havering,North East,Romford,North East,borough
E01002362,Havering 022D,Havering,North East,Romford,North East,borough
E01002363,Havering 020D,Havering,North East,Romford,North East,borough
E01002364,Havering 023C,Havering,North East,Romford,North East,borough
E01002365,Havering 023D,Havering,North East,Romford,North East,borough
E01002366,Havering 023E,Havering,North East,Romford,North East,borough
E01002367,Havering 020E,Havering,North East,Romford,North East,borough
E01002368,Havering 028A,Havering,North East,Romford,North East,borough
E01002369,Havering 028B,Havering,North East,Romford,North East,borough
E01002370,Havering 028C,Havering,North East,Romford,North East,borough
E01002371,Havering 028D,Havering,North East,Romford,North East,borough
E01002372,Havering 027C,Havering,North East,Romford,North East,borough
E01002373,Havering 027D,Havering,North East,Romford,North East,borough
E01002374,Havering 027E,Havering,North East,Romford,North East,borough
E01002375,Havering 028E,Havering,North East,Romford,North East,borough
E01002376,Havering 012C,Havering,North East,Romford,North East,borough
E01002377,Havering 010D,Havering,North East,Romford,North East,borough
E01002378,Havering 010E,Havering,North East,Romford,North East,borough
E01002379,Havering 012D,Havering,North East,Romford,North East,borough
E01002380,Havering 012E,Havering,North East,Romford,North East,borough
E01002381,Havering 012F,Havering,North East,Romford,North East,borough
E01002382,Havering 014F,Havering,North East,Romford,North East,borough
E01002383,Havering 010F,Havering,North East,Romford,North East,borough
E01002384,Havering 019D,Havering,North East,Romford,North East,borough
E01002385,Havering 024A,Havering,North East,Romford,North East,borough
E01002386,Havering 022E,Havering,North East,Romford,North East,borough
E01002387,Havering 024B,Havering,North East,Romford,North East,borough
E01002388,Havering 024C,Havering,North East,Romford,North East,borough
E01002389,Havering 024D,Havering,North East,Romford,North East,borough
E01002390,Havering 024E,Havering,North East,Romford,North East,borough
E01002391,Havering 018E,Havering,North East,Romford,North East,borough
E01002392,Hillingdon 020A,Hillingdon,North West,Hillingdon,North West,borough
E01002393,Hillingdon 020B,Hillingdon,North West,Hillingdon,North West,borough
E01002394,Hillingdon 021A,Hillingdon,North West,Hillingdon,North West,borough
E01002395,Hillingdon 021B,Hillingdon,North West,Hillingdon,North West,borough
E01002396,Hillingdon 026A,Hillingdon,North West,Hillingdon,North West,borough
E01002397,Hillingdon 021C,Hillingdon,North West,Hillingdon,North West,borough
E01002398,Hillingdon 021D,Hillingdon,North West,Hillingdon,North West,borough
E01002399,Hillingdon 021E,Hillingdon,North West,Hillingdon,North West,borough
E01002400,Hillingdon 024A,Hillingdon,North West,Hillingdon,North West,borough
E01002401,Hillingdon 024B,Hillingdon,North West,Hillingdon,North West,borough
E01002402,Hillingdon 024C,Hillingdon,North West,Hillingdon,North West,borough
E01002403,Hillingdon 024D,Hillingdon,North West,Hillingdon,North West,borough
E01002404,Hillingdon 024E,Hillingdon,North West,Hillingdon,North West,borough
E01002405,Hillingdon 027A,Hillingdon,North West,Hillingdon,North West,borough
E01002408,Hillingdon 019A,Hillingdon,North West,Hillingdon,North West,borough
E01002409,Hillingdon 019B,Hillingdon,North West,Hillingdon,North West,borough
E01002410,Hillingdon 017A,Hillingdon,North West,Hillingdon,North West,borough
E01002411,Hillingdon 022A,Hillingdon,North West,Hillingdon,North West,borough
E01002412,Hillingdon 017B,Hillingdon,North West,Hillingdon,North West,borough
E01002413,Hillingdon 022B,Hillingdon,North West,Hillingdon,North West,borough
E01002414,Hillingdon 015A,Hillingdon,North West,Hillingdon,North West,borough
E01002415,Hillingdon 010A,Hillingdon,North West,Hillingdon,North West,borough
E01002416,Hillingdon 008A,Hillingdon,North West,Hillingdon,North West,borough
E01002417,Hillingdon 008B,Hillingdon,North West,Hillingdon,North West,borough
E01002418,Hillingdon 006A,Hillingdon,North West,Hillingdon,North West,borough
E01002419,Hillingdon 006B,Hillingdon,North West,Hillingdon,North West,borough
E01002420,Hillingdon 008C,Hillingdon,North West,Hillingdon,North West,borough
E01002421,Hillingdon 008D,Hillingdon,North West,Hillingdon,North West,borough
E01002422,Hillingdon 018A,Hillingdon,North West,Hillingdon,North West,borough
E01002423,Hillingdon 018B,Hillingdon,North West,Hillingdon,North West,borough
E01002424,Hillingdon 018C,Hillingdon,North West,Hillingdon,North West,borough
E01002425,Hillingdon 018D,Hillingdon,North West,Hillingdon,North West,borough
E01002426,Hillingdon 021F,Hillingdon,North West,Hillingdon,North West,borough
E01002427,Hillingdon 018E,Hillingdon,North West,Hillingdon,North West,borough
E01002428,Hillingdon 018F,Hillingdon,North West,Hillingdon,North West,borough
E01002429,Hillingdon 019C,Hillingdon,North West,Hillingdon,North West,borough
E01002430,Hillingdon 007A,Hillingdon,North West,Hillingdon,North West,borough
E01002431,Hillingdon 006C,Hillingdon,North West,Hillingdon,North West,borough
E01002432,Hillingdon 006D,Hillingdon,North West,Hillingdon,North West,borough
E01002433,Hillingdon 004A,Hillingdon,North West,Hillingdon,North West,borough
E01002434,Hillingdon 007B,Hillingdon,North West,Hillingdon,North West,borough
E01002435,Hillingdon 007C,Hillingdon,North West,Hillingdon,North West,borough
E01002436,Hillingdon 004B,Hillingdon,North West,Hillingdon,North West,borough
E01002437,Hillingdon 006E,Hillingdon,North West,Hillingdon,North West,borough
E01002438,Hillingdon 003A,Hillingdon,North West,Hillingdon,North West,borough
E01002439,Hillingdon 003B,Hillingdon,North West,Hillingdon,North West,borough
E01002440,Hillingdon 003C,Hillingdon,North West,Hillingdon,North West,borough
E01002441,Hillingdon 003D,Hillingdon,North West,Hillingdon,North West,borough
E01002442,Hillingdon 003E,Hillingdon,North West,Hillingdon,North West,borough
E01002443,Hillingdon 032A,Hillingdon,North West,Hillingdon,North West,borough
E01002444,Hillingdon 031A,Hillingdon,North West,Hillingdon,North West,borough
E01002445,Hillingdon 029A,Hillingdon,North West,Hillingdon,North West,borough
E01002446,Hillingdon 031B,Hillingdon,North West,Hillingdon,North West,borough
E01002447,Hillingdon 031C,Hillingdon,North West,Hillingdon,North West,borough
E01002448,Hillingdon 032B,Hillingdon,North West,Hillingdon,North West,borough
E01002449,Hillingdon 032C,Hillingdon,North West,Hillingdon,North West,borough
E01002450,Hillingdon 014A,Hillingdon,North West,Hillingdon,North West,borough
E01002451,Hillingdon 014B,Hillingdon,North West,Hillingdon,North West,borough
E01002452,Hillingdon 014C,Hillingdon,North West,Hillingdon,North West,borough
E01002453,Hillingdon 014D,Hillingdon,North West,Hillingdon,North West,borough
E01002454,Hillingdon 014E,Hillingdon,North West,Hillingdon,North West,borough
E01002455,Hillingdon 019D,Hillingdon,North West,Hillingdon,North West,borough
E01002456,Hillingdon 017C,Hillingdon,North West,Hillingdon,North West,borough
E01002457,Hillingdon 019E,Hillingdon,North West,Hillingdon,North West,borough
E01002458,Hillingdon 011A,Hillingdon,North West,Hillingdon,North West,borough
E01002459,Hillingdon 011B,Hillingdon,North West,Hillingdon,North West,borough
E01002460,Hillingdon 011C,Hillingdon,North West,Hillingdon,North West,borough
E01002461,Hillingdon 013A,Hillingdon,North West,Hillingdon,North West,borough
E01002462,Hillingdon 011D,Hillingdon,North West,Hillingdon,North West,borough
E01002463,Hillingdon 013B,Hillingdon,North West,Hillingdon,North West,borough
E01002464,Hillingdon 011E,Hillingdon,North West,Hillingdon,North West,borough
E01002465,Hillingdon 009A,Hillingdon,North West,Hillingdon,North West,borough
E01002466,Hillingdon 010B,Hillingdon,North West,Hillingdon,North West,borough
E01002467,Hillingdon 009B,Hillingdon,North West,Hillingdon,North West,borough
E01002468,Hillingdon 010C,Hillingdon,North West,Hillingdon,North West,borough
E01002469,Hillingdon 010D,Hillingdon,North West,Hillingdon,North West,borough
E01002470,Hillingdon 007D,Hillingdon,North West,Hillingdon,North West,borough
E01002471,Hillingdon 008E,Hillingdon,North West,Hillingdon,North West,borough
E01002472,Hillingdon 002A,Hillingdon,North West,Hillingdon,North West,borough
E01002473,Hillingdon 001A,Hillingdon,North West,Hillingdon,North West,borough
E01002474,Hillingdon 002B,Hillingdon,North West,Hillingdon,North West,borough
E01002475,Hillingdon 001B,Hillingdon,North West,Hillingdon,North West,borough
E01002476,Hillingdon 001C,Hillingdon,North West,Hillingdon,North West,borough
E01002477,Hillingdon 001D,Hillingdon,North West,Hillingdon,North West,borough
E01002478,Hillingdon 002C,Hillingdon,North West,Hillingdon,North West,borough
E01002479,Hillingdon 004C,Hillingdon,North West,Hillingdon,North West,borough
E01002480,Hillingdon 004D,Hillingdon,North West,Hillingdon,North West,borough
E01002481,Hillingdon 004E,Hillingdon,North West,Hillingdon,North West,borough
E01002482,Hillingdon 001E,Hillingdon,North West,Hillingdon,North West,borough
E01002483,Hillingdon 002D,Hillingdon,North West,Hillingdon,North West,borough
E01002484,Hillingdon 002E,Hillingdon,North West,Hillingdon,North West,borough
E01002485,Hillingdon 002F,Hillingdon,North West,Hillingdon,North West,borough
E01002486,Hillingdon 028A,Hillingdon,North West,Hillingdon,North West,borough
E01002487,Hillingdon 028B,Hillingdon,North West,Hillingdon,North West,borough
E01002488,Hillingdon 030B,Hillingdon,North West,Hillingdon,North West,borough
E01002489,Hillingdon 030C,Hillingdon,North West,Hillingdon,North West,borough
E01002490,Hillingdon 030D,Hillingdon,North West,Hillingdon,North West,borough
E01002491,Hillingdon 032D,Hillingdon,North West,Hillingdon,North West,borough
E01002492,Hillingdon 030E,Hillingdon,North West,Hillingdon,North West,borough
E01002493,Hillingdon 032E,Hillingdon,North West,Hillingdon,North West,borough
E01002494,Hillingdon 009C,Hillingdon,North West,Hillingdon,North West,borough
E01002495,Hillingdon 010E,Hillingdon,North West,Hillingdon,North West,borough
E01002496,Hillingdon 033A,Hillingdon,North West,Hillingdon,North West,borough
E01002497,Hillingdon 033B,Hillingdon,North West,Hillingdon,North West,borough
E01002498,Hillingdon 033C,Hillingdon,North West,Hillingdon,North West,borough
E01002499,Hillingdon 033D,Hillingdon,North West,Hillingdon,North West,borough
E01002501,Hillingdon 026B,Hillingdon,North West,Hillingdon,North West,borough
E01002502,Hillingdon 026C,Hillingdon,North West,Hillingdon,North West,borough
E01002503,Hillingdon 027C,Hillingdon,North West,Hillingdon,North West,borough
E01002505,Hillingdon 026D,Hillingdon,North West,Hillingdon,North West,borough
E01002506,Hillingdon 027E,Hillingdon,North West,Hillingdon,North West,borough
E01002507,Hillingdon 027F,Hillingdon,North West,Hillingdon,North West,borough
E01002508,Hillingdon 026E,Hillingdon,North West,Hillingdon,North West,borough
E01002509,Hillingdon 017D,Hillingdon,North West,Hillingdon,North West,borough
E01002511,Hillingdon 017E,Hillingdon,North West,Hillingdon,North West,borough
E01002512,Hillingdon 013C,Hillingdon,North West,Hillingdon,North West,borough
E01002513,Hillingdon 013D,Hillingdon,North West,Hillingdon,North West,borough
E01002514,Hillingdon 015C,Hillingdon,North West,Hillingdon,North West,borough
E01002516,Hillingdon 013E,Hillingdon,North West,Hillingdon,North West,borough
E01002518,Hillingdon 022C,Hillingdon,North West,Hillingdon,North West,borough
E01002519,Hillingdon 022D,Hillingdon,North West,Hillingdon,North West,borough
E01002520,Hillingdon 016B,Hillingdon,North West,Hillingdon,North West,borough
E01002521,Hillingdon 016C,Hillingdon,North West,Hillingdon,North West,borough
E01002523,Hillingdon 016D,Hillingdon,North West,Hillingdon,North West,borough
E01002525,Hillingdon 029B,Hillingdon,North West,Hillingdon,North West,borough
E01002526,Hillingdon 028C,Hillingdon,North West,Hillingdon,North West,borough
E01002527,Hillingdon 031D,Hillingdon,North West,Hillingdon,North West,borough
E01002528,Hillingdon 028D,Hillingdon,North West,Hillingdon,North West,borough
E01002529,Hillingdon 029C,Hillingdon,North West,Hillingdon,North West,borough
E01002530,Hillingdon 029D,Hillingdon,North West,Hillingdon,North West,borough
E01002531,Hillingdon 029E,Hillingdon,North West,Hillingdon,North West,borough
E01002533,Hillingdon 005A,Hillingdon,North West,Hillingdon,North West,borough
E01002534,Hillingdon 005B,Hillingdon,North West,Hillingdon,North West,borough
E01002535,Hillingdon 007E,Hillingdon,North West,Hillingdon,North West,borough
E01002536,Hillingdon 009D,Hillingdon,North West,Hillingdon,North West,borough
E01002537,Hillingdon 009E,Hillingdon,North West,Hillingdon,North West,borough
E01002538,Hillingdon 005C,Hillingdon,North West,Hillingdon,North West,borough
E01002539,Hillingdon 005D,Hillingdon,North West,Hillingdon,North West,borough
E01002540,Hillingdon 020C,Hillingdon,North West,Hillingdon,North West,borough
E01002541,Hillingdon 023A,Hillingdon,North West,Hillingdon,North West,borough
E01002542,Hillingdon 020D,Hillingdon,North West,Hillingdon,North West,borough
E01002543,Hillingdon 020E,Hillingdon,North West,Hillingdon,North West,borough
E01002544,Hillingdon 023B,Hillingdon,North West,Hillingdon,North West,borough
E01002545,Hillingdon 023C,Hillingdon,North West,Hillingdon,North West,borough
E01002546,Hillingdon 023D,Hillingdon,North West,Hillingdon,North West,borough
E01002547,Hillingdon 023E,Hillingdon,North West,Hillingdon,North West,borough
E01002548,Hillingdon 025A,Hillingdon,North West,Hillingdon,North West,borough
E01002549,Hillingdon 025B,Hillingdon,North West,Hillingdon,North West,borough
E01002550,Hillingdon 022E,Hillingdon,North West,Hillingdon,North West,borough
E01002551,Hillingdon 025C,Hillingdon,North West,Hillingdon,North West,borough
E01002552,Hillingdon 025D,Hillingdon,North West,Hillingdon,North West,borough
E01002553,Hillingdon 025E,Hillingdon,North West,Hillingdon,North West,borough
E01002555,Hounslow 022A,Hounslow,North West,Hanwell,North West,voronoi-within-borough
E01002556,Hounslow 022B,Hounslow,North West,Hanwell,North West,voronoi-within-borough
E01002557,Hounslow 023A,Hounslow,North West,Hanwell,North West,voronoi-within-borough
E01002558,Hounslow 023B,Hounslow,North West,Hanwell,North West,voronoi-within-borough
E01002559,Hounslow 023C,Hounslow,North West,Hanwell,North West,voronoi-within-borough
E01002560,Hounslow 023D,Hounslow,North West,Hanwell,North West,voronoi-within-borough
E01002561,Hounslow 023E,Hounslow,North West,Hanwell,North West,voronoi-within-borough
E01002562,Hounslow 030D,Hounslow,North West,Hanwell,North West,voronoi-within-borough
E01002563,Hounslow 006A,Hounslow,North West,Hanwell,North West,voronoi-within-borough
E01002564,Hounslow 031E,Hounslow,North West,Hanwell,North West,voronoi-within-borough
E01002565,Hounslow 006B,Hounslow,North West,Hanwell,North West,voronoi-within-borough
E01002567,Hounslow 006C,Hounslow,North West,Hanwell,North West,voronoi-within-borough
E01002569,Hounslow 001A,Hounslow,North West,Hanwell,North West,override
E01002570,Hounslow 001B,Hounslow,North West,Hanwell,North West,override
E01002571,Hounslow 007A,Hounslow,North West,Hanwell,North West,override
E01002572,Hounslow 007B,Hounslow,North West,Hanwell,North West,override
E01002573,Hounslow 001C,Hounslow,North West,Fulham,North West,voronoi-within-borough
E01002574,Hounslow 001D,Hounslow,North West,Fulham,North West,voronoi-within-borough
E01002575,Hounslow 001E,Hounslow,North West,Hanwell,North West,override
E01002576,Hounslow 008A,Hounslow,North West,Hanwell,North West,override
E01002577,Hounslow 007C,Hounslow,North West,Hanwell,North West,override
E01002578,Hounslow 007D,Hounslow,North West,Hanwell,North West,override
E01002579,Hounslow 008B,Hounslow,North West,Hanwell,North West,override
E01002580,Hounslow 008C,Hounslow,North West,Hanwell,North West,override
E01002581,Hounslow 008D,Hounslow,North West,Hanwell,North West,override
E01002582,Hounslow 008E,Hounslow,North West,Hanwell,North West,override
E01002583,Hounslow 013A,Hounslow,North West,Hanwell,North West,voronoi-within-borough
E01002584,Hounslow 013B,Hounslow,North West,Hanwell,North West,voronoi-within-borough
E01002585,Hounslow 013C,Hounslow,North West,Hanwell,North West,voronoi-within-borough
E01002586,Hounslow 013D,Hounslow,North West,Hanwell,North West,voronoi-within-borough
E01002587,Hounslow 016A,Hounslow,North West,Hanwell,North West,voronoi-within-borough
E01002588,Hounslow 016B,Hounslow,North West,Hanwell,North West,voronoi-within-borough
E01002589,Hounslow 013E,Hounslow,North West,Hanwell,North West,voronoi-within-borough
E01002590,Hounslow 022C,Hounslow,North West,Hanwell,North West,voronoi-within-borough
E01002591,Hounslow 024A,Hounslow,North West,Hanwell,North West,voronoi-within-borough
E01002592,Hounslow 022D,Hounslow,North West,Hanwell,North West,voronoi-within-borough
E01002593,Hounslow 024B,Hounslow,North West,Hanwell,North West,voronoi-within-borough
E01002594,Hounslow 024C,Hounslow,North West,Hanwell,North West,voronoi-within-borough
E01002595,Hounslow 022E,Hounslow,North West,Hanwell,North West,voronoi-within-borough
E01002596,Hounslow 027A,Hounslow,North West,Hanwell,North West,voronoi-within-borough
E01002598,Hounslow 025B,Hounslow,North West,Hanwell,North West,voronoi-within-borough
E01002599,Hounslow 025C,Hounslow,North West,Hanwell,North West,voronoi-within-borough
E01002600,Hounslow 025D,Hounslow,North West,Hanwell,North West,voronoi-within-borough
E01002601,Hounslow 027B,Hounslow,North West,Hanwell,North West,voronoi-within-borough
E01002602,Hounslow 027C,Hounslow,North West,Hanwell,North West,voronoi-within-borough
E01002603,Hounslow 025E,Hounslow,North West,Hanwell,North West,voronoi-within-borough
E01002604,Hounslow 026A,Hounslow,North West,Hanwell,North West,voronoi-within-borough
E01002605,Hounslow 026B,Hounslow,North West,Hanwell,North West,voronoi-within-borough
E01002606,Hounslow 026C,Hounslow,North West,Hanwell,North West,voronoi-within-borough
E01002607,Hounslow 026D,Hounslow,North West,Hanwell,North West,voronoi-within-borough
E01002608,Hounslow 028A,Hounslow,North West,Hanwell,North West,voronoi-within-borough
E01002609,Hounslow 028B,Hounslow,North West,Hanwell,North West,voronoi-within-borough
E01002610,Hounslow 028C,Hounslow,North West,Hanwell,North West,voronoi-within-borough
E01002611,Hounslow 024D,Hounslow,North West,Hanwell,North West,voronoi-within-borough
E01002612,Hounslow 024E,Hounslow,North West,Hanwell,North West,voronoi-within-borough
E01002613,Hounslow 024F,Hounslow,North West,Hanwell,North West,voronoi-within-borough
E01002614,Hounslow 027D,Hounslow,North West,Hanwell,North West,voronoi-within-borough
E01002615,Hounslow 026E,Hounslow,North West,Hanwell,North West,voronoi-within-borough
E01002616,Hounslow 027E,Hounslow,North West,Hanwell,North West,voronoi-within-borough
E01002617,Hounslow 028D,Hounslow,North West,Hanwell,North West,voronoi-within-borough
E01002618,Hounslow 011A,Hounslow,North West,Hanwell,North West,voronoi-within-borough
E01002619,Hounslow 010A,Hounslow,North West,Hanwell,North West,voronoi-within-borough
E01002620,Hounslow 004A,Hounslow,North West,Hanwell,North West,voronoi-within-borough
E01002621,Hounslow 011B,Hounslow,North West,Hanwell,North West,voronoi-within-borough
E01002622,Hounslow 010B,Hounslow,North West,Hanwell,North West,voronoi-within-borough
E01002623,Hounslow 011C,Hounslow,North West,Hanwell,North West,voronoi-within-borough
E01002624,Hounslow 017A,Hounslow,North West,Hanwell,North West,voronoi-within-borough
E01002625,Hounslow 004B,Hounslow,North West,Hanwell,North West,voronoi-within-borough
E01002626,Hounslow 004C,Hounslow,North West,Hanwell,North West,voronoi-within-borough
E01002627,Hounslow 004D,Hounslow,North West,Hanwell,North West,voronoi-within-borough
E01002628,Hounslow 011D,Hounslow,North West,Hanwell,North West,voronoi-within-borough
E01002629,Hounslow 011E,Hounslow,North West,Hanwell,North West,voronoi-within-borough
E01002630,Hounslow 012A,Hounslow,North West,Hanwell,North West,voronoi-within-borough
E01002631,Hounslow 004E,Hounslow,North West,Hanwell,North West,voronoi-within-borough
E01002632,Hounslow 010C,Hounslow,North West,Hanwell,North West,voronoi-within-borough
E01002633,Hounslow 005A,Hounslow,North West,Hanwell,North West,voronoi-within-borough
E01002634,Hounslow 005B,Hounslow,North West,Hanwell,North West,voronoi-within-borough
E01002635,Hounslow 010D,Hounslow,North West,Hanwell,North West,voronoi-within-borough
E01002636,Hounslow 010E,Hounslow,North West,Hanwell,North West,voronoi-within-borough
E01002637,Hounslow 005C,Hounslow,North West,Hanwell,North West,voronoi-within-borough
E01002638,Hounslow 005D,Hounslow,North West,Hanwell,North West,voronoi-within-borough
E01002639,Hounslow 012B,Hounslow,North West,Hanwell,North West,voronoi-within-borough
E01002640,Hounslow 012C,Hounslow,North West,Hanwell,North West,voronoi-within-borough
E01002641,Hounslow 018A,Hounslow,North West,Hanwell,North West,voronoi-within-borough
E01002643,Hounslow 015B,Hounslow,North West,Hanwell,North West,voronoi-within-borough
E01002645,Hounslow 015C,Hounslow,North West,Hanwell,North West,voronoi-within-borough
E01002646,Hounslow 017B,Hounslow,North West,Hanwell,North West,voronoi-within-borough
E01002647,Hounslow 021A,Hounslow,North West,Hanwell,North West,voronoi-within-borough
E01002649,Hounslow 018D,Hounslow,North West,Hanwell,North West,voronoi-within-borough
E01002650,Hounslow 021B,Hounslow,North West,Hanwell,North West,voronoi-within-borough
E01002651,Hounslow 021C,Hounslow,North West,Hanwell,North West,voronoi-within-borough
E01002652,Hounslow 021D,Hounslow,North West,Hanwell,North West,voronoi-within-borough
E01002653,Hounslow 019A,Hounslow,North West,Hanwell,North West,voronoi-within-borough
E01002654,Hounslow 019B,Hounslow,North West,Hanwell,North West,voronoi-within-borough
E01002655,Hounslow 019C,Hounslow,North West,Hanwell,North West,voronoi-within-borough
E01002656,Hounslow 019D,Hounslow,North West,Hanwell,North West,voronoi-within-borough
E01002657,Hounslow 018E,Hounslow,North West,Hanwell,North West,voronoi-within-borough
E01002658,Hounslow 015D,Hounslow,North West,Hanwell,North West,voronoi-within-borough
E01002659,Hounslow 019E,Hounslow,North West,Hanwell,North West,voronoi-within-borough
E01002660,Hounslow 016C,Hounslow,North West,Hanwell,North West,voronoi-within-borough
E01002661,Hounslow 016D,Hounslow,North West,Hanwell,North West,voronoi-within-borough
E01002662,Hounslow 017C,Hounslow,North West,Hanwell,North West,voronoi-within-borough
E01002663,Hounslow 017D,Hounslow,North West,Hanwell,North West,voronoi-within-borough
E01002665,Hounslow 016E,Hounslow,North West,Hanwell,North West,voronoi-within-borough
E01002666,Hounslow 021E,Hounslow,North West,Hanwell,North West,voronoi-within-borough
E01002667,Hounslow 020A,Hounslow,North West,Hanwell,North West,voronoi-within-borough
E01002668,Hounslow 014A,Hounslow,North West,Hanwell,North West,voronoi-within-borough
E01002669,Hounslow 014B,Hounslow,North West,Hanwell,North West,voronoi-within-borough
E01002670,Hounslow 020B,Hounslow,North West,Hanwell,North West,voronoi-within-borough
E01002671,Hounslow 020C,Hounslow,North West,Hanwell,North West,voronoi-within-borough
E01002672,Hounslow 020D,Hounslow,North West,Hanwell,North West,voronoi-within-borough
E01002673,Hounslow 020E,Hounslow,North West,Hanwell,North West,voronoi-within-borough
E01002674,Hounslow 012D,Hounslow,North West,Hanwell,North West,voronoi-within-borough
E01002675,Hounslow 009A,Hounslow,North West,Hanwell,North West,voronoi-within-borough
E01002676,Hounslow 012E,Hounslow,North West,Hanwell,North West,voronoi-within-borough
E01002677,Hounslow 015E,Hounslow,North West,Hanwell,North West,voronoi-within-borough
E01002678,Hounslow 009B,Hounslow,North West,Hanwell,North West,voronoi-within-borough
E01002679,Hounslow 009C,Hounslow,North West,Hanwell,North West,voronoi-within-borough
E01002680,Hounslow 009D,Hounslow,North West,Hanwell,North West,voronoi-within-borough
E01002681,Hounslow 014C,Hounslow,North West,Hanwell,North West,voronoi-within-borough
E01002682,Hounslow 014D,Hounslow,North West,Hanwell,North West,voronoi-within-borough
E01002686,Hounslow 006E,Hounslow,North West,Hanwell,North West,voronoi-within-borough
E01002687,Hounslow 029A,Hounslow,North West,Hanwell,North West,override
E01002689,Hounslow 007E,Hounslow,North West,Hanwell,North West,override
E01002690,Hounslow 007F,Hounslow,North West,Hanwell,North West,override
E01002691,Hounslow 029B,Hounslow,North West,Hanwell,North West,override
E01002692,Hounslow 029C,Hounslow,North West,Hanwell,North West,override
E01002693,Hounslow 029D,Hounslow,North West,Hanwell,North West,override
E01002694,Islington 019A,Islington,North Central,Camden,North Central,borough
E01002695,Islington 021A,Islington,North Central,Camden,North Central,borough
E01002696,Islington 020A,Islington,North Central,Camden,North Central,borough
E01002697,Islington 019B,Islington,North Central,Camden,North Central,borough
E01002698,Islington 017A,Islington,North Central,Camden,North Central,borough
E01002699,Islington 017B,Islington,North Central,Camden,North Central,borough
E01002700,Islington 017C,Islington,North Central,Camden,North Central,borough
E01002701,Islington 023A,Islington,North Central,Camden,North Central,borough
E01002702,Islington 023B,Islington,North Central,Camden,North Central,borough
E01002703,Islington 023C,Islington,North Central,Camden,North Central,borough
E01002704,Islington 023D,Islington,North Central,Camden,North Central,borough
E01002706,Islington 023E,Islington,North Central,Camden,North Central,borough
E01002707,Islington 022B,Islington,North Central,Camden,North Central,borough
E01002708,Islington 015A,Islington,North Central,Camden,North Central,borough
E01002709,Islington 019C,Islington,North Central,Camden,North Central,borough
E01002710,Islington 019D,Islington,North Central,Camden,North Central,borough
E01002711,Islington 021B,Islington,North Central,Camden,North Central,borough
E01002712,Islington 015B,Islington,North Central,Camden,North Central,borough
E01002713,Islington 015C,Islington,North Central,Camden,North Central,borough
E01002714,Islington 017D,Islington,North Central,Camden,North Central,borough
E01002715,Islington 019E,Islington,North Central,Camden,North Central,borough
E01002716,Islington 014A,Islington,North Central,Camden,North Central,borough
E01002717,Islington 016A,Islington,North Central,Camden,North Central,borough
E01002718,Islington 014B,Islington,North Central,Camden,North Central,borough
E01002719,Islington 016B,Islington,North Central,Camden,North Central,borough
E01002720,Islington 016C,Islington,North Central,Camden,North Central,borough
E01002721,Islington 014C,Islington,North Central,Camden,North Central,borough
E01002722,Islington 018A,Islington,North Central,Camden,North Central,borough
E01002723,Islington 022C,Islington,North Central,Camden,North Central,borough
E01002724,Islington 022D,Islington,North Central,Camden,North Central,borough
E01002725,Islington 022E,Islington,North Central,Camden,North Central,borough
E01002726,Islington 022F,Islington,North Central,Camden,North Central,borough
E01002727,Islington 021C,Islington,North Central,Camden,North Central,borough
E01002728,Islington 021D,Islington,North Central,Camden,North Central,borough
E01002729,Islington 021E,Islington,North Central,Camden,North Central,borough
E01002730,Islington 007A,Islington,North Central,Camden,North Central,borough
E01002732,Islington 005A,Islington,North Central,Camden,North Central,borough
E01002733,Islington 007C,Islington,North Central,Camden,North Central,borough
E01002734,Islington 005B,Islington,North Central,Camden,North Central,borough
E01002735,Islington 003A,Islington,North Central,Camden,North Central,borough
E01002736,Islington 005C,Islington,North Central,Camden,North Central,borough
E01002737,Islington 005D,Islington,North Central,Camden,North Central,borough
E01002738,Islington 009A,Islington,North Central,Camden,North Central,borough
E01002739,Islington 013A,Islington,North Central,Camden,North Central,borough
E01002740,Islington 013B,Islington,North Central,Camden,North Central,borough
E01002741,Islington 009B,Islington,North Central,Camden,North Central,borough
E01002742,Islington 006A,Islington,North Central,Camden,North Central,borough
E01002743,Islington 009C,Islington,North Central,Camden,North Central,borough
E01002744,Islington 009D,Islington,North Central,Camden,North Central,borough
E01002745,Islington 013C,Islington,North Central,Camden,North Central,borough
E01002747,Islington 006B,Islington,North Central,Camden,North Central,borough
E01002748,Islington 006C,Islington,North Central,Camden,North Central,borough
E01002749,Islington 006D,Islington,North Central,Camden,North Central,borough
E01002751,Islington 005E,Islington,North Central,Camden,North Central,borough
E01002752,Islington 009E,Islington,North Central,Camden,North Central,borough
E01002753,Islington 002A,Islington,North Central,Camden,North Central,borough
E01002754,Islington 002B,Islington,North Central,Camden,North Central,borough
E01002755,Islington 001A,Islington,North Central,Camden,North Central,borough
E01002756,Islington 001B,Islington,North Central,Camden,North Central,borough
E01002757,Islington 002C,Islington,North Central,Camden,North Central,borough
E01002758,Islington 001C,Islington,North Central,Camden,North Central,borough
E01002759,Islington 002D,Islington,North Central,Camden,North Central,borough
E01002760,Islington 002E,Islington,North Central,Camden,North Central,borough
E01002762,Islington 011C,Islington,North Central,Camden,North Central,borough
E01002763,Islington 007D,Islington,North Central,Camden,North Central,borough
E01002764,Islington 010A,Islington,North Central,Camden,North Central,borough
E01002765,Islington 015D,Islington,North Central,Camden,North Central,borough
E01002766,Islington 015E,Islington,North Central,Camden,North Central,borough
E01002767,Islington 011D,Islington,North Central,Camden,North Central,borough
E01002768,Islington 004A,Islington,North Central,Camden,North Central,borough
E01002769,Islington 008A,Islington,North Central,Camden,North Central,borough
E01002770,Islington 004B,Islington,North Central,Camden,North Central,borough
E01002771,Islington 004C,Islington,North Central,Camden,North Central,borough
E01002772,Islington 002F,Islington,North Central,Camden,North Central,borough
E01002773,Islington 004D,Islington,North Central,Camden,North Central,borough
E01002774,Islington 004E,Islington,North Central,Camden,North Central,borough
E01002775,Islington 014D,Islington,North Central,Camden,North Central,borough
E01002776,Islington 014E,Islington,North Central,Camden,North Central,borough
E01002777,Islington 012A,Islington,North Central,Camden,North Central,borough
E01002778,Islington 012B,Islington,North Central,Camden,North Central,borough
E01002779,Islington 012C,Islington,North Central,Camden,North Central,borough
E01002780,Islington 014F,Islington,North Central,Camden,North Central,borough
E01002781,Islington 012D,Islington,North Central,Camden,North Central,borough
E01002782,Islington 012E,Islington,North Central,Camden,North Central,borough
E01002783,Islington 010B,Islington,North Central,Camden,North Central,borough
E01002784,Islington 010C,Islington,North Central,Camden,North Central,borough
E01002785,Islington 008B,Islington,North Central,Camden,North Central,borough
E01002786,Islington 010D,Islington,North Central,Camden,North Central,borough
E01002787,Islington 010E,Islington,North Central,Camden,North Central,borough
E01002788,Islington 008C,Islington,North Central,Camden,North Central,borough
E01002789,Islington 008D,Islington,North Central,Camden,North Central,borough
E01002790,Islington 016D,Islington,North Central,Camden,North Central,borough
E01002791,Islington 016E,Islington,North Central,Camden,North Central,borough
E01002792,Islington 017E,Islington,North Central,Camden,North Central,borough
E01002793,Islington 016F,Islington,North Central,Camden,North Central,borough
E01002794,Islington 020B,Islington,North Central,Camden,North Central,borough
E01002795,Islington 013D,Islington,North Central,Camden,North Central,borough
E01002796,Islington 013E,Islington,North Central,Camden,North Central,borough
E01002797,Islington 018B,Islington,North Central,Camden,North Central,borough
E01002798,Islington 018C,Islington,North Central,Camden,North Central,borough
E01002799,Islington 018D,Islington,North Central,Camden,North Central,borough
E01002800,Islington 018E,Islington,North Central,Camden,North Central,borough
E01002801,Islington 020C,Islington,North Central,Camden,North Central,borough
E01002802,Islington 020D,Islington,North Central,Camden,North Central,borough
E01002804,Islington 001D,Islington,North Central,Camden,North Central,borough
E01002805,Islington 003B,Islington,North Central,Camden,North Central,borough
E01002806,Islington 003C,Islington,North Central,Camden,North Central,borough
E01002807,Islington 001E,Islington,North Central,Camden,North Central,borough
E01002808,Islington 003D,Islington,North Central,Camden,North Central,borough
E01002809,Islington 003E,Islington,North Central,Camden,North Central,borough
E01002810,Islington 003F,Islington,North Central,Camden,North Central,borough
E01002811,Islington 001F,Islington,North Central,Camden,North Central,borough
E01002812,Kensington and Chelsea 013A,Kensington and Chelsea,North West,Fulham,North West,borough
E01002813,Kensington and Chelsea 011A,Kensington and Chelsea,North West,Fulham,North West,borough
E01002814,Kensington and Chelsea 015A,Kensington and Chelsea,North West,Fulham,North West,borough
E01002815,Kensington and Chelsea 011B,Kensington and Chelsea,North West,Fulham,North West,borough
E01002816,Kensington and Chelsea 011C,Kensington and Chelsea,North West,Fulham,North West,borough
E01002817,Kensington and Chelsea 011D,Kensington and Chelsea,North West,Fulham,North West,borough
E01002818,Kensington and Chelsea 012A,Kensington and Chelsea,North West,Fulham,North West,borough
E01002819,Kensington and Chelsea 012B,Kensington and Chelsea,North West,Fulham,North West,borough
E01002821,Kensington and Chelsea 014A,Kensington and Chelsea,North West,Fulham,North West,borough
E01002823,Kensington and Chelsea 014B,Kensington and Chelsea,North West,Fulham,North West,borough
E01002824,Kensington and Chelsea 008A,Kensington and Chelsea,North West,Fulham,North West,borough
E01002825,Kensington and Chelsea 008B,Kensington and Chelsea,North West,Fulham,North West,borough
E01002826,Kensington and Chelsea 008C,Kensington and Chelsea,North West,Fulham,North West,borough
E01002827,Kensington and Chelsea 008D,Kensington and Chelsea,North West,Fulham,North West,borough
E01002828,Kensington and Chelsea 008E,Kensington and Chelsea,North West,Fulham,North West,borough
E01002829,Kensington and Chelsea 004A,Kensington and Chelsea,North West,Fulham,North West,borough
E01002830,Kensington and Chelsea 004B,Kensington and Chelsea,North West,Fulham,North West,borough
E01002831,Kensington and Chelsea 004C,Kensington and Chelsea,North West,Fulham,North West,borough
E01002832,Kensington and Chelsea 004D,Kensington and Chelsea,North West,Fulham,North West,borough
E01002833,Kensington and Chelsea 007A,Kensington and Chelsea,North West,Fulham,North West,borough
E01002834,Kensington and Chelsea 013B,Kensington and Chelsea,North West,Fulham,North West,borough
E01002835,Kensington and Chelsea 016C,Kensington and Chelsea,North West,Fulham,North West,borough
E01002836,Kensington and Chelsea 016D,Kensington and Chelsea,North West,Fulham,North West,borough
E01002837,Kensington and Chelsea 016E,Kensington and Chelsea,North West,Fulham,North West,borough
E01002839,Kensington and Chelsea 013C,Kensington and Chelsea,North West,Fulham,North West,borough
E01002840,Kensington and Chelsea 021A,Kensington and Chelsea,North West,Fulham,North West,borough
E01002841,Kensington and Chelsea 021B,Kensington and Chelsea,North West,Fulham,North West,borough
E01002842,Kensington and Chelsea 021C,Kensington and Chelsea,North West,Fulham,North West,borough
E01002843,Kensington and Chelsea 021D,Kensington and Chelsea,North West,Fulham,North West,borough
E01002844,Kensington and Chelsea 019A,Kensington and Chelsea,North West,Fulham,North West,borough
E01002845,Kensington and Chelsea 019B,Kensington and Chelsea,North West,Fulham,North West,borough
E01002846,Kensington and Chelsea 017A,Kensington and Chelsea,North West,Fulham,North West,borough
E01002847,Kensington and Chelsea 015B,Kensington and Chelsea,North West,Fulham,North West,borough
E01002848,Kensington and Chelsea 015C,Kensington and Chelsea,North West,Fulham,North West,borough
E01002849,Kensington and Chelsea 017B,Kensington and Chelsea,North West,Fulham,North West,borough
E01002850,Kensington and Chelsea 013D,Kensington and Chelsea,North West,Fulham,North West,borough
E01002851,Kensington and Chelsea 015D,Kensington and Chelsea,North West,Fulham,North West,borough
E01002852,Kensington and Chelsea 001A,Kensington and Chelsea,North West,Fulham,North West,borough
E01002853,Kensington and Chelsea 001B,Kensington and Chelsea,North West,Fulham,North West,borough
E01002854,Kensington and Chelsea 001C,Kensington and Chelsea,North West,Fulham,North West,borough
E01002855,Kensington and Chelsea 001D,Kensington and Chelsea,North West,Fulham,North West,borough
E01002856,Kensington and Chelsea 004E,Kensington and Chelsea,North West,Fulham,North West,borough
E01002857,Kensington and Chelsea 001E,Kensington and Chelsea,North West,Fulham,North West,borough
E01002858,Kensington and Chelsea 014C,Kensington and Chelsea,North West,Fulham,North West,borough
E01002859,Kensington and Chelsea 012C,Kensington and Chelsea,North West,Fulham,North West,borough
E01002860,Kensington and Chelsea 012D,Kensington and Chelsea,North West,Fulham,North West,borough
E01002861,Kensington and Chelsea 014D,Kensington and Chelsea,North West,Fulham,North West,borough
E01002862,Kensington and Chelsea 014E,Kensington and Chelsea,North West,Fulham,North West,borough
E01002863,Kensington and Chelsea 012E,Kensington and Chelsea,North West,Fulham,North West,borough
E01002864,Kensington and Chelsea 009A,Kensington and Chelsea,North West,Fulham,North West,borough
E01002865,Kensington and Chelsea 011E,Kensington and Chelsea,North West,Fulham,North West,borough
E01002866,Kensington and Chelsea 009B,Kensington and Chelsea,North West,Fulham,North West,borough
E01002867,Kensington and Chelsea 009C,Kensington and Chelsea,North West,Fulham,North West,borough
E01002868,Kensington and Chelsea 009D,Kensington and Chelsea,North West,Fulham,North West,borough
E01002869,Kensington and Chelsea 009E,Kensington and Chelsea,North West,Fulham,North West,borough
E01002870,Kensington and Chelsea 005A,Kensington and Chelsea,North West,Fulham,North West,borough
E01002871,Kensington and Chelsea 007B,Kensington and Chelsea,North West,Fulham,North West,borough
E01002872,Kensington and Chelsea 005B,Kensington and Chelsea,North West,Fulham,North West,borough
E01002873,Kensington and Chelsea 007C,Kensington and Chelsea,North West,Fulham,North West,borough
E01002874,Kensington and Chelsea 007D,Kensington and Chelsea,North West,Fulham,North West,borough
E01002875,Kensington and Chelsea 007E,Kensington and Chelsea,North West,Fulham,North West,borough
E01002876,Kensington and Chelsea 003A,Kensington and Chelsea,North West,Fulham,North West,borough
E01002877,Kensington and Chelsea 003B,Kensington and Chelsea,North West,Fulham,North West,borough
E01002878,Kensington and Chelsea 003C,Kensington and Chelsea,North West,Fulham,North West,borough
E01002879,Kensington and Chelsea 005C,Kensington and Chelsea,North West,Fulham,North West,borough
E01002880,Kensington and Chelsea 005D,Kensington and Chelsea,North West,Fulham,North West,borough
E01002881,Kensington and Chelsea 005E,Kensington and Chelsea,North West,Fulham,North West,borough
E01002882,Kensington and Chelsea 006A,Kensington and Chelsea,North West,Fulham,North West,borough
E01002883,Kensington and Chelsea 006B,Kensington and Chelsea,North West,Fulham,North West,borough
E01002884,Kensington and Chelsea 006C,Kensington and Chelsea,North West,Fulham,North West,borough
E01002885,Kensington and Chelsea 006D,Kensington and Chelsea,North West,Fulham,North West,borough
E01002886,Kensington and Chelsea 006E,Kensington and Chelsea,North West,Fulham,North West,borough
E01002887,Kensington and Chelsea 010A,Kensington and Chelsea,North West,Fulham,North West,borough
E01002888,Kensington and Chelsea 013E,Kensington and Chelsea,North West,Fulham,North West,borough
E01002889,Kensington and Chelsea 010B,Kensington and Chelsea,North West,Fulham,North West,borough
E01002890,Kensington and Chelsea 010C,Kensington and Chelsea,North West,Fulham,North West,borough
E01002891,Kensington and Chelsea 010D,Kensington and Chelsea,North West,Fulham,North West,borough
E01002892,Kensington and Chelsea 010E,Kensington and Chelsea,North West,Fulham,North West,borough
E01002893,Kensington and Chelsea 017C,Kensington and Chelsea,North West,Fulham,North West,borough
E01002894,Kensington and Chelsea 017D,Kensington and Chelsea,North West,Fulham,North West,borough
E01002896,Kensington and Chelsea 020C,Kensington and Chelsea,North West,Fulham,North West,borough
E01002897,Kensington and Chelsea 020D,Kensington and Chelsea,North West,Fulham,North West,borough
E01002898,Kensington and Chelsea 017E,Kensington and Chelsea,North West,Fulham,North West,borough
E01002899,Kensington and Chelsea 018A,Kensington and Chelsea,North West,Fulham,North West,borough
E01002900,Kensington and Chelsea 018B,Kensington and Chelsea,North West,Fulham,North West,borough
E01002901,Kensington and Chelsea 018C,Kensington and Chelsea,North West,Fulham,North West,borough
E01002902,Kensington and Chelsea 018D,Kensington and Chelsea,North West,Fulham,North West,borough
E01002903,Kensington and Chelsea 018E,Kensington and Chelsea,North West,Fulham,North West,borough
E01002904,Kensington and Chelsea 002A,Kensington and Chelsea,North West,Fulham,North West,borough
E01002905,Kensington and Chelsea 002B,Kensington and Chelsea,North West,Fulham,North West,borough
E01002906,Kensington and Chelsea 002C,Kensington and Chelsea,North West,Fulham,North West,borough
E01002907,Kensington and Chelsea 002D,Kensington and Chelsea,North West,Fulham,North West,borough
E01002908,Kensington and Chelsea 003D,Kensington and Chelsea,North West,Fulham,North West,borough
E01002909,Kensington and Chelsea 003E,Kensington and Chelsea,North West,Fulham,North West,borough
E01002910,Kensington and Chelsea 019C,Kensington and Chelsea,North West,Fulham,North West,borough
E01002911,Kensington and Chelsea 019D,Kensington and Chelsea,North West,Fulham,North West,borough
E01002912,Kensington and Chelsea 020E,Kensington and Chelsea,North West,Fulham,North West,borough
E01002913,Kensington and Chelsea 021E,Kensington and Chelsea,North West,Fulham,North West,borough
E01002914,Kensington and Chelsea 019E,Kensington and Chelsea,North West,Fulham,North West,borough
E01002915,Kingston upon Thames 014A,Kingston upon Thames,South West,New Malden,South West,borough
E01002916,Kingston upon Thames 014B,Kingston upon Thames,South West,New Malden,South West,borough
E01002917,Kingston upon Thames 014C,Kingston upon Thames,South West,New Malden,South West,borough
E01002918,Kingston upon Thames 017A,Kingston upon Thames,South West,New Malden,South West,borough
E01002919,Kingston upon Thames 017B,Kingston upon Thames,South West,New Malden,South West,borough
E01002920,Kingston upon Thames 014D,Kingston upon Thames,South West,New Malden,South West,borough
E01002921,Kingston upon Thames 011A,Kingston upon Thames,South West,New Malden,South West,borough
E01002922,Kingston upon Thames 010A,Kingston upon Thames,South West,New Malden,South West,borough
E01002923,Kingston upon Thames 013A,Kingston upon Thames,South West,New Malden,South West,borough
E01002924,Kingston upon Thames 014E,Kingston upon Thames,South West,New Malden,South West,borough
E01002925,Kingston upon Thames 013B,Kingston upon Thames,South West,New Malden,South West,borough
E01002926,Kingston upon Thames 010B,Kingston upon Thames,South West,New Malden,South West,borough
E01002927,Kingston upon Thames 008A,Kingston upon Thames,South West,New Malden,South West,borough
E01002928,Kingston upon Thames 008B,Kingston upon Thames,South West,New Malden,South West,borough
E01002929,Kingston upon Thames 007A,Kingston upon Thames,South West,New Malden,South West,borough
E01002930,Kingston upon Thames 007B,Kingston upon Thames,South West,New Malden,South West,borough
E01002931,Kingston upon Thames 007C,Kingston upon Thames,South West,New Malden,South West,borough
E01002932,Kingston upon Thames 006A,Kingston upon Thames,South West,New Malden,South West,borough
E01002933,Kingston upon Thames 004A,Kingston upon Thames,South West,New Malden,South West,borough
E01002934,Kingston upon Thames 004B,Kingston upon Thames,South West,New Malden,South West,borough
E01002935,Kingston upon Thames 003A,Kingston upon Thames,South West,New Malden,South West,borough
E01002937,Kingston upon Thames 004D,Kingston upon Thames,South West,New Malden,South West,borough
E01002938,Kingston upon Thames 003B,Kingston upon Thames,South West,New Malden,South West,borough
E01002939,Kingston upon Thames 018A,Kingston upon Thames,South West,New Malden,South West,borough
E01002940,Kingston upon Thames 020A,Kingston upon Thames,South West,New Malden,South West,borough
E01002941,Kingston upon Thames 018B,Kingston upon Thames,South West,New Malden,South West,borough
E01002942,Kingston upon Thames 018C,Kingston upon Thames,South West,New Malden,South West,borough
E01002943,Kingston upon Thames 020B,Kingston upon Thames,South West,New Malden,South West,borough
E01002944,Kingston upon Thames 019A,Kingston upon Thames,South West,New Malden,South West,borough
E01002945,Kingston upon Thames 019B,Kingston upon Thames,South West,New Malden,South West,borough
E01002946,Kingston upon Thames 019C,Kingston upon Thames,South West,New Malden,South West,borough
E01002947,Kingston upon Thames 019D,Kingston upon Thames,South West,New Malden,South West,borough
E01002948,Kingston upon Thames 020C,Kingston upon Thames,South West,New Malden,South West,borough
E01002949,Kingston upon Thames 020D,Kingston upon Thames,South West,New Malden,South West,borough
E01002950,Kingston upon Thames 020E,Kingston upon Thames,South West,New Malden,South West,borough
E01002951,Kingston upon Thames 003C,Kingston upon Thames,South West,New Malden,South West,borough
E01002952,Kingston upon Thames 002A,Kingston upon Thames,South West,New Malden,South West,borough
E01002953,Kingston upon Thames 002B,Kingston upon Thames,South West,New Malden,South West,borough
E01002954,Kingston upon Thames 003D,Kingston upon Thames,South West,New Malden,South West,borough
E01002955,Kingston upon Thames 002C,Kingston upon Thames,South West,New Malden,South West,borough
E01002956,Kingston upon Thames 002D,Kingston upon Thames,South West,New Malden,South West,borough
E01002957,Kingston upon Thames 003E,Kingston upon Thames,South West,New Malden,South West,borough
E01002958,Kingston upon Thames 008C,Kingston upon Thames,South West,New Malden,South West,borough
E01002959,Kingston upon Thames 002E,Kingston upon Thames,South West,New Malden,South West,borough
E01002960,Kingston upon Thames 006B,Kingston upon Thames,South West,New Malden,South West,borough
E01002961,Kingston upon Thames 008D,Kingston upon Thames,South West,New Malden,South West,borough
E01002962,Kingston upon Thames 006C,Kingston upon Thames,South West,New Malden,South West,borough
E01002963,Kingston upon Thames 007D,Kingston upon Thames,South West,New Malden,South West,borough
E01002964,Kingston upon Thames 005A,Kingston upon Thames,South West,New Malden,South West,borough
E01002965,Kingston upon Thames 009A,Kingston upon Thames,South West,New Malden,South West,borough
E01002966,Kingston upon Thames 010C,Kingston upon Thames,South West,New Malden,South West,borough
E01002967,Kingston upon Thames 009B,Kingston upon Thames,South West,New Malden,South West,borough
E01002968,Kingston upon Thames 009C,Kingston upon Thames,South West,New Malden,South West,borough
E01002969,Kingston upon Thames 005B,Kingston upon Thames,South West,New Malden,South West,borough
E01002970,Kingston upon Thames 006D,Kingston upon Thames,South West,New Malden,South West,borough
E01002971,Kingston upon Thames 005C,Kingston upon Thames,South West,New Malden,South West,borough
E01002972,Kingston upon Thames 005D,Kingston upon Thames,South West,New Malden,South West,borough
E01002973,Kingston upon Thames 006E,Kingston upon Thames,South West,New Malden,South West,borough
E01002974,Kingston upon Thames 005E,Kingston upon Thames,South West,New Malden,South West,borough
E01002975,Kingston upon Thames 012A,Kingston upon Thames,South West,New Malden,South West,borough
E01002976,Kingston upon Thames 015A,Kingston upon Thames,South West,New Malden,South West,borough
E01002977,Kingston upon Thames 012B,Kingston upon Thames,South West,New Malden,South West,borough
E01002978,Kingston upon Thames 015B,Kingston upon Thames,South West,New Malden,South West,borough
E01002979,Kingston upon Thames 015C,Kingston upon Thames,South West,New Malden,South West,borough
E01002980,Kingston upon Thames 012C,Kingston upon Thames,South West,New Malden,South West,borough
E01002981,Kingston upon Thames 012D,Kingston upon Thames,South West,New Malden,South West,borough
E01002982,Kingston upon Thames 015D,Kingston upon Thames,South West,New Malden,South West,borough
E01002983,Kingston upon Thames 015E,Kingston upon Thames,South West,New Malden,South West,borough
E01002984,Kingston upon Thames 012E,Kingston upon Thames,South West,New Malden,South West,borough
E01002985,Kingston upon Thames 007E,Kingston upon Thames,South West,New Malden,South West,borough
E01002986,Kingston upon Thames 008E,Kingston upon Thames,South West,New Malden,South West,borough
E01002987,Kingston upon Thames 011B,Kingston upon Thames,South West,New Malden,South West,borough
E01002988,Kingston upon Thames 011C,Kingston upon Thames,South West,New Malden,South West,borough
E01002989,Kingston upon Thames 011D,Kingston upon Thames,South West,New Malden,South West,borough
E01002990,Kingston upon Thames 009D,Kingston upon Thames,South West,New Malden,South West,borough
E01002991,Kingston upon Thames 009E,Kingston upon Thames,South West,New Malden,South West,borough
E01002992,Kingston upon Thames 010D,Kingston upon Thames,South West,New Malden,South West,borough
E01002993,Kingston upon Thames 013C,Kingston upon Thames,South West,New Malden,South West,borough
E01002994,Kingston upon Thames 016A,Kingston upon Thames,South West,New Malden,South West,borough
E01002995,Kingston upon Thames 013D,Kingston upon Thames,South West,New Malden,South West,borough
E01002996,Kingston upon Thames 016B,Kingston upon Thames,South West,New Malden,South West,borough
E01002997,Kingston upon Thames 016C,Kingston upon Thames,South West,New Malden,South West,borough
E01002998,Kingston upon Thames 016D,Kingston upon Thames,South West,New Malden,South West,borough
E01002999,Kingston upon Thames 013E,Kingston upon Thames,South West,New Malden,South West,borough
E01003000,Kingston upon Thames 017C,Kingston upon Thames,South West,New Malden,South West,borough
E01003001,Kingston upon Thames 017D,Kingston upon Thames,South West,New Malden,South West,borough
E01003002,Kingston upon Thames 016E,Kingston upon Thames,South West,New Malden,South West,borough
E01003003,Kingston upon Thames 017E,Kingston upon Thames,South West,New Malden,South West,borough
E01003004,Kingston upon Thames 018D,Kingston upon Thames,South West,New Malden,South West,borough
E01003005,Kingston upon Thames 018E,Kingston upon Thames,South West,New Malden,South West,borough
E01003006,Kingston upon Thames 001A,Kingston upon Thames,South West,New Malden,South West,borough
E01003007,Kingston upon Thames 001B,Kingston upon Thames,South West,New Malden,South West,borough
E01003008,Kingston upon Thames 001C,Kingston upon Thames,South West,New Malden,South West,borough
E01003009,Kingston upon Thames 001D,Kingston upon Thames,South West,New Malden,South West,borough
E01003010,Kingston upon Thames 001E,Kingston upon Thames,South West,New Malden,South West,borough
E01003011,Kingston upon Thames 004E,Kingston upon Thames,South West,New Malden,South West,borough
E01003013,Lambeth 036A,Lambeth,South East,Oval,South East,override
E01003014,Lambeth 036B,Lambeth,South East,Oval,South East,override
E01003015,Lambeth 002A,Lambeth,South East,Oval,South East,override
E01003016,Lambeth 036C,Lambeth,South East,Oval,South East,override
E01003017,Lambeth 036D,Lambeth,South East,Oval,South East,override
E01003018,Lambeth 020A,Lambeth,South East,Oval,South East,voronoi-within-borough
E01003019,Lambeth 015A,Lambeth,South East,Oval,South East,voronoi-within-borough
E01003020,Lambeth 016A,Lambeth,South East,Oval,South East,voronoi-within-borough
E01003021,Lambeth 021A,Lambeth,South East,Oval,South East,voronoi-within-borough
E01003022,Lambeth 021B,Lambeth,South East,Oval,South East,voronoi-within-borough
E01003023,Lambeth 021C,Lambeth,South East,Oval,South East,voronoi-within-borough
E01003024,Lambeth 021D,Lambeth,South East,Oval,South East,voronoi-within-borough
E01003025,Lambeth 021E,Lambeth,South East,Oval,South East,voronoi-within-borough
E01003026,Lambeth 019A,Lambeth,South East,Oval,South East,voronoi-within-borough
E01003027,Lambeth 019B,Lambeth,South East,Oval,South East,voronoi-within-borough
E01003028,Lambeth 019C,Lambeth,South East,Oval,South East,voronoi-within-borough
E01003029,Lambeth 017A,Lambeth,South East,Oval,South East,voronoi-within-borough
E01003030,Lambeth 019D,Lambeth,South East,Oval,South East,voronoi-within-borough
E01003031,Lambeth 023A,Lambeth,South East,Oval,South East,voronoi-within-borough
E01003032,Lambeth 017B,Lambeth,South East,Oval,South East,voronoi-within-borough
E01003033,Lambeth 019E,Lambeth,South East,Oval,South East,voronoi-within-borough
E01003034,Lambeth 012A,Lambeth,South East,Oval,South East,voronoi-within-borough
E01003035,Lambeth 012B,Lambeth,South East,Oval,South East,voronoi-within-borough
E01003036,Lambeth 012C,Lambeth,South East,Oval,South East,voronoi-within-borough
E01003037,Lambeth 013A,Lambeth,South East,Oval,South East,voronoi-within-borough
E01003038,Lambeth 013B,Lambeth,South East,Oval,South East,voronoi-within-borough
E01003039,Lambeth 013C,Lambeth,South East,Oval,South East,voronoi-within-borough
E01003040,Lambeth 013D,Lambeth,South East,Oval,South East,voronoi-within-borough
E01003041,Lambeth 017C,Lambeth,South East,Oval,South East,voronoi-within-borough
E01003042,Lambeth 013E,Lambeth,South East,Oval,South East,voronoi-within-borough
E01003043,Lambeth 018A,Lambeth,South East,Oval,South East,voronoi-within-borough
E01003044,Lambeth 018B,Lambeth,South East,Oval,South East,voronoi-within-borough
E01003045,Lambeth 011A,Lambeth,South East,Oval,South East,voronoi-within-borough
E01003046,Lambeth 009A,Lambeth,South East,Oval,South East,voronoi-within-borough
E01003047,Lambeth 011B,Lambeth,South East,Oval,South East,voronoi-within-borough
E01003048,Lambeth 009B,Lambeth,South East,Oval,South East,voronoi-within-borough
E01003049,Lambeth 011C,Lambeth,South East,Oval,South East,voronoi-within-borough
E01003050,Lambeth 016B,Lambeth,South East,Oval,South East,voronoi-within-borough
E01003051,Lambeth 018C,Lambeth,South East,Oval,South East,voronoi-within-borough
E01003052,Lambeth 016C,Lambeth,South East,Oval,South East,voronoi-within-borough
E01003053,Lambeth 015B,Lambeth,South East,Oval,South East,voronoi-within-borough
E01003054,Lambeth 015C,Lambeth,South East,Oval,South East,voronoi-within-borough
E01003055,Lambeth 016D,Lambeth,South East,Oval,South East,voronoi-within-borough
E01003056,Lambeth 015D,Lambeth,South East,Oval,South East,voronoi-within-borough
E01003057,Lambeth 017D,Lambeth,South East,Oval,South East,voronoi-within-borough
E01003058,Lambeth 015E,Lambeth,South East,Oval,South East,voronoi-within-borough
E01003059,Lambeth 011D,Lambeth,South East,Oval,South East,voronoi-within-borough
E01003060,Lambeth 011E,Lambeth,South East,Oval,South East,voronoi-within-borough
E01003061,Lambeth 011F,Lambeth,South East,Oval,South East,voronoi-within-borough
E01003062,Lambeth 033A,Lambeth,South East,Oval,South East,voronoi-within-borough
E01003063,Lambeth 033B,Lambeth,South East,Oval,South East,voronoi-within-borough
E01003064,Lambeth 028A,Lambeth,South East,Oval,South East,voronoi-within-borough
E01003065,Lambeth 031A,Lambeth,South East,Oval,South East,voronoi-within-borough
E01003066,Lambeth 028B,Lambeth,South East,Oval,South East,voronoi-within-borough
E01003067,Lambeth 033C,Lambeth,South East,Oval,South East,voronoi-within-borough
E01003068,Lambeth 031B,Lambeth,South East,Oval,South East,voronoi-within-borough
E01003069,Lambeth 033D,Lambeth,South East,Oval,South East,voronoi-within-borough
E01003070,Lambeth 033E,Lambeth,South East,Oval,South East,voronoi-within-borough
E01003071,Lambeth 018D,Lambeth,South East,Oval,South East,voronoi-within-borough
E01003072,Lambeth 014A,Lambeth,South East,Oval,South East,voronoi-within-borough
E01003073,Lambeth 014B,Lambeth,South East,Oval,South East,voronoi-within-borough
E01003074,Lambeth 018E,Lambeth,South East,Oval,South East,voronoi-within-borough
E01003075,Lambeth 009C,Lambeth,South East,Oval,South East,voronoi-within-borough
E01003076,Lambeth 014C,Lambeth,South East,Oval,South East,voronoi-within-borough
E01003077,Lambeth 014D,Lambeth,South East,Oval,South East,voronoi-within-borough
E01003078,Lambeth 014E,Lambeth,South East,Oval,South East,voronoi-within-borough
E01003079,Lambeth 027A,Lambeth,South East,Oval,South East,voronoi-within-borough
E01003080,Lambeth 027B,Lambeth,South East,Oval,South East,voronoi-within-borough
E01003081,Lambeth 028C,Lambeth,South East,Oval,South East,voronoi-within-borough
E01003082,Lambeth 031C,Lambeth,South East,Oval,South East,voronoi-within-borough
E01003083,Lambeth 030A,Lambeth,South East,Oval,South East,voronoi-within-borough
E01003084,Lambeth 030B,Lambeth,South East,Oval,South East,voronoi-within-borough
E01003085,Lambeth 030C,Lambeth,South East,Oval,South East,voronoi-within-borough
E01003086,Lambeth 031D,Lambeth,South East,Oval,South East,voronoi-within-borough
E01003087,Lambeth 031E,Lambeth,South East,Oval,South East,voronoi-within-borough
E01003088,Lambeth 010A,Lambeth,South East,Oval,South East,voronoi-within-borough
E01003089,Lambeth 008A,Lambeth,South East,Oval,South East,voronoi-within-borough
E01003090,Lambeth 012D,Lambeth,South East,Oval,South East,voronoi-within-borough
E01003091,Lambeth 008B,Lambeth,South East,Oval,South East,voronoi-within-borough
E01003092,Lambeth 008C,Lambeth,South East,Oval,South East,voronoi-within-borough
E01003093,Lambeth 010B,Lambeth,South East,Oval,South East,voronoi-within-borough
E01003094,Lambeth 010C,Lambeth,South East,Oval,South East,voronoi-within-borough
E01003095,Lambeth 012E,Lambeth,South East,Oval,South East,voronoi-within-borough
E01003096,Lambeth 010D,Lambeth,South East,Oval,South East,voronoi-within-borough
E01003097,Lambeth 006A,Lambeth,South East,Oval,South East,voronoi-within-borough
E01003098,Lambeth 005A,Lambeth,South East,Oval,South East,voronoi-within-borough
E01003099,Lambeth 005B,Lambeth,South East,Oval,South East,voronoi-within-borough
E01003100,Lambeth 005C,Lambeth,South East,Oval,South East,voronoi-within-borough
E01003101,Lambeth 003A,Lambeth,South East,Oval,South East,voronoi-within-borough
E01003102,Lambeth 004A,Lambeth,South East,Oval,South East,voronoi-within-borough
E01003104,Lambeth 004C,Lambeth,South East,Oval,South East,voronoi-within-borough
E01003105,Lambeth 003B,Lambeth,South East,Oval,South East,voronoi-within-borough
E01003106,Lambeth 003C,Lambeth,South East,Oval,South East,voronoi-within-borough
E01003107,Lambeth 003D,Lambeth,South East,Oval,South East,voronoi-within-borough
E01003108,Lambeth 002B,Lambeth,South East,Oval,South East,voronoi-within-borough
E01003110,Lambeth 002C,Lambeth,South East,Deptford,South East,voronoi-within-borough
E01003111,Lambeth 002D,Lambeth,South East,Oval,South East,override
E01003112,Lambeth 002E,Lambeth,South East,Oval,South East,override
E01003113,Lambeth 032A,Lambeth,South East,Oval,South East,voronoi-within-borough
E01003114,Lambeth 032B,Lambeth,South East,Oval,South East,voronoi-within-borough
E01003115,Lambeth 034A,Lambeth,South East,Oval,South East,voronoi-within-borough
E01003116,Lambeth 029A,Lambeth,South East,Oval,South East,voronoi-within-borough
E01003117,Lambeth 029B,Lambeth,South East,Oval,South East,voronoi-within-borough
E01003118,Lambeth 029C,Lambeth,South East,Oval,South East,voronoi-within-borough
E01003119,Lambeth 032C,Lambeth,South East,Oval,South East,voronoi-within-borough
E01003120,Lambeth 032D,Lambeth,South East,Oval,South East,voronoi-within-borough
E01003121,Lambeth 006B,Lambeth,South East,Oval,South East,voronoi-within-borough
E01003122,Lambeth 004D,Lambeth,South East,Oval,South East,voronoi-within-borough
E01003123,Lambeth 006C,Lambeth,South East,Oval,South East,voronoi-within-borough
E01003124,Lambeth 006D,Lambeth,South East,Oval,South East,voronoi-within-borough
E01003125,Lambeth 006E,Lambeth,South East,Oval,South East,voronoi-within-borough
E01003126,Lambeth 008D,Lambeth,South East,Oval,South East,voronoi-within-borough
E01003127,Lambeth 010E,Lambeth,South East,Oval,South East,voronoi-within-borough
E01003128,Lambeth 008E,Lambeth,South East,Oval,South East,voronoi-within-borough
E01003129,Lambeth 004E,Lambeth,South East,Oval,South East,voronoi-within-borough
E01003130,Lambeth 026A,Lambeth,South East,Oval,South East,voronoi-within-borough
E01003131,Lambeth 026B,Lambeth,South East,Oval,South East,voronoi-within-borough
E01003132,Lambeth 024A,Lambeth,South East,Oval,South East,voronoi-within-borough
E01003133,Lambeth 027C,Lambeth,South East,Oval,South East,voronoi-within-borough
E01003134,Lambeth 027D,Lambeth,South East,Oval,South East,voronoi-within-borough
E01003135,Lambeth 026C,Lambeth,South East,Oval,South East,voronoi-within-borough
E01003136,Lambeth 022A,Lambeth,South East,Oval,South East,voronoi-within-borough
E01003137,Lambeth 022B,Lambeth,South East,Oval,South East,voronoi-within-borough
E01003138,Lambeth 026D,Lambeth,South East,Oval,South East,voronoi-within-borough
E01003139,Lambeth 035A,Lambeth,South East,Oval,South East,voronoi-within-borough
E01003140,Lambeth 035B,Lambeth,South East,Oval,South East,voronoi-within-borough
E01003141,Lambeth 034B,Lambeth,South East,Oval,South East,voronoi-within-borough
E01003142,Lambeth 035C,Lambeth,South East,Oval,South East,voronoi-within-borough
E01003143,Lambeth 035D,Lambeth,South East,Oval,South East,voronoi-within-borough
E01003144,Lambeth 034C,Lambeth,South East,Oval,South East,voronoi-within-borough
E01003145,Lambeth 034D,Lambeth,South East,Oval,South East,voronoi-within-borough
E01003146,Lambeth 035E,Lambeth,South East,Oval,South East,voronoi-within-borough
E01003147,Lambeth 034E,Lambeth,South East,Oval,South East,voronoi-within-borough
E01003148,Lambeth 032E,Lambeth,South East,Oval,South East,voronoi-within-borough
E01003149,Lambeth 030D,Lambeth,South East,Oval,South East,voronoi-within-borough
E01003150,Lambeth 032F,Lambeth,South East,Oval,South East,voronoi-within-borough
E01003151,Lambeth 026E,Lambeth,South East,Oval,South East,voronoi-within-borough
E01003152,Lambeth 027E,Lambeth,South East,Oval,South East,voronoi-within-borough
E01003153,Lambeth 029D,Lambeth,South East,Oval,South East,voronoi-within-borough
E01003154,Lambeth 030E,Lambeth,South East,Oval,South East,voronoi-within-borough
E01003155,Lambeth 029E,Lambeth,South East,Oval,South East,voronoi-within-borough
E01003156,Lambeth 023B,Lambeth,South East,Oval,South East,voronoi-within-borough
E01003157,Lambeth 023C,Lambeth,South East,Oval,South East,voronoi-within-borough
E01003158,Lambeth 023D,Lambeth,South East,Oval,South East,voronoi-within-borough
E01003159,Lambeth 022C,Lambeth,South East,Oval,South East,voronoi-within-borough
E01003160,Lambeth 022D,Lambeth,South East,Oval,South East,voronoi-within-borough
E01003161,Lambeth 023E,Lambeth,South East,Oval,South East,voronoi-within-borough
E01003162,Lambeth 022E,Lambeth,South East,Oval,South East,voronoi-within-borough
E01003163,Lambeth 023F,Lambeth,South East,Oval,South East,voronoi-within-borough
E01003164,Lambeth 025A,Lambeth,South East,Oval,South East,voronoi-within-borough
E01003165,Lambeth 025B,Lambeth,South East,Oval,South East,voronoi-within-borough
E01003166,Lambeth 028D,Lambeth,South East,Oval,South East,voronoi-within-borough
E01003167,Lambeth 028E,Lambeth,South East,Oval,South East,voronoi-within-borough
E01003168,Lambeth 025C,Lambeth,South East,Oval,South East,voronoi-within-borough
E01003169,Lambeth 025D,Lambeth,South East,Oval,South East,voronoi-within-borough
E01003170,Lambeth 025E,Lambeth,South East,Oval,South East,voronoi-within-borough
E01003171,Lambeth 020B,Lambeth,South East,Oval,South East,voronoi-within-borough
E01003172,Lambeth 024B,Lambeth,South East,Oval,South East,voronoi-within-borough
E01003173,Lambeth 020C,Lambeth,South East,Oval,South East,voronoi-within-borough
E01003174,Lambeth 024C,Lambeth,South East,Oval,South East,voronoi-within-borough
E01003175,Lambeth 024D,Lambeth,South East,Oval,South East,voronoi-within-borough
E01003176,Lambeth 016E,Lambeth,South East,Oval,South East,voronoi-within-borough
E01003177,Lambeth 020D,Lambeth,South East,Oval,South East,voronoi-within-borough
E01003178,Lambeth 020E,Lambeth,South East,Oval,South East,voronoi-within-borough
E01003179,Lambeth 024E,Lambeth,South East,Oval,South East,voronoi-within-borough
E01003180,Lambeth 005D,Lambeth,South East,Oval,South East,voronoi-within-borough
E01003181,Lambeth 007A,Lambeth,South East,Oval,South East,voronoi-within-borough
E01003182,Lambeth 009D,Lambeth,South East,Oval,South East,voronoi-within-borough
E01003183,Lambeth 005E,Lambeth,South East,Oval,South East,voronoi-within-borough
E01003184,Lambeth 007B,Lambeth,South East,Oval,South East,voronoi-within-borough
E01003185,Lambeth 007C,Lambeth,South East,Oval,South East,voronoi-within-borough
E01003186,Lambeth 007D,Lambeth,South East,Oval,South East,voronoi-within-borough
E01003187,Lambeth 007E,Lambeth,South East,Oval,South East,voronoi-within-borough
E01003188,Lambeth 009E,Lambeth,South East,Oval,South East,voronoi-within-borough
E01003189,Lewisham 034A,Lewisham,South East,Bromley,South East,voronoi-within-borough
E01003190,Lewisham 034B,Lewisham,South East,Bromley,South East,voronoi-within-borough
E01003191,Lewisham 034C,Lewisham,South East,Bromley,South East,voronoi-within-borough
E01003192,Lewisham 034D,Lewisham,South East,Bromley,South East,voronoi-within-borough
E01003193,Lewisham 029A,Lewisham,South East,Bromley,South East,voronoi-within-borough
E01003194,Lewisham 029B,Lewisham,South East,Bromley,South East,voronoi-within-borough
E01003195,Lewisham 029C,Lewisham,South East,Bromley,South East,voronoi-within-borough
E01003196,Lewisham 029D,Lewisham,South East,Bromley,South East,voronoi-within-borough
E01003197,Lewisham 029E,Lewisham,South East,Bromley,South East,voronoi-within-borough
E01003198,Lewisham 009A,Lewisham,South East,Greenwich,South East,override
E01003199,Lewisham 007A,Lewisham,South East,Greenwich,South East,override
E01003200,Lewisham 009B,Lewisham,South East,Greenwich,South East,override
E01003201,Lewisham 007B,Lewisham,South East,Greenwich,South East,override
E01003202,Lewisham 009C,Lewisham,South East,Greenwich,South East,override
E01003203,Lewisham 009D,Lewisham,South East,Greenwich,South East,override
E01003204,Lewisham 007C,Lewisham,South East,Greenwich,South East,override
E01003205,Lewisham 007D,Lewisham,South East,Greenwich,South East,override
E01003206,Lewisham 007E,Lewisham,South East,Greenwich,South East,override
E01003207,Lewisham 005A,Lewisham,South East,Deptford,South East,voronoi-within-borough
E01003209,Lewisham 005B,Lewisham,South East,Deptford,South East,voronoi-within-borough
E01003210,Lewisham 005C,Lewisham,South East,Deptford,South East,voronoi-within-borough
E01003211,Lewisham 008B,Lewisham,South East,Greenwich,South East,override
E01003212,Lewisham 005D,Lewisham,South East,Deptford,South East,voronoi-within-borough
E01003213,Lewisham 008C,Lewisham,South East,Greenwich,South East,override
E01003214,Lewisham 008D,Lewisham,South East,Greenwich,South East,override
E01003215,Lewisham 005E,Lewisham,South East,Deptford,South East,voronoi-within-borough
E01003216,Lewisham 025A,Lewisham,South East,Bromley,South East,voronoi-within-borough
E01003217,Lewisham 022A,Lewisham,South East,Bromley,South East,voronoi-within-borough
E01003218,Lewisham 022B,Lewisham,South East,Bromley,South East,voronoi-within-borough
E01003219,Lewisham 025B,Lewisham,South East,Bromley,South East,voronoi-within-borough
E01003220,Lewisham 022C,Lewisham,South East,Bromley,South East,voronoi-within-borough
E01003221,Lewisham 025C,Lewisham,South East,Bromley,South East,voronoi-within-borough
E01003222,Lewisham 022D,Lewisham,South East,Bromley,South East,voronoi-within-borough
E01003223,Lewisham 025D,Lewisham,South East,Bromley,South East,voronoi-within-borough
E01003224,Lewisham 022E,Lewisham,South East,Bromley,South East,voronoi-within-borough
E01003225,Lewisham 015A,Lewisham,South East,Bromley,South East,voronoi-within-borough
E01003226,Lewisham 019A,Lewisham,South East,Bromley,South East,voronoi-within-borough
E01003227,Lewisham 019B,Lewisham,South East,Bromley,South East,voronoi-within-borough
E01003228,Lewisham 019C,Lewisham,South East,Bromley,South East,voronoi-within-borough
E01003229,Lewisham 019D,Lewisham,South East,Bromley,South East,voronoi-within-borough
E01003230,Lewisham 019E,Lewisham,South East,Bromley,South East,voronoi-within-borough
E01003231,Lewisham 015B,Lewisham,South East,Greenwich,South East,override
E01003232,Lewisham 015C,Lewisham,South East,Greenwich,South East,override
E01003233,Lewisham 015D,Lewisham,South East,Greenwich,South East,override
E01003235,Lewisham 038A,Lewisham,South East,Bromley,South East,voronoi-within-borough
E01003236,Lewisham 037A,Lewisham,South East,Bromley,South East,voronoi-within-borough
E01003237,Lewisham 037B,Lewisham,South East,Bromley,South East,voronoi-within-borough
E01003238,Lewisham 037C,Lewisham,South East,Bromley,South East,voronoi-within-borough
E01003239,Lewisham 037D,Lewisham,South East,Bromley,South East,voronoi-within-borough
E01003240,Lewisham 038B,Lewisham,South East,Bromley,South East,voronoi-within-borough
E01003241,Lewisham 038C,Lewisham,South East,Bromley,South East,voronoi-within-borough
E01003243,Lewisham 038D,Lewisham,South East,Bromley,South East,voronoi-within-borough
E01003244,Lewisham 001A,Lewisham,South East,Deptford,South East,voronoi-within-borough
E01003245,Lewisham 001B,Lewisham,South East,Deptford,South East,voronoi-within-borough
E01003246,Lewisham 002A,Lewisham,South East,Deptford,South East,voronoi-within-borough
E01003247,Lewisham 001C,Lewisham,South East,Deptford,South East,voronoi-within-borough
E01003248,Lewisham 002B,Lewisham,South East,Deptford,South East,voronoi-within-borough
E01003249,Lewisham 001D,Lewisham,South East,Deptford,South East,voronoi-within-borough
E01003251,Lewisham 002C,Lewisham,South East,Deptford,South East,voronoi-within-borough
E01003252,Lewisham 002D,Lewisham,South East,Deptford,South East,voronoi-within-borough
E01003253,Lewisham 002E,Lewisham,South East,Deptford,South East,voronoi-within-borough
E01003254,Lewisham 021A,Lewisham,South East,Bromley,South East,voronoi-within-borough
E01003255,Lewisham 021B,Lewisham,South East,Bromley,South East,voronoi-within-borough
E01003256,Lewisham 028A,Lewisham,South East,Bromley,South East,voronoi-within-borough
E01003257,Lewisham 028B,Lewisham,South East,Bromley,South East,voronoi-within-borough
E01003258,Lewisham 028C,Lewisham,South East,Bromley,South East,voronoi-within-borough
E01003259,Lewisham 028D,Lewisham,South East,Bromley,South East,voronoi-within-borough
E01003260,Lewisham 021C,Lewisham,South East,Bromley,South East,voronoi-within-borough
E01003261,Lewisham 021D,Lewisham,South East,Bromley,South East,voronoi-within-borough
E01003262,Lewisham 021E,Lewisham,South East,Bromley,South East,voronoi-within-borough
E01003263,Lewisham 023A,Lewisham,South East,Bromley,South East,voronoi-within-borough
E01003264,Lewisham 031A,Lewisham,South East,Bromley,South East,voronoi-within-borough
E01003265,Lewisham 031B,Lewisham,South East,Bromley,South East,voronoi-within-borough
E01003266,Lewisham 031C,Lewisham,South East,Bromley,South East,voronoi-within-borough
E01003267,Lewisham 031D,Lewisham,South East,Bromley,South East,voronoi-within-borough
E01003268,Lewisham 023B,Lewisham,South East,Bromley,South East,voronoi-within-borough
E01003269,Lewisham 023C,Lewisham,South East,Bromley,South East,voronoi-within-borough
E01003270,Lewisham 023D,Lewisham,South East,Bromley,South East,voronoi-within-borough
E01003271,Lewisham 023E,Lewisham,South East,Bromley,South East,voronoi-within-borough
E01003272,Lewisham 014A,Lewisham,South East,Greenwich,South East,override
E01003273,Lewisham 011A,Lewisham,South East,Greenwich,South East,override
E01003274,Lewisham 014B,Lewisham,South East,Greenwich,South East,override
E01003275,Lewisham 014C,Lewisham,South East,Greenwich,South East,override
E01003276,Lewisham 014D,Lewisham,South East,Greenwich,South East,override
E01003277,Lewisham 011B,Lewisham,South East,Greenwich,South East,override
E01003278,Lewisham 011C,Lewisham,South East,Greenwich,South East,override
E01003279,Lewisham 011D,Lewisham,South East,Greenwich,South East,override
E01003280,Lewisham 016A,Lewisham,South East,Bromley,South East,voronoi-within-borough
E01003281,Lewisham 016B,Lewisham,South East,Greenwich,South East,override
E01003282,Lewisham 013A,Lewisham,South East,Greenwich,South East,override
E01003283,Lewisham 013B,Lewisham,South East,Greenwich,South East,override
E01003284,Lewisham 013C,Lewisham,South East,Greenwich,South East,override
E01003285,Lewisham 016C,Lewisham,South East,Bromley,South East,voronoi-within-borough
E01003286,Lewisham 013D,Lewisham,South East,Greenwich,South East,override
E01003287,Lewisham 016D,Lewisham,South East,Greenwich,South East,override
E01003288,Lewisham 041A,Lewisham,South East,Greenwich,South East,override
E01003290,Lewisham 041E,Lewisham,South East,Greenwich,South East,override
E01003291,Lewisham 041D,Lewisham,South East,Greenwich,South East,override
E01003292,Lewisham 017A,Lewisham,South East,Greenwich,South East,override
E01003293,Lewisham 017B,Lewisham,South East,Greenwich,South East,override
E01003295,Lewisham 017D,Lewisham,South East,Greenwich,South East,override
E01003297,Lewisham 003A,Lewisham,South East,Deptford,South East,voronoi-within-borough
E01003298,Lewisham 039A,Lewisham,South East,Deptford,South East,voronoi-within-borough
E01003299,Lewisham 003B,Lewisham,South East,Deptford,South East,voronoi-within-borough
E01003300,Lewisham 039B,Lewisham,South East,Deptford,South East,voronoi-within-borough
E01003301,Lewisham 003C,Lewisham,South East,Deptford,South East,voronoi-within-borough
E01003302,Lewisham 003D,Lewisham,South East,Deptford,South East,voronoi-within-borough
E01003303,Lewisham 039C,Lewisham,South East,Deptford,South East,voronoi-within-borough
E01003304,Lewisham 039D,Lewisham,South East,Deptford,South East,voronoi-within-borough
E01003305,Lewisham 003E,Lewisham,South East,Deptford,South East,voronoi-within-borough
E01003307,Lewisham 024A,Lewisham,South East,Bromley,South East,voronoi-within-borough
E01003308,Lewisham 024B,Lewisham,South East,Bromley,South East,voronoi-within-borough
E01003309,Lewisham 027A,Lewisham,South East,Bromley,South East,voronoi-within-borough
E01003310,Lewisham 027B,Lewisham,South East,Bromley,South East,voronoi-within-borough
E01003311,Lewisham 027C,Lewisham,South East,Bromley,South East,voronoi-within-borough
E01003312,Lewisham 027D,Lewisham,South East,Bromley,South East,voronoi-within-borough
E01003313,Lewisham 027E,Lewisham,South East,Bromley,South East,voronoi-within-borough
E01003314,Lewisham 024C,Lewisham,South East,Bromley,South East,voronoi-within-borough
E01003315,Lewisham 024D,Lewisham,South East,Bromley,South East,voronoi-within-borough
E01003316,Lewisham 024E,Lewisham,South East,Bromley,South East,voronoi-within-borough
E01003318,Lewisham 020B,Lewisham,South East,Bromley,South East,voronoi-within-borough
E01003319,Lewisham 018A,Lewisham,South East,Greenwich,South East,override
E01003320,Lewisham 018B,Lewisham,South East,Greenwich,South East,override
E01003321,Lewisham 020C,Lewisham,South East,Bromley,South East,voronoi-within-borough
E01003322,Lewisham 020D,Lewisham,South East,Greenwich,South East,override
E01003323,Lewisham 018C,Lewisham,South East,Greenwich,South East,override
E01003324,Lewisham 020E,Lewisham,South East,Greenwich,South East,override
E01003325,Lewisham 018D,Lewisham,South East,Greenwich,South East,override
E01003326,Lewisham 035A,Lewisham,South East,Bromley,South East,voronoi-within-borough
E01003327,Lewisham 035B,Lewisham,South East,Bromley,South East,voronoi-within-borough
E01003328,Lewisham 035C,Lewisham,South East,Bromley,South East,voronoi-within-borough
E01003329,Lewisham 033A,Lewisham,South East,Bromley,South East,voronoi-within-borough
E01003330,Lewisham 033B,Lewisham,South East,Bromley,South East,voronoi-within-borough
E01003331,Lewisham 033C,Lewisham,South East,Bromley,South East,voronoi-within-borough
E01003332,Lewisham 033D,Lewisham,South East,Bromley,South East,voronoi-within-borough
E01003333,Lewisham 035D,Lewisham,South East,Bromley,South East,voronoi-within-borough
E01003334,Lewisham 033E,Lewisham,South East,Bromley,South East,voronoi-within-borough
E01003335,Lewisham 035E,Lewisham,South East,Bromley,South East,voronoi-within-borough
E01003336,Lewisham 010A,Lewisham,South East,Deptford,South East,voronoi-within-borough
E01003337,Lewisham 010B,Lewisham,South East,Greenwich,South East,override
E01003338,Lewisham 006A,Lewisham,South East,Deptford,South East,voronoi-within-borough
E01003339,Lewisham 006B,Lewisham,South East,Deptford,South East,voronoi-within-borough
E01003340,Lewisham 006C,Lewisham,South East,Deptford,South East,voronoi-within-borough
E01003341,Lewisham 006D,Lewisham,South East,Deptford,South East,voronoi-within-borough
E01003342,Lewisham 010C,Lewisham,South East,Deptford,South East,voronoi-within-borough
E01003343,Lewisham 006E,Lewisham,South East,Deptford,South East,voronoi-within-borough
E01003344,Lewisham 010D,Lewisham,South East,Deptford,South East,voronoi-within-borough
E01003345,Lewisham 010E,Lewisham,South East,Deptford,South East,voronoi-within-borough
E01003346,Lewisham 026A,Lewisham,South East,Bromley,South East,voronoi-within-borough
E01003347,Lewisham 030A,Lewisham,South East,Bromley,South East,voronoi-within-borough
E01003348,Lewisham 030B,Lewisham,South East,Bromley,South East,voronoi-within-borough
E01003349,Lewisham 026B,Lewisham,South East,Bromley,South East,voronoi-within-borough
E01003350,Lewisham 030C,Lewisham,South East,Bromley,South East,voronoi-within-borough
E01003351,Lewisham 026C,Lewisham,South East,Bromley,South East,voronoi-within-borough
E01003352,Lewisham 030D,Lewisham,South East,Bromley,South East,voronoi-within-borough
E01003353,Lewisham 030E,Lewisham,South East,Bromley,South East,voronoi-within-borough
E01003354,Lewisham 026D,Lewisham,South East,Bromley,South East,voronoi-within-borough
E01003355,Merton 009A,Merton,South West,Wimbledon,South West,borough
E01003356,Merton 009B,Merton,South West,Wimbledon,South West,borough
E01003357,Merton 012A,Merton,South West,Wimbledon,South West,borough
E01003358,Merton 009C,Merton,South West,Wimbledon,South West,borough
E01003359,Merton 006A,Merton,South West,Wimbledon,South West,borough
E01003360,Merton 006B,Merton,South West,Wimbledon,South West,borough
E01003361,Merton 015A,Merton,South West,Wimbledon,South West,borough
E01003362,Merton 021A,Merton,South West,Wimbledon,South West,borough
E01003363,Merton 021B,Merton,South West,Wimbledon,South West,borough
E01003364,Merton 021C,Merton,South West,Wimbledon,South West,borough
E01003365,Merton 021D,Merton,South West,Wimbledon,South West,borough
E01003366,Merton 016A,Merton,South West,Wimbledon,South West,borough
E01003368,Merton 008A,Merton,South West,Wimbledon,South West,borough
E01003369,Merton 005B,Merton,South West,Wimbledon,South West,borough
E01003370,Merton 005C,Merton,South West,Wimbledon,South West,borough
E01003371,Merton 005D,Merton,South West,Wimbledon,South West,borough
E01003372,Merton 008B,Merton,South West,Wimbledon,South West,borough
E01003373,Merton 018A,Merton,South West,Wimbledon,South West,borough
E01003374,Merton 022A,Merton,South West,Wimbledon,South West,borough
E01003375,Merton 022B,Merton,South West,Wimbledon,South West,borough
E01003376,Merton 012B,Merton,South West,Wimbledon,South West,borough
E01003377,Merton 012C,Merton,South West,Wimbledon,South West,borough
E01003378,Merton 018B,Merton,South West,Wimbledon,South West,borough
E01003379,Merton 018C,Merton,South West,Wimbledon,South West,borough
E01003380,Merton 011A,Merton,South West,Wimbledon,South West,borough
E01003381,Merton 016B,Merton,South West,Wimbledon,South West,borough
E01003382,Merton 011B,Merton,South West,Wimbledon,South West,borough
E01003383,Merton 009D,Merton,South West,Wimbledon,South West,borough
E01003384,Merton 009E,Merton,South West,Wimbledon,South West,borough
E01003385,Merton 011C,Merton,South West,Wimbledon,South West,borough
E01003386,Merton 013A,Merton,South West,Wimbledon,South West,borough
E01003387,Merton 014A,Merton,South West,Wimbledon,South West,borough
E01003388,Merton 013B,Merton,South West,Wimbledon,South West,borough
E01003389,Merton 013C,Merton,South West,Wimbledon,South West,borough
E01003390,Merton 018D,Merton,South West,Wimbledon,South West,borough
E01003391,Merton 014B,Merton,South West,Wimbledon,South West,borough
E01003392,Merton 013D,Merton,South West,Wimbledon,South West,borough
E01003393,Merton 008C,Merton,South West,Wimbledon,South West,borough
E01003394,Merton 007A,Merton,South West,Wimbledon,South West,borough
E01003395,Merton 007B,Merton,South West,Wimbledon,South West,borough
E01003396,Merton 007C,Merton,South West,Wimbledon,South West,borough
E01003397,Merton 007D,Merton,South West,Wimbledon,South West,borough
E01003398,Merton 007E,Merton,South West,Wimbledon,South West,borough
E01003399,Merton 011D,Merton,South West,Wimbledon,South West,borough
E01003400,Merton 003A,Merton,South West,Wimbledon,South West,borough
E01003401,Merton 004A,Merton,South West,Wimbledon,South West,borough
E01003402,Merton 004B,Merton,South West,Wimbledon,South West,borough
E01003403,Merton 004C,Merton,South West,Wimbledon,South West,borough
E01003404,Merton 004D,Merton,South West,Wimbledon,South West,borough
E01003405,Merton 018E,Merton,South West,Wimbledon,South West,borough
E01003406,Merton 008D,Merton,South West,Wimbledon,South West,borough
E01003407,Merton 008E,Merton,South West,Wimbledon,South West,borough
E01003408,Merton 012D,Merton,South West,Wimbledon,South West,borough
E01003409,Merton 013E,Merton,South West,Wimbledon,South West,borough
E01003410,Merton 012E,Merton,South West,Wimbledon,South West,borough
E01003411,Merton 014C,Merton,South West,Wimbledon,South West,borough
E01003412,Merton 014D,Merton,South West,Wimbledon,South West,borough
E01003413,Merton 017A,Merton,South West,Wimbledon,South West,borough
E01003414,Merton 017B,Merton,South West,Wimbledon,South West,borough
E01003415,Merton 017C,Merton,South West,Wimbledon,South West,borough
E01003416,Merton 017D,Merton,South West,Wimbledon,South West,borough
E01003417,Merton 025A,Merton,South West,Wimbledon,South West,borough
E01003418,Merton 025B,Merton,South West,Wimbledon,South West,borough
E01003419,Merton 025C,Merton,South West,Wimbledon,South West,borough
E01003420,Merton 025D,Merton,South West,Wimbledon,South West,borough
E01003421,Merton 021E,Merton,South West,Wimbledon,South West,borough
E01003422,Merton 025E,Merton,South West,Wimbledon,South West,borough
E01003423,Merton 011E,Merton,South West,Wimbledon,South West,borough
E01003424,Merton 015B,Merton,South West,Wimbledon,South West,borough
E01003425,Merton 015C,Merton,South West,Wimbledon,South West,borough
E01003426,Merton 015D,Merton,South West,Wimbledon,South West,borough
E01003427,Merton 023A,Merton,South West,Wimbledon,South West,borough
E01003428,Merton 015E,Merton,South West,Wimbledon,South West,borough
E01003429,Merton 019A,Merton,South West,Wimbledon,South West,borough
E01003430,Merton 019B,Merton,South West,Wimbledon,South West,borough
E01003431,Merton 019C,Merton,South West,Wimbledon,South West,borough
E01003432,Merton 019D,Merton,South West,Wimbledon,South West,borough
E01003433,Merton 019E,Merton,South West,Wimbledon,South West,borough
E01003434,Merton 017E,Merton,South West,Wimbledon,South West,borough
E01003435,Merton 014E,Merton,South West,Wimbledon,South West,borough
E01003436,Merton 023B,Merton,South West,Wimbledon,South West,borough
E01003437,Merton 022C,Merton,South West,Wimbledon,South West,borough
E01003438,Merton 024A,Merton,South West,Wimbledon,South West,borough
E01003439,Merton 023C,Merton,South West,Wimbledon,South West,borough
E01003440,Merton 022D,Merton,South West,Wimbledon,South West,borough
E01003441,Merton 022E,Merton,South West,Wimbledon,South West,borough
E01003442,Merton 010A,Merton,South West,Wimbledon,South West,borough
E01003443,Merton 010B,Merton,South West,Wimbledon,South West,borough
E01003444,Merton 010C,Merton,South West,Wimbledon,South West,borough
E01003445,Merton 010D,Merton,South West,Wimbledon,South West,borough
E01003446,Merton 016C,Merton,South West,Wimbledon,South West,borough
E01003447,Merton 016D,Merton,South West,Wimbledon,South West,borough
E01003448,Merton 023D,Merton,South West,Wimbledon,South West,borough
E01003449,Merton 024B,Merton,South West,Wimbledon,South West,borough
E01003450,Merton 024C,Merton,South West,Wimbledon,South West,borough
E01003451,Merton 024D,Merton,South West,Wimbledon,South West,borough
E01003452,Merton 024E,Merton,South West,Wimbledon,South West,borough
E01003453,Merton 023E,Merton,South West,Wimbledon,South West,borough
E01003454,Merton 003B,Merton,South West,Wimbledon,South West,borough
E01003455,Merton 005E,Merton,South West,Wimbledon,South West,borough
E01003456,Merton 003C,Merton,South West,Wimbledon,South West,borough
E01003457,Merton 006C,Merton,South West,Wimbledon,South West,borough
E01003458,Merton 006D,Merton,South West,Wimbledon,South West,borough
E01003459,Merton 006E,Merton,South West,Wimbledon,South West,borough
E01003460,Merton 002A,Merton,South West,Wimbledon,South West,borough
E01003461,Merton 004E,Merton,South West,Wimbledon,South West,borough
E01003462,Merton 002B,Merton,South West,Wimbledon,South West,borough
E01003463,Merton 010E,Merton,South West,Wimbledon,South West,borough
E01003464,Merton 002C,Merton,South West,Wimbledon,South West,borough
E01003465,Merton 002D,Merton,South West,Wimbledon,South West,borough
E01003466,Merton 020A,Merton,South West,Wimbledon,South West,borough
E01003467,Merton 020B,Merton,South West,Wimbledon,South West,borough
E01003468,Merton 020C,Merton,South West,Wimbledon,South West,borough
E01003469,Merton 020D,Merton,South West,Wimbledon,South West,borough
E01003470,Merton 020E,Merton,South West,Wimbledon,South West,borough
E01003471,Merton 016E,Merton,South West,Wimbledon,South West,borough
E01003472,Merton 001A,Merton,South West,Wimbledon,South West,borough
E01003473,Merton 001B,Merton,South West,Wimbledon,South West,borough
E01003474,Merton 001C,Merton,South West,Wimbledon,South West,borough
E01003476,Merton 003D,Merton,South West,Wimbledon,South West,borough
E01003477,Merton 003E,Merton,South West,Wimbledon,South West,borough
E01003478,Merton 001E,Merton,South West,Wimbledon,South West,borough
E01003479,Newham 035A,Newham,North East,Newham,North East,borough
E01003480,Newham 033A,Newham,North East,Newham,North East,borough
E01003481,Newham 035B,Newham,North East,Newham,North East,borough
E01003483,Newham 032A,Newham,North East,Newham,North East,borough
E01003484,Newham 032B,Newham,North East,Newham,North East,borough
E01003485,Newham 035C,Newham,North East,Newham,North East,borough
E01003486,Newham 033C,Newham,North East,Newham,North East,borough
E01003487,Newham 033D,Newham,North East,Newham,North East,borough
E01003488,Newham 019A,Newham,North East,Newham,North East,borough
E01003489,Newham 019B,Newham,North East,Newham,North East,borough
E01003490,Newham 019C,Newham,North East,Newham,North East,borough
E01003491,Newham 022A,Newham,North East,Newham,North East,borough
E01003492,Newham 025A,Newham,North East,Newham,North East,borough
E01003494,Newham 025C,Newham,North East,Newham,North East,borough
E01003495,Newham 025D,Newham,North East,Newham,North East,borough
E01003496,Newham 027A,Newham,North East,Newham,North East,borough
E01003497,Newham 034A,Newham,North East,Newham,North East,borough
E01003498,Newham 027B,Newham,North East,Newham,North East,borough
E01003499,Newham 030A,Newham,North East,Newham,North East,borough
E01003500,Newham 027C,Newham,North East,Newham,North East,borough
E01003501,Newham 030B,Newham,North East,Newham,North East,borough
E01003502,Newham 030C,Newham,North East,Newham,North East,borough
E01003503,Newham 030D,Newham,North East,Newham,North East,borough
E01003506,Newham 034D,Newham,North East,Newham,North East,borough
E01003507,Newham 031A,Newham,North East,Newham,North East,borough
E01003508,Newham 031B,Newham,North East,Newham,North East,borough
E01003509,Newham 031C,Newham,North East,Newham,North East,borough
E01003511,Newham 036A,Newham,North East,Newham,North East,borough
E01003512,Newham 036B,Newham,North East,Newham,North East,borough
E01003513,Newham 035D,Newham,North East,Newham,North East,borough
E01003514,Newham 036C,Newham,North East,Newham,North East,borough
E01003515,Newham 036D,Newham,North East,Newham,North East,borough
E01003516,Newham 032C,Newham,North East,Newham,North East,borough
E01003517,Newham 036E,Newham,North East,Newham,North East,borough
E01003518,Newham 032D,Newham,North East,Newham,North East,borough
E01003519,Newham 032E,Newham,North East,Newham,North East,borough
E01003520,Newham 018A,Newham,North East,Newham,North East,borough
E01003521,Newham 018B,Newham,North East,Newham,North East,borough
E01003522,Newham 018C,Newham,North East,Newham,North East,borough
E01003523,Newham 024A,Newham,North East,Newham,North East,borough
E01003524,Newham 019D,Newham,North East,Newham,North East,borough
E01003525,Newham 018D,Newham,North East,Newham,North East,borough
E01003526,Newham 018E,Newham,North East,Newham,North East,borough
E01003527,Newham 024B,Newham,North East,Newham,North East,borough
E01003528,Newham 005A,Newham,North East,Newham,North East,borough
E01003529,Newham 010A,Newham,North East,Newham,North East,borough
E01003530,Newham 010B,Newham,North East,Newham,North East,borough
E01003531,Newham 010C,Newham,North East,Newham,North East,borough
E01003532,Newham 010D,Newham,North East,Newham,North East,borough
E01003533,Newham 011A,Newham,North East,Newham,North East,borough
E01003534,Newham 010E,Newham,North East,Newham,North East,borough
E01003535,Newham 023A,Newham,North East,Newham,North East,borough
E01003536,Newham 023B,Newham,North East,Newham,North East,borough
E01003537,Newham 024C,Newham,North East,Newham,North East,borough
E01003538,Newham 029A,Newham,North East,Newham,North East,borough
E01003539,Newham 029B,Newham,North East,Newham,North East,borough
E01003540,Newham 029C,Newham,North East,Newham,North East,borough
E01003541,Newham 029D,Newham,North East,Newham,North East,borough
E01003542,Newham 024D,Newham,North East,Newham,North East,borough
E01003543,Newham 001A,Newham,North East,Newham,North East,borough
E01003544,Newham 001B,Newham,North East,Newham,North East,borough
E01003545,Newham 006A,Newham,North East,Newham,North East,borough
E01003546,Newham 001C,Newham,North East,Newham,North East,borough
E01003547,Newham 007A,Newham,North East,Newham,North East,borough
E01003548,Newham 006B,Newham,North East,Newham,North East,borough
E01003549,Newham 006C,Newham,North East,Newham,North East,borough
E01003550,Newham 001D,Newham,North East,Newham,North East,borough
E01003551,Newham 009A,Newham,North East,Newham,North East,borough
E01003552,Newham 016A,Newham,North East,Newham,North East,borough
E01003553,Newham 009B,Newham,North East,Newham,North East,borough
E01003554,Newham 009C,Newham,North East,Newham,North East,borough
E01003555,Newham 007B,Newham,North East,Newham,North East,borough
E01003556,Newham 008A,Newham,North East,Newham,North East,borough
E01003557,Newham 006D,Newham,North East,Newham,North East,borough
E01003558,Newham 008B,Newham,North East,Newham,North East,borough
E01003559,Newham 009D,Newham,North East,Newham,North East,borough
E01003560,Newham 011B,Newham,North East,Newham,North East,borough
E01003561,Newham 007C,Newham,North East,Newham,North East,borough
E01003562,Newham 014A,Newham,North East,Newham,North East,borough
E01003563,Newham 011C,Newham,North East,Newham,North East,borough
E01003564,Newham 014B,Newham,North East,Newham,North East,borough
E01003565,Newham 014C,Newham,North East,Newham,North East,borough
E01003566,Newham 014D,Newham,North East,Newham,North East,borough
E01003567,Newham 007D,Newham,North East,Newham,North East,borough
E01003568,Newham 017A,Newham,North East,Newham,North East,borough
E01003569,Newham 017B,Newham,North East,Newham,North East,borough
E01003570,Newham 008C,Newham,North East,Newham,North East,borough
E01003571,Newham 008D,Newham,North East,Newham,North East,borough
E01003572,Newham 008E,Newham,North East,Newham,North East,borough
E01003573,Newham 017C,Newham,North East,Newham,North East,borough
E01003574,Newham 017D,Newham,North East,Newham,North East,borough
E01003575,Newham 005B,Newham,North East,Newham,North East,borough
E01003576,Newham 002A,Newham,North East,Newham,North East,borough
E01003577,Newham 005C,Newham,North East,Newham,North East,borough
E01003578,Newham 003A,Newham,North East,Newham,North East,borough
E01003579,Newham 004A,Newham,North East,Newham,North East,borough
E01003580,Newham 005D,Newham,North East,Newham,North East,borough
E01003581,Newham 002B,Newham,North East,Newham,North East,borough
E01003582,Newham 002C,Newham,North East,Newham,North East,borough
E01003583,Newham 002D,Newham,North East,Newham,North East,borough
E01003584,Newham 003B,Newham,North East,Newham,North East,borough
E01003585,Newham 004B,Newham,North East,Newham,North East,borough
E01003586,Newham 003C,Newham,North East,Newham,North East,borough
E01003587,Newham 004C,Newham,North East,Newham,North East,borough
E01003588,Newham 011D,Newham,North East,Newham,North East,borough
E01003589,Newham 011E,Newham,North East,Newham,North East,borough
E01003590,Newham 003D,Newham,North East,Newham,North East,borough
E01003591,Newham 004D,Newham,North East,Newham,North East,borough
E01003592,Newham 022B,Newham,North East,Newham,North East,borough
E01003593,Newham 027D,Newham,North East,Newham,North East,borough
E01003594,Newham 026A,Newham,North East,Newham,North East,borough
E01003595,Newham 026B,Newham,North East,Newham,North East,borough
E01003596,Newham 016B,Newham,North East,Newham,North East,borough
E01003597,Newham 016C,Newham,North East,Newham,North East,borough
E01003598,Newham 021A,Newham,North East,Newham,North East,borough
E01003599,Newham 022C,Newham,North East,Newham,North East,borough
E01003600,Newham 021B,Newham,North East,Newham,North East,borough
E01003601,Newham 028A,Newham,North East,Newham,North East,borough
E01003602,Newham 026C,Newham,North East,Newham,North East,borough
E01003603,Newham 028B,Newham,North East,Newham,North East,borough
E01003604,Newham 031D,Newham,North East,Newham,North East,borough
E01003605,Newham 028C,Newham,North East,Newham,North East,borough
E01003607,Newham 026D,Newham,North East,Newham,North East,borough
E01003608,Newham 028D,Newham,North East,Newham,North East,borough
E01003611,Newham 041C,Newham,North East,Newham,North East,borough
E01003615,Newham 039A,Newham,North East,Newham,North East,borough
E01003616,Newham 012A,Newham,North East,Newham,North East,borough
E01003618,Newham 012C,Newham,North East,Newham,North East,borough
E01003619,Newham 012D,Newham,North East,Newham,North East,borough
E01003621,Newham 023C,Newham,North East,Newham,North East,borough
E01003622,Newham 023D,Newham,North East,Newham,North East,borough
E01003623,Newham 023E,Newham,North East,Newham,North East,borough
E01003624,Newham 024E,Newham,North East,Newham,North East,borough
E01003625,Newham 015A,Newham,North East,Newham,North East,borough
E01003626,Newham 015B,Newham,North East,Newham,North East,borough
E01003627,Newham 015C,Newham,North East,Newham,North East,borough
E01003628,Newham 015D,Newham,North East,Newham,North East,borough
E01003629,Newham 015E,Newham,North East,Newham,North East,borough
E01003630,Newham 021C,Newham,North East,Newham,North East,borough
E01003631,Newham 020A,Newham,North East,Newham,North East,borough
E01003632,Newham 020B,Newham,North East,Newham,North East,borough
E01003633,Newham 020C,Newham,North East,Newham,North East,borough
E01003634,Newham 020D,Newham,North East,Newham,North East,borough
E01003635,Newham 016D,Newham,North East,Newham,North East,borough
E01003636,Newham 020E,Newham,North East,Newham,North East,borough
E01003637,Newham 021D,Newham,North East,Newham,North East,borough
E01003638,Redbridge 017A,Redbridge,North East,Ilford,North East,borough
E01003639,Redbridge 013A,Redbridge,North East,Ilford,North East,borough
E01003640,Redbridge 013B,Redbridge,North East,Ilford,North East,borough
E01003641,Redbridge 013C,Redbridge,North East,Ilford,North East,borough
E01003642,Redbridge 013D,Redbridge,North East,Ilford,North East,borough
E01003643,Redbridge 017B,Redbridge,North East,Ilford,North East,borough
E01003644,Redbridge 017C,Redbridge,North East,Ilford,North East,borough
E01003645,Redbridge 017D,Redbridge,North East,Ilford,North East,borough
E01003646,Redbridge 012A,Redbridge,North East,Ilford,North East,borough
E01003647,Redbridge 015A,Redbridge,North East,Ilford,North East,borough
E01003648,Redbridge 012B,Redbridge,North East,Ilford,North East,borough
E01003649,Redbridge 012C,Redbridge,North East,Ilford,North East,borough
E01003650,Redbridge 015B,Redbridge,North East,Ilford,North East,borough
E01003651,Redbridge 012D,Redbridge,North East,Ilford,North East,borough
E01003652,Redbridge 015C,Redbridge,North East,Ilford,North East,borough
E01003653,Redbridge 015D,Redbridge,North East,Ilford,North East,borough
E01003654,Redbridge 004A,Redbridge,North East,Ilford,North East,borough
E01003655,Redbridge 004B,Redbridge,North East,Ilford,North East,borough
E01003656,Redbridge 005A,Redbridge,North East,Ilford,North East,borough
E01003657,Redbridge 005B,Redbridge,North East,Ilford,North East,borough
E01003658,Redbridge 004C,Redbridge,North East,Ilford,North East,borough
E01003659,Redbridge 005C,Redbridge,North East,Ilford,North East,borough
E01003660,Redbridge 004D,Redbridge,North East,Ilford,North East,borough
E01003661,Redbridge 038A,Redbridge,North East,Ilford,North East,borough
E01003662,Redbridge 038C,Redbridge,North East,Ilford,North East,borough
E01003663,Redbridge 037A,Redbridge,North East,Ilford,North East,borough
E01003664,Redbridge 037B,Redbridge,North East,Ilford,North East,borough
E01003665,Redbridge 037E,Redbridge,North East,Ilford,North East,borough
E01003666,Redbridge 038B,Redbridge,North East,Ilford,North East,borough
E01003668,Redbridge 007A,Redbridge,North East,Ilford,North East,borough
E01003669,Redbridge 007B,Redbridge,North East,Ilford,North East,borough
E01003670,Redbridge 007C,Redbridge,North East,Ilford,North East,borough
E01003671,Redbridge 007D,Redbridge,North East,Ilford,North East,borough
E01003672,Redbridge 007E,Redbridge,North East,Ilford,North East,borough
E01003673,Redbridge 007F,Redbridge,North East,Ilford,North East,borough
E01003674,Redbridge 007G,Redbridge,North East,Ilford,North East,borough
E01003675,Redbridge 036A,Redbridge,North East,Ilford,North East,borough
E01003676,Redbridge 036B,Redbridge,North East,Ilford,North East,borough
E01003677,Redbridge 036C,Redbridge,North East,Ilford,North East,borough
E01003678,Redbridge 036D,Redbridge,North East,Ilford,North East,borough
E01003679,Redbridge 036E,Redbridge,North East,Ilford,North East,borough
E01003680,Redbridge 036F,Redbridge,North East,Ilford,North East,borough
E01003681,Redbridge 036G,Redbridge,North East,Ilford,North East,borough
E01003682,Redbridge 036H,Redbridge,North East,Ilford,North East,borough
E01003683,Redbridge 040C,Redbridge,North East,Ilford,North East,borough
E01003684,Redbridge 040E,Redbridge,North East,Ilford,North East,borough
E01003685,Redbridge 040D,Redbridge,North East,Ilford,North East,borough
E01003686,Redbridge 040A,Redbridge,North East,Ilford,North East,borough
E01003688,Redbridge 040B,Redbridge,North East,Ilford,North East,borough
E01003689,Redbridge 039C,Redbridge,North East,Ilford,North East,borough
E01003690,Redbridge 035A,Redbridge,North East,Ilford,North East,borough
E01003691,Redbridge 035B,Redbridge,North East,Ilford,North East,borough
E01003692,Redbridge 035C,Redbridge,North East,Ilford,North East,borough
E01003693,Redbridge 035D,Redbridge,North East,Ilford,North East,borough
E01003694,Redbridge 035E,Redbridge,North East,Ilford,North East,borough
E01003695,Redbridge 035F,Redbridge,North East,Ilford,North East,borough
E01003696,Redbridge 035G,Redbridge,North East,Ilford,North East,borough
E01003697,Redbridge 035H,Redbridge,North East,Ilford,North East,borough
E01003698,Redbridge 006A,Redbridge,North East,Ilford,North East,borough
E01003699,Redbridge 006B,Redbridge,North East,Ilford,North East,borough
E01003700,Redbridge 006C,Redbridge,North East,Ilford,North East,borough
E01003701,Redbridge 006D,Redbridge,North East,Ilford,North East,borough
E01003702,Redbridge 006E,Redbridge,North East,Ilford,North East,borough
E01003703,Redbridge 006F,Redbridge,North East,Ilford,North East,borough
E01003704,Redbridge 006G,Redbridge,North East,Ilford,North East,borough
E01003705,Redbridge 010A,Redbridge,North East,Ilford,North East,borough
E01003706,Redbridge 010B,Redbridge,North East,Ilford,North East,borough
E01003707,Redbridge 008A,Redbridge,North East,Ilford,North East,borough
E01003708,Redbridge 008B,Redbridge,North East,Ilford,North East,borough
E01003709,Redbridge 008C,Redbridge,North East,Ilford,North East,borough
E01003710,Redbridge 008D,Redbridge,North East,Ilford,North East,borough
E01003711,Redbridge 010C,Redbridge,North East,Ilford,North East,borough
E01003712,Redbridge 010D,Redbridge,North East,Ilford,North East,borough
E01003713,Redbridge 034A,Redbridge,North East,Ilford,North East,borough
E01003714,Redbridge 034B,Redbridge,North East,Ilford,North East,borough
E01003715,Redbridge 034C,Redbridge,North East,Ilford,North East,borough
E01003716,Redbridge 034D,Redbridge,North East,Ilford,North East,borough
E01003718,Redbridge 034E,Redbridge,North East,Ilford,North East,borough
E01003719,Redbridge 034F,Redbridge,North East,Ilford,North East,borough
E01003720,Redbridge 002A,Redbridge,North East,Ilford,North East,borough
E01003721,Redbridge 003A,Redbridge,North East,Ilford,North East,borough
E01003722,Redbridge 002B,Redbridge,North East,Ilford,North East,borough
E01003723,Redbridge 002C,Redbridge,North East,Ilford,North East,borough
E01003724,Redbridge 003B,Redbridge,North East,Ilford,North East,borough
E01003725,Redbridge 003C,Redbridge,North East,Ilford,North East,borough
E01003726,Redbridge 002D,Redbridge,North East,Ilford,North East,borough
E01003727,Redbridge 003D,Redbridge,North East,Ilford,North East,borough
E01003729,Redbridge 032B,Redbridge,North East,Ilford,North East,borough
E01003730,Redbridge 032C,Redbridge,North East,Ilford,North East,borough
E01003731,Redbridge 033A,Redbridge,North East,Ilford,North East,borough
E01003732,Redbridge 032D,Redbridge,North East,Ilford,North East,borough
E01003733,Redbridge 032E,Redbridge,North East,Ilford,North East,borough
E01003734,Redbridge 033B,Redbridge,North East,Ilford,North East,borough
E01003735,Redbridge 033C,Redbridge,North East,Ilford,North East,borough
E01003736,Redbridge 033D,Redbridge,North East,Ilford,North East,borough
E01003737,Redbridge 031A,Redbridge,North East,Ilford,North East,borough
E01003738,Redbridge 031B,Redbridge,North East,Ilford,North East,borough
E01003739,Redbridge 031C,Redbridge,North East,Ilford,North East,borough
E01003740,Redbridge 031D,Redbridge,North East,Ilford,North East,borough
E01003741,Redbridge 031E,Redbridge,North East,Ilford,North East,borough
E01003742,Redbridge 031F,Redbridge,North East,Ilford,North East,borough
E01003743,Redbridge 031G,Redbridge,North East,Ilford,North East,borough
E01003744,Redbridge 001A,Redbridge,North East,Ilford,North East,borough
E01003745,Redbridge 001B,Redbridge,North East,Ilford,North East,borough
E01003746,Redbridge 001C,Redbridge,North East,Ilford,North East,borough
E01003747,Redbridge 001D,Redbridge,North East,Ilford,North East,borough
E01003748,Redbridge 001E,Redbridge,North East,Ilford,North East,borough
E01003749,Redbridge 001F,Redbridge,North East,Ilford,North East,borough
E01003750,Redbridge 001G,Redbridge,North East,Ilford,North East,borough
E01003751,Redbridge 020A,Redbridge,North East,Ilford,North East,borough
E01003752,Redbridge 023A,Redbridge,North East,Ilford,North East,borough
E01003753,Redbridge 020B,Redbridge,North East,Ilford,North East,borough
E01003754,Redbridge 020C,Redbridge,North East,Ilford,North East,borough
E01003755,Redbridge 023B,Redbridge,North East,Ilford,North East,borough
E01003756,Redbridge 023C,Redbridge,North East,Ilford,North East,borough
E01003757,Redbridge 020D,Redbridge,North East,Ilford,North East,borough
E01003759,Redbridge 009A,Redbridge,North East,Ilford,North East,borough
E01003760,Redbridge 009B,Redbridge,North East,Ilford,North East,borough
E01003761,Redbridge 009C,Redbridge,North East,Ilford,North East,borough
E01003762,Redbridge 009D,Redbridge,North East,Ilford,North East,borough
E01003763,Redbridge 009E,Redbridge,North East,Ilford,North East,borough
E01003764,Redbridge 009F,Redbridge,North East,Ilford,North East,borough
E01003765,Redbridge 009G,Redbridge,North East,Ilford,North East,borough
E01003766,Redbridge 024A,Redbridge,North East,Ilford,North East,borough
E01003767,Redbridge 024B,Redbridge,North East,Ilford,North East,borough
E01003768,Redbridge 024C,Redbridge,North East,Ilford,North East,borough
E01003769,Redbridge 022A,Redbridge,North East,Ilford,North East,borough
E01003770,Redbridge 022B,Redbridge,North East,Ilford,North East,borough
E01003771,Redbridge 022C,Redbridge,North East,Ilford,North East,borough
E01003772,Redbridge 024D,Redbridge,North East,Ilford,North East,borough
E01003773,Redbridge 022D,Redbridge,North East,Ilford,North East,borough
E01003774,Redbridge 014A,Redbridge,North East,Ilford,North East,borough
E01003775,Redbridge 014B,Redbridge,North East,Ilford,North East,borough
E01003776,Redbridge 014C,Redbridge,North East,Ilford,North East,borough
E01003777,Redbridge 014D,Redbridge,North East,Ilford,North East,borough
E01003778,Redbridge 014E,Redbridge,North East,Ilford,North East,borough
E01003779,Redbridge 014F,Redbridge,North East,Ilford,North East,borough
E01003780,Redbridge 014G,Redbridge,North East,Ilford,North East,borough
E01003781,Redbridge 026A,Redbridge,North East,Ilford,North East,borough
E01003782,Redbridge 026B,Redbridge,North East,Ilford,North East,borough
E01003783,Redbridge 029A,Redbridge,North East,Ilford,North East,borough
E01003784,Redbridge 029B,Redbridge,North East,Ilford,North East,borough
E01003785,Redbridge 029C,Redbridge,North East,Ilford,North East,borough
E01003786,Redbridge 026C,Redbridge,North East,Ilford,North East,borough
E01003787,Redbridge 026D,Redbridge,North East,Ilford,North East,borough
E01003788,Redbridge 029D,Redbridge,North East,Ilford,North East,borough
E01003789,Redbridge 018A,Redbridge,North East,Ilford,North East,borough
E01003790,Redbridge 027A,Redbridge,North East,Ilford,North East,borough
E01003791,Redbridge 027B,Redbridge,North East,Ilford,North East,borough
E01003792,Redbridge 027C,Redbridge,North East,Ilford,North East,borough
E01003793,Redbridge 027D,Redbridge,North East,Ilford,North East,borough
E01003794,Redbridge 018B,Redbridge,North East,Ilford,North East,borough
E01003795,Redbridge 018C,Redbridge,North East,Ilford,North East,borough
E01003796,Redbridge 018D,Redbridge,North East,Ilford,North East,borough
E01003797,Richmond upon Thames 001A,Richmond upon Thames,South West,New Malden,South West,borough
E01003798,Richmond upon Thames 001B,Richmond upon Thames,South West,New Malden,South West,borough
E01003799,Richmond upon Thames 001C,Richmond upon Thames,South West,New Malden,South West,borough
E01003800,Richmond upon Thames 001D,Richmond upon Thames,South West,New Malden,South West,borough
E01003801,Richmond upon Thames 001E,Richmond upon Thames,South West,New Malden,South West,borough
E01003802,Richmond upon Thames 001F,Richmond upon Thames,South West,New Malden,South West,borough
E01003803,Richmond upon Thames 001G,Richmond upon Thames,South West,New Malden,South West,borough
E01003804,Richmond upon Thames 005A,Richmond upon Thames,South West,New Malden,South West,borough
E01003805,Richmond upon Thames 012A,Richmond upon Thames,South West,New Malden,South West,borough
E01003806,Richmond upon Thames 012B,Richmond upon Thames,South West,New Malden,South West,borough
E01003807,Richmond upon Thames 005B,Richmond upon Thames,South West,New Malden,South West,borough
E01003808,Richmond upon Thames 005C,Richmond upon Thames,South West,New Malden,South West,borough
E01003809,Richmond upon Thames 005D,Richmond upon Thames,South West,New Malden,South West,borough
E01003810,Richmond upon Thames 019A,Richmond upon Thames,South West,New Malden,South West,borough
E01003811,Richmond upon Thames 018A,Richmond upon Thames,South West,New Malden,South West,borough
E01003812,Richmond upon Thames 018B,Richmond upon Thames,South West,New Malden,South West,borough
E01003813,Richmond upon Thames 019B,Richmond upon Thames,South West,New Malden,South West,borough
E01003814,Richmond upon Thames 019C,Richmond upon Thames,South West,New Malden,South West,borough
E01003815,Richmond upon Thames 019D,Richmond upon Thames,South West,New Malden,South West,borough
E01003816,Richmond upon Thames 012C,Richmond upon Thames,South West,New Malden,South West,borough
E01003817,Richmond upon Thames 012D,Richmond upon Thames,South West,New Malden,South West,borough
E01003818,Richmond upon Thames 017A,Richmond upon Thames,South West,New Malden,South West,borough
E01003819,Richmond upon Thames 017B,Richmond upon Thames,South West,New Malden,South West,borough
E01003820,Richmond upon Thames 017C,Richmond upon Thames,South West,New Malden,South West,borough
E01003821,Richmond upon Thames 008A,Richmond upon Thames,South West,New Malden,South West,borough
E01003822,Richmond upon Thames 023A,Richmond upon Thames,South West,New Malden,South West,borough
E01003823,Richmond upon Thames 023B,Richmond upon Thames,South West,New Malden,South West,borough
E01003824,Richmond upon Thames 023C,Richmond upon Thames,South West,New Malden,South West,borough
E01003825,Richmond upon Thames 023D,Richmond upon Thames,South West,New Malden,South West,borough
E01003826,Richmond upon Thames 023E,Richmond upon Thames,South West,New Malden,South West,borough
E01003827,Richmond upon Thames 023F,Richmond upon Thames,South West,New Malden,South West,borough
E01003828,Richmond upon Thames 020A,Richmond upon Thames,South West,New Malden,South West,borough
E01003829,Richmond upon Thames 020B,Richmond upon Thames,South West,New Malden,South West,borough
E01003830,Richmond upon Thames 020C,Richmond upon Thames,South West,New Malden,South West,borough
E01003831,Richmond upon Thames 020D,Richmond upon Thames,South West,New Malden,South West,borough
E01003832,Richmond upon Thames 020E,Richmond upon Thames,South West,New Malden,South West,borough
E01003833,Richmond upon Thames 020F,Richmond upon Thames,South West,New Malden,South West,borough
E01003834,Richmond upon Thames 022A,Richmond upon Thames,South West,New Malden,South West,borough
E01003835,Richmond upon Thames 022B,Richmond upon Thames,South West,New Malden,South West,borough
E01003836,Richmond upon Thames 022C,Richmond upon Thames,South West,New Malden,South West,borough
E01003837,Richmond upon Thames 022D,Richmond upon Thames,South West,New Malden,South West,borough
E01003838,Richmond upon Thames 022E,Richmond upon Thames,South West,New Malden,South West,borough
E01003839,Richmond upon Thames 022F,Richmond upon Thames,South West,New Malden,South West,borough
E01003840,Richmond upon Thames 013A,Richmond upon Thames,South West,New Malden,South West,borough
E01003841,Richmond upon Thames 013B,Richmond upon Thames,South West,New Malden,South West,borough
E01003842,Richmond upon Thames 013C,Richmond upon Thames,South West,New Malden,South West,borough
E01003843,Richmond upon Thames 013D,Richmond upon Thames,South West,New Malden,South West,borough
E01003844,Richmond upon Thames 013E,Richmond upon Thames,South West,New Malden,South West,borough
E01003845,Richmond upon Thames 013F,Richmond upon Thames,South West,New Malden,South West,borough
E01003846,Richmond upon Thames 002A,Richmond upon Thames,South West,New Malden,South West,borough
E01003847,Richmond upon Thames 002B,Richmond upon Thames,South West,New Malden,South West,borough
E01003848,Richmond upon Thames 004A,Richmond upon Thames,South West,New Malden,South West,borough
E01003849,Richmond upon Thames 002C,Richmond upon Thames,South West,New Malden,South West,borough
E01003851,Richmond upon Thames 002D,Richmond upon Thames,South West,New Malden,South West,borough
E01003852,Richmond upon Thames 003A,Richmond upon Thames,South West,New Malden,South West,borough
E01003853,Richmond upon Thames 003B,Richmond upon Thames,South West,New Malden,South West,borough
E01003854,Richmond upon Thames 003C,Richmond upon Thames,South West,New Malden,South West,borough
E01003855,Richmond upon Thames 003D,Richmond upon Thames,South West,New Malden,South West,borough
E01003856,Richmond upon Thames 003E,Richmond upon Thames,South West,New Malden,South West,borough
E01003857,Richmond upon Thames 003F,Richmond upon Thames,South West,New Malden,South West,borough
E01003858,Richmond upon Thames 003G,Richmond upon Thames,South West,New Malden,South West,borough
E01003859,Richmond upon Thames 005E,Richmond upon Thames,South West,New Malden,South West,borough
E01003860,Richmond upon Thames 002E,Richmond upon Thames,South West,New Malden,South West,borough
E01003861,Richmond upon Thames 004C,Richmond upon Thames,South West,New Malden,South West,borough
E01003862,Richmond upon Thames 004D,Richmond upon Thames,South West,New Malden,South West,borough
E01003863,Richmond upon Thames 004E,Richmond upon Thames,South West,New Malden,South West,borough
E01003864,Richmond upon Thames 002F,Richmond upon Thames,South West,New Malden,South West,borough
E01003865,Richmond upon Thames 004F,Richmond upon Thames,South West,New Malden,South West,borough
E01003866,Richmond upon Thames 007A,Richmond upon Thames,South West,New Malden,South West,borough
E01003867,Richmond upon Thames 011A,Richmond upon Thames,South West,New Malden,South West,borough
E01003868,Richmond upon Thames 007B,Richmond upon Thames,South West,New Malden,South West,borough
E01003869,Richmond upon Thames 011B,Richmond upon Thames,South West,New Malden,South West,borough
E01003870,Richmond upon Thames 011C,Richmond upon Thames,South West,New Malden,South West,borough
E01003871,Richmond upon Thames 007C,Richmond upon Thames,South West,New Malden,South West,borough
E01003872,Richmond upon Thames 007D,Richmond upon Thames,South West,New Malden,South West,borough
E01003873,Richmond upon Thames 006A,Richmond upon Thames,South West,New Malden,South West,borough
E01003874,Richmond upon Thames 006B,Richmond upon Thames,South West,New Malden,South West,borough
E01003875,Richmond upon Thames 006C,Richmond upon Thames,South West,New Malden,South West,borough
E01003876,Richmond upon Thames 008B,Richmond upon Thames,South West,New Malden,South West,borough
E01003877,Richmond upon Thames 008C,Richmond upon Thames,South West,New Malden,South West,borough
E01003878,Richmond upon Thames 006D,Richmond upon Thames,South West,New Malden,South West,borough
E01003879,Richmond upon Thames 008D,Richmond upon Thames,South West,New Malden,South West,borough
E01003880,Richmond upon Thames 016A,Richmond upon Thames,South West,New Malden,South West,borough
E01003881,Richmond upon Thames 016B,Richmond upon Thames,South West,New Malden,South West,borough
E01003882,Richmond upon Thames 014A,Richmond upon Thames,South West,New Malden,South West,borough
E01003883,Richmond upon Thames 014B,Richmond upon Thames,South West,New Malden,South West,borough
E01003884,Richmond upon Thames 016C,Richmond upon Thames,South West,New Malden,South West,borough
E01003885,Richmond upon Thames 016D,Richmond upon Thames,South West,New Malden,South West,borough
E01003886,Richmond upon Thames 021A,Richmond upon Thames,South West,New Malden,South West,borough
E01003887,Richmond upon Thames 021B,Richmond upon Thames,South West,New Malden,South West,borough
E01003888,Richmond upon Thames 021C,Richmond upon Thames,South West,New Malden,South West,borough
E01003889,Richmond upon Thames 021D,Richmond upon Thames,South West,New Malden,South West,borough
E01003890,Richmond upon Thames 018C,Richmond upon Thames,South West,New Malden,South West,borough
E01003891,Richmond upon Thames 018D,Richmond upon Thames,South West,New Malden,South West,borough
E01003892,Richmond upon Thames 009A,Richmond upon Thames,South West,New Malden,South West,borough
E01003893,Richmond upon Thames 009B,Richmond upon Thames,South West,New Malden,South West,borough
E01003894,Richmond upon Thames 009C,Richmond upon Thames,South West,New Malden,South West,borough
E01003895,Richmond upon Thames 009D,Richmond upon Thames,South West,New Malden,South West,borough
E01003896,Richmond upon Thames 014C,Richmond upon Thames,South West,New Malden,South West,borough
E01003897,Richmond upon Thames 014D,Richmond upon Thames,South West,New Malden,South West,borough
E01003898,Richmond upon Thames 015A,Richmond upon Thames,South West,New Malden,South West,borough
E01003899,Richmond upon Thames 015B,Richmond upon Thames,South West,New Malden,South West,borough
E01003900,Richmond upon Thames 015C,Richmond upon Thames,South West,New Malden,South West,borough
E01003901,Richmond upon Thames 015D,Richmond upon Thames,South West,New Malden,South West,borough
E01003902,Richmond upon Thames 015E,Richmond upon Thames,South West,New Malden,South West,borough
E01003903,Richmond upon Thames 015F,Richmond upon Thames,South West,New Malden,South West,borough
E01003904,Richmond upon Thames 015G,Richmond upon Thames,South West,New Malden,South West,borough
E01003905,Richmond upon Thames 010A,Richmond upon Thames,South West,New Malden,South West,borough
E01003906,Richmond upon Thames 010B,Richmond upon Thames,South West,New Malden,South West,borough
E01003907,Richmond upon Thames 010C,Richmond upon Thames,South West,New Malden,South West,borough
E01003908,Richmond upon Thames 010D,Richmond upon Thames,South West,New Malden,South West,borough
E01003909,Richmond upon Thames 010E,Richmond upon Thames,South West,New Malden,South West,borough
E01003910,Richmond upon Thames 011D,Richmond upon Thames,South West,New Malden,South West,borough
E01003911,Southwark 020A,Southwark,South East,Deptford,South East,borough
E01003912,Southwark 019A,Southwark,South East,Deptford,South East,borough
E01003913,Southwark 024A,Southwark,South East,Deptford,South East,borough
E01003914,Southwark 024B,Southwark,South East,Deptford,South East,borough
E01003915,Southwark 024C,Southwark,South East,Deptford,South East,borough
E01003916,Southwark 020B,Southwark,South East,Deptford,South East,borough
E01003917,Southwark 020C,Southwark,South East,Deptford,South East,borough
E01003918,Southwark 020D,Southwark,South East,Deptford,South East,borough
E01003919,Southwark 021A,Southwark,South East,Deptford,South East,borough
E01003920,Southwark 021B,Southwark,South East,Deptford,South East,borough
E01003921,Southwark 021C,Southwark,South East,Deptford,South East,borough
E01003922,Southwark 021D,Southwark,South East,Deptford,South East,borough
E01003923,Southwark 017A,Southwark,South East,Deptford,South East,borough
E01003924,Southwark 021E,Southwark,South East,Deptford,South East,borough
E01003925,Southwark 020E,Southwark,South East,Deptford,South East,borough
E01003926,Southwark 021F,Southwark,South East,Deptford,South East,borough
E01003929,Southwark 002B,Southwark,South East,Deptford,South East,borough
E01003930,Southwark 034A,Southwark,South East,Deptford,South East,borough
E01003932,Southwark 034B,Southwark,South East,Deptford,South East,borough
E01003933,Southwark 034C,Southwark,South East,Deptford,South East,borough
E01003934,Southwark 002C,Southwark,South East,Deptford,South East,borough
E01003935,Southwark 002D,Southwark,South East,Deptford,South East,borough
E01003936,Southwark 009A,Southwark,South East,Deptford,South East,borough
E01003937,Southwark 009B,Southwark,South East,Deptford,South East,borough
E01003938,Southwark 006A,Southwark,South East,Deptford,South East,borough
E01003939,Southwark 002E,Southwark,South East,Deptford,South East,borough
E01003940,Southwark 006B,Southwark,South East,Deptford,South East,borough
E01003941,Southwark 006C,Southwark,South East,Deptford,South East,borough
E01003942,Southwark 006D,Southwark,South East,Deptford,South East,borough
E01003943,Southwark 009C,Southwark,South East,Deptford,South East,borough
E01003945,Southwark 033A,Southwark,South East,Deptford,South East,borough
E01003946,Southwark 033B,Southwark,South East,Deptford,South East,borough
E01003947,Southwark 033C,Southwark,South East,Deptford,South East,borough
E01003948,Southwark 033D,Southwark,South East,Deptford,South East,borough
E01003949,Southwark 032A,Southwark,South East,Deptford,South East,borough
E01003950,Southwark 032B,Southwark,South East,Deptford,South East,borough
E01003951,Southwark 033E,Southwark,South East,Deptford,South East,borough
E01003952,Southwark 030A,Southwark,South East,Deptford,South East,borough
E01003953,Southwark 028A,Southwark,South East,Deptford,South East,borough
E01003954,Southwark 030B,Southwark,South East,Deptford,South East,borough
E01003955,Southwark 028B,Southwark,South East,Deptford,South East,borough
E01003956,Southwark 030C,Southwark,South East,Deptford,South East,borough
E01003957,Southwark 032C,Southwark,South East,Deptford,South East,borough
E01003958,Southwark 032D,Southwark,South East,Deptford,South East,borough
E01003960,Southwark 012A,Southwark,South East,Deptford,South East,borough
E01003961,Southwark 012B,Southwark,South East,Deptford,South East,borough
E01003963,Southwark 016A,Southwark,South East,Deptford,South East,borough
E01003966,Southwark 015B,Southwark,South East,Deptford,South East,borough
E01003969,Southwark 017B,Southwark,South East,Deptford,South East,borough
E01003971,Southwark 015D,Southwark,South East,Deptford,South East,borough
E01003972,Southwark 016D,Southwark,South East,Deptford,South East,borough
E01003973,Southwark 016E,Southwark,South East,Deptford,South East,borough
E01003975,Southwark 004A,Southwark,South East,Deptford,South East,borough
E01003976,Southwark 036D,Southwark,South East,Deptford,South East,borough
E01003977,Southwark 010A,Southwark,South East,Deptford,South East,borough
E01003979,Southwark 006E,Southwark,South East,Deptford,South East,borough
E01003980,Southwark 013A,Southwark,South East,Deptford,South East,borough
E01003981,Southwark 006F,Southwark,South East,Deptford,South East,borough
E01003983,Southwark 018A,Southwark,South East,Deptford,South East,borough
E01003984,Southwark 023A,Southwark,South East,Deptford,South East,borough
E01003986,Southwark 011A,Southwark,South East,Deptford,South East,borough
E01003987,Southwark 011B,Southwark,South East,Deptford,South East,borough
E01003988,Southwark 018B,Southwark,South East,Deptford,South East,borough
E01003989,Southwark 018C,Southwark,South East,Deptford,South East,borough
E01003990,Southwark 018D,Southwark,South East,Deptford,South East,borough
E01003991,Southwark 017C,Southwark,South East,Deptford,South East,borough
E01003992,Southwark 014A,Southwark,South East,Deptford,South East,borough
E01003993,Southwark 017D,Southwark,South East,Deptford,South East,borough
E01003994,Southwark 012E,Southwark,South East,Deptford,South East,borough
E01003995,Southwark 014B,Southwark,South East,Deptford,South East,borough
E01003997,Southwark 017E,Southwark,South East,Deptford,South East,borough
E01003998,Southwark 014D,Southwark,South East,Deptford,South East,borough
E01003999,Southwark 014E,Southwark,South East,Deptford,South East,borough
E01004000,Southwark 026A,Southwark,South East,Deptford,South East,borough
E01004001,Southwark 026B,Southwark,South East,Deptford,South East,borough
E01004002,Southwark 029A,Southwark,South East,Deptford,South East,borough
E01004003,Southwark 023B,Southwark,South East,Deptford,South East,borough
E01004004,Southwark 023C,Southwark,South East,Deptford,South East,borough
E01004005,Southwark 023D,Southwark,South East,Deptford,South East,borough
E01004006,Southwark 023E,Southwark,South East,Deptford,South East,borough
E01004007,Southwark 018E,Southwark,South East,Deptford,South East,borough
E01004008,Southwark 022B,Southwark,South East,Deptford,South East,borough
E01004010,Southwark 022D,Southwark,South East,Deptford,South East,borough
E01004011,Southwark 019B,Southwark,South East,Deptford,South East,borough
E01004012,Southwark 019C,Southwark,South East,Deptford,South East,borough
E01004013,Southwark 019D,Southwark,South East,Deptford,South East,borough
E01004014,Southwark 019E,Southwark,South East,Deptford,South East,borough
E01004015,Southwark 028C,Southwark,South East,Deptford,South East,borough
E01004016,Southwark 029B,Southwark,South East,Deptford,South East,borough
E01004017,Southwark 029C,Southwark,South East,Deptford,South East,borough
E01004018,Southwark 032E,Southwark,South East,Deptford,South East,borough
E01004019,Southwark 026C,Southwark,South East,Deptford,South East,borough
E01004020,Southwark 029D,Southwark,South East,Deptford,South East,borough
E01004021,Southwark 028D,Southwark,South East,Deptford,South East,borough
E01004023,Southwark 004D,Southwark,South East,Deptford,South East,borough
E01004024,Southwark 011C,Southwark,South East,Deptford,South East,borough
E01004028,Southwark 004E,Southwark,South East,Deptford,South East,borough
E01004029,Southwark 001A,Southwark,South East,Deptford,South East,borough
E01004030,Southwark 007A,Southwark,South East,Deptford,South East,borough
E01004031,Southwark 007B,Southwark,South East,Deptford,South East,borough
E01004032,Southwark 001B,Southwark,South East,Deptford,South East,borough
E01004033,Southwark 007C,Southwark,South East,Deptford,South East,borough
E01004034,Southwark 007D,Southwark,South East,Deptford,South East,borough
E01004035,Southwark 011D,Southwark,South East,Deptford,South East,borough
E01004036,Southwark 007E,Southwark,South East,Deptford,South East,borough
E01004037,Southwark 010B,Southwark,South East,Deptford,South East,borough
E01004038,Southwark 010C,Southwark,South East,Deptford,South East,borough
E01004039,Southwark 013B,Southwark,South East,Deptford,South East,borough
E01004040,Southwark 013C,Southwark,South East,Deptford,South East,borough
E01004041,Southwark 013D,Southwark,South East,Deptford,South East,borough
E01004042,Southwark 010D,Southwark,South East,Deptford,South East,borough
E01004043,Southwark 010E,Southwark,South East,Deptford,South East,borough
E01004044,Southwark 013E,Southwark,South East,Deptford,South East,borough
E01004045,Southwark 027A,Southwark,South East,Deptford,South East,borough
E01004046,Southwark 028E,Southwark,South East,Deptford,South East,borough
E01004047,Southwark 027B,Southwark,South East,Deptford,South East,borough
E01004048,Southwark 027C,Southwark,South East,Deptford,South East,borough
E01004049,Southwark 027D,Southwark,South East,Deptford,South East,borough
E01004050,Southwark 024D,Southwark,South East,Deptford,South East,borough
E01004051,Southwark 027E,Southwark,South East,Deptford,South East,borough
E01004052,Southwark 024E,Southwark,South East,Deptford,South East,borough
E01004053,Southwark 001C,Southwark,South East,Deptford,South East,borough
E01004054,Southwark 001D,Southwark,South East,Deptford,South East,borough
E01004055,Southwark 001E,Southwark,South East,Deptford,South East,borough
E01004056,Southwark 008A,Southwark,South East,Deptford,South East,borough
E01004057,Southwark 008B,Southwark,South East,Deptford,South East,borough
E01004058,Southwark 008C,Southwark,South East,Deptford,South East,borough
E01004059,Southwark 008D,Southwark,South East,Deptford,South East,borough
E01004060,Southwark 008E,Southwark,South East,Deptford,South East,borough
E01004061,Southwark 025A,Southwark,South East,Deptford,South East,borough
E01004062,Southwark 025B,Southwark,South East,Deptford,South East,borough
E01004063,Southwark 025C,Southwark,South East,Deptford,South East,borough
E01004064,Southwark 026D,Southwark,South East,Deptford,South East,borough
E01004065,Southwark 025D,Southwark,South East,Deptford,South East,borough
E01004066,Southwark 025E,Southwark,South East,Deptford,South East,borough
E01004067,Southwark 022E,Southwark,South East,Deptford,South East,borough
E01004068,Southwark 026E,Southwark,South East,Deptford,South East,borough
E01004069,Southwark 031A,Southwark,South East,Deptford,South East,borough
E01004070,Southwark 031B,Southwark,South East,Deptford,South East,borough
E01004071,Southwark 030D,Southwark,South East,Deptford,South East,borough
E01004072,Southwark 030E,Southwark,South East,Deptford,South East,borough
E01004073,Southwark 031C,Southwark,South East,Deptford,South East,borough
E01004074,Southwark 031D,Southwark,South East,Deptford,South East,borough
E01004075,Southwark 031E,Southwark,South East,Deptford,South East,borough
E01004076,Sutton 011A,Sutton,South West,St Helier,South West,borough
E01004077,Sutton 011B,Sutton,South West,St Helier,South West,borough
E01004078,Sutton 011C,Sutton,South West,St Helier,South West,borough
E01004079,Sutton 011D,Sutton,South West,St Helier,South West,borough
E01004080,Sutton 011E,Sutton,South West,St Helier,South West,borough
E01004081,Sutton 011F,Sutton,South West,St Helier,South West,borough
E01004082,Sutton 011G,Sutton,South West,St Helier,South West,borough
E01004083,Sutton 019A,Sutton,South West,St Helier,South West,borough
E01004084,Sutton 024A,Sutton,South West,St Helier,South West,borough
E01004085,Sutton 024B,Sutton,South West,St Helier,South West,borough
E01004086,Sutton 019B,Sutton,South West,St Helier,South West,borough
E01004087,Sutton 017A,Sutton,South West,St Helier,South West,borough
E01004088,Sutton 019C,Sutton,South West,St Helier,South West,borough
E01004089,Sutton 019D,Sutton,South West,St Helier,South West,borough
E01004090,Sutton 021A,Sutton,South West,St Helier,South West,borough
E01004091,Sutton 022A,Sutton,South West,St Helier,South West,borough
E01004092,Sutton 022B,Sutton,South West,St Helier,South West,borough
E01004093,Sutton 025A,Sutton,South West,St Helier,South West,borough
E01004094,Sutton 025B,Sutton,South West,St Helier,South West,borough
E01004095,Sutton 025C,Sutton,South West,St Helier,South West,borough
E01004096,Sutton 021B,Sutton,South West,St Helier,South West,borough
E01004097,Sutton 015A,Sutton,South West,St Helier,South West,borough
E01004098,Sutton 015B,Sutton,South West,St Helier,South West,borough
E01004099,Sutton 015C,Sutton,South West,St Helier,South West,borough
E01004100,Sutton 015D,Sutton,South West,St Helier,South West,borough
E01004101,Sutton 013A,Sutton,South West,St Helier,South West,borough
E01004102,Sutton 015E,Sutton,South West,St Helier,South West,borough
E01004103,Sutton 013B,Sutton,South West,St Helier,South West,borough
E01004104,Sutton 020A,Sutton,South West,St Helier,South West,borough
E01004105,Sutton 022C,Sutton,South West,St Helier,South West,borough
E01004106,Sutton 022D,Sutton,South West,St Helier,South West,borough
E01004107,Sutton 020B,Sutton,South West,St Helier,South West,borough
E01004108,Sutton 024C,Sutton,South West,St Helier,South West,borough
E01004109,Sutton 024D,Sutton,South West,St Helier,South West,borough
E01004110,Sutton 016A,Sutton,South West,St Helier,South West,borough
E01004111,Sutton 016B,Sutton,South West,St Helier,South West,borough
E01004112,Sutton 016C,Sutton,South West,St Helier,South West,borough
E01004114,Sutton 025D,Sutton,South West,St Helier,South West,borough
E01004115,Sutton 009A,Sutton,South West,St Helier,South West,borough
E01004116,Sutton 008A,Sutton,South West,St Helier,South West,borough
E01004117,Sutton 006A,Sutton,South West,St Helier,South West,borough
E01004118,Sutton 009B,Sutton,South West,St Helier,South West,borough
E01004119,Sutton 009C,Sutton,South West,St Helier,South West,borough
E01004120,Sutton 016D,Sutton,South West,St Helier,South West,borough
E01004121,Sutton 006B,Sutton,South West,St Helier,South West,borough
E01004122,Sutton 008B,Sutton,South West,St Helier,South West,borough
E01004123,Sutton 002A,Sutton,South West,St Helier,South West,borough
E01004124,Sutton 002B,Sutton,South West,St Helier,South West,borough
E01004125,Sutton 001A,Sutton,South West,St Helier,South West,borough
E01004126,Sutton 002C,Sutton,South West,St Helier,South West,borough
E01004127,Sutton 005A,Sutton,South West,St Helier,South West,borough
E01004128,Sutton 002D,Sutton,South West,St Helier,South West,borough
E01004129,Sutton 002E,Sutton,South West,St Helier,South West,borough
E01004130,Sutton 003A,Sutton,South West,St Helier,South West,borough
E01004131,Sutton 003B,Sutton,South West,St Helier,South West,borough
E01004132,Sutton 009D,Sutton,South West,St Helier,South West,borough
E01004133,Sutton 009E,Sutton,South West,St Helier,South West,borough
E01004134,Sutton 003C,Sutton,South West,St Helier,South West,borough
E01004135,Sutton 003D,Sutton,South West,St Helier,South West,borough
E01004136,Sutton 003E,Sutton,South West,St Helier,South West,borough
E01004137,Sutton 012A,Sutton,South West,St Helier,South West,borough
E01004138,Sutton 013C,Sutton,South West,St Helier,South West,borough
E01004139,Sutton 013D,Sutton,South West,St Helier,South West,borough
E01004140,Sutton 012B,Sutton,South West,St Helier,South West,borough
E01004141,Sutton 012C,Sutton,South West,St Helier,South West,borough
E01004143,Sutton 014A,Sutton,South West,St Helier,South West,borough
E01004144,Sutton 007A,Sutton,South West,St Helier,South West,borough
E01004145,Sutton 007B,Sutton,South West,St Helier,South West,borough
E01004146,Sutton 007C,Sutton,South West,St Helier,South West,borough
E01004147,Sutton 007D,Sutton,South West,St Helier,South West,borough
E01004148,Sutton 014B,Sutton,South West,St Helier,South West,borough
E01004149,Sutton 012E,Sutton,South West,St Helier,South West,borough
E01004150,Sutton 021C,Sutton,South West,St Helier,South West,borough
E01004151,Sutton 021D,Sutton,South West,St Helier,South West,borough
E01004152,Sutton 018A,Sutton,South West,St Helier,South West,borough
E01004153,Sutton 021E,Sutton,South West,St Helier,South West,borough
E01004154,Sutton 022E,Sutton,South West,St Helier,South West,borough
E01004155,Sutton 018B,Sutton,South West,St Helier,South West,borough
E01004156,Sutton 018C,Sutton,South West,St Helier,South West,borough
E01004157,Sutton 016E,Sutton,South West,St Helier,South West,borough
E01004158,Sutton 018D,Sutton,South West,St Helier,South West,borough
E01004159,Sutton 014C,Sutton,South West,St Helier,South West,borough
E01004160,Sutton 014D,Sutton,South West,St Helier,South West,borough
E01004161,Sutton 014E,Sutton,South West,St Helier,South West,borough
E01004162,Sutton 018E,Sutton,South West,St Helier,South West,borough
E01004163,Sutton 005B,Sutton,South West,St Helier,South West,borough
E01004164,Sutton 004A,Sutton,South West,St Helier,South West,borough
E01004165,Sutton 005C,Sutton,South West,St Helier,South West,borough
E01004166,Sutton 004B,Sutton,South West,St Helier,South West,borough
E01004167,Sutton 005D,Sutton,South West,St Helier,South West,borough
E01004168,Sutton 013E,Sutton,South West,St Helier,South West,borough
E01004169,Sutton 004C,Sutton,South West,St Helier,South West,borough
E01004170,Sutton 017B,Sutton,South West,St Helier,South West,borough
E01004171,Sutton 010A,Sutton,South West,St Helier,South West,borough
E01004172,Sutton 010B,Sutton,South West,St Helier,South West,borough
E01004173,Sutton 010C,Sutton,South West,St Helier,South West,borough
E01004174,Sutton 017C,Sutton,South West,St Helier,South West,borough
E01004175,Sutton 010D,Sutton,South West,St Helier,South West,borough
E01004176,Sutton 010E,Sutton,South West,St Helier,South West,borough
E01004177,Sutton 020C,Sutton,South West,St Helier,South West,borough
E01004178,Sutton 017D,Sutton,South West,St Helier,South West,borough
E01004179,Sutton 017E,Sutton,South West,St Helier,South West,borough
E01004180,Sutton 020D,Sutton,South West,St Helier,South West,borough
E01004181,Sutton 020E,Sutton,South West,St Helier,South West,borough
E01004182,Sutton 019E,Sutton,South West,St Helier,South West,borough
E01004183,Sutton 001B,Sutton,South West,St Helier,South West,borough
E01004184,Sutton 001C,Sutton,South West,St Helier,South West,borough
E01004185,Sutton 001D,Sutton,South West,St Helier,South West,borough
E01004186,Sutton 004D,Sutton,South West,St Helier,South West,borough
E01004187,Sutton 005E,Sutton,South West,St Helier,South West,borough
E01004189,Sutton 001E,Sutton,South West,St Helier,South West,borough
E01004190,Sutton 008C,Sutton,South West,St Helier,South West,borough
E01004191,Sutton 008D,Sutton,South West,St Helier,South West,borough
E01004192,Sutton 006C,Sutton,South West,St Helier,South West,borough
E01004193,Sutton 006D,Sutton,South West,St Helier,South West,borough
E01004194,Sutton 008E,Sutton,South West,St Helier,South West,borough
E01004195,Sutton 006E,Sutton,South West,St Helier,South West,borough
E01004196,Sutton 008F,Sutton,South West,St Helier,South West,borough
E01004198,Tower Hamlets 002B,Tower Hamlets,North East,Homerton,North East,borough
E01004199,Tower Hamlets 002C,Tower Hamlets,North East,Homerton,North East,borough
E01004200,Tower Hamlets 005A,Tower Hamlets,North East,Homerton,North East,borough
E01004201,Tower Hamlets 002D,Tower Hamlets,North East,Homerton,North East,borough
E01004202,Tower Hamlets 005B,Tower Hamlets,North East,Homerton,North East,borough
E01004203,Tower Hamlets 005C,Tower Hamlets,North East,Homerton,North East,borough
E01004204,Tower Hamlets 005D,Tower Hamlets,North East,Homerton,North East,borough
E01004205,Tower Hamlets 013A,Tower Hamlets,North East,Homerton,North East,borough
E01004206,Tower Hamlets 013B,Tower Hamlets,North East,Homerton,North East,borough
E01004207,Tower Hamlets 011A,Tower Hamlets,North East,Homerton,North East,borough
E01004208,Tower Hamlets 013C,Tower Hamlets,North East,Homerton,North East,borough
E01004209,Tower Hamlets 011B,Tower Hamlets,North East,Homerton,North East,borough
E01004211,Tower Hamlets 013D,Tower Hamlets,North East,Homerton,North East,borough
E01004212,Tower Hamlets 011D,Tower Hamlets,North East,Homerton,North East,borough
E01004214,Tower Hamlets 030A,Tower Hamlets,North East,Homerton,North East,borough
E01004216,Tower Hamlets 030B,Tower Hamlets,North East,Homerton,North East,borough
E01004217,Tower Hamlets 030C,Tower Hamlets,North East,Homerton,North East,borough
E01004218,Tower Hamlets 030D,Tower Hamlets,North East,Homerton,North East,borough
E01004219,Tower Hamlets 035B,Tower Hamlets,North East,Homerton,North East,borough
E01004221,Tower Hamlets 036A,Tower Hamlets,North East,Homerton,North East,borough
E01004222,Tower Hamlets 001A,Tower Hamlets,North East,Homerton,North East,borough
E01004223,Tower Hamlets 001B,Tower Hamlets,North East,Homerton,North East,borough
E01004226,Tower Hamlets 001D,Tower Hamlets,North East,Homerton,North East,borough
E01004228,Tower Hamlets 003A,Tower Hamlets,North East,Homerton,North East,borough
E01004229,Tower Hamlets 004C,Tower Hamlets,North East,Homerton,North East,borough
E01004230,Tower Hamlets 003B,Tower Hamlets,North East,Homerton,North East,borough
E01004231,Tower Hamlets 004D,Tower Hamlets,North East,Homerton,North East,borough
E01004232,Tower Hamlets 003C,Tower Hamlets,North East,Homerton,North East,borough
E01004233,Tower Hamlets 003D,Tower Hamlets,North East,Homerton,North East,borough
E01004234,Tower Hamlets 003E,Tower Hamlets,North East,Homerton,North East,borough
E01004235,Tower Hamlets 008A,Tower Hamlets,North East,Homerton,North East,borough
E01004236,Tower Hamlets 008B,Tower Hamlets,North East,Homerton,North East,borough
E01004237,Tower Hamlets 008C,Tower Hamlets,North East,Homerton,North East,borough
E01004239,Tower Hamlets 008E,Tower Hamlets,North East,Homerton,North East,borough
E01004240,Tower Hamlets 012A,Tower Hamlets,North East,Homerton,North East,borough
E01004241,Tower Hamlets 012B,Tower Hamlets,North East,Homerton,North East,borough
E01004243,Tower Hamlets 020A,Tower Hamlets,North East,Homerton,North East,borough
E01004244,Tower Hamlets 020B,Tower Hamlets,North East,Homerton,North East,borough
E01004245,Tower Hamlets 018A,Tower Hamlets,North East,Homerton,North East,borough
E01004247,Tower Hamlets 020C,Tower Hamlets,North East,Homerton,North East,borough
E01004248,Tower Hamlets 018C,Tower Hamlets,North East,Homerton,North East,borough
E01004249,Tower Hamlets 018D,Tower Hamlets,North East,Homerton,North East,borough
E01004251,Tower Hamlets 023A,Tower Hamlets,North East,Homerton,North East,borough
E01004255,Tower Hamlets 023C,Tower Hamlets,North East,Homerton,North East,borough
E01004256,Tower Hamlets 024C,Tower Hamlets,North East,Homerton,North East,borough
E01004257,Tower Hamlets 024D,Tower Hamlets,North East,Homerton,North East,borough
E01004258,Tower Hamlets 023D,Tower Hamlets,North East,Homerton,North East,borough
E01004259,Tower Hamlets 007A,Tower Hamlets,North East,Homerton,North East,borough
E01004260,Tower Hamlets 007B,Tower Hamlets,North East,Homerton,North East,borough
E01004263,Tower Hamlets 007C,Tower Hamlets,North East,Homerton,North East,borough
E01004264,Tower Hamlets 010C,Tower Hamlets,North East,Homerton,North East,borough
E01004266,Tower Hamlets 007D,Tower Hamlets,North East,Homerton,North East,borough
E01004267,Tower Hamlets 012D,Tower Hamlets,North East,Homerton,North East,borough
E01004268,Tower Hamlets 012E,Tower Hamlets,North East,Homerton,North East,borough
E01004270,Tower Hamlets 014B,Tower Hamlets,North East,Homerton,North East,borough
E01004271,Tower Hamlets 014C,Tower Hamlets,North East,Homerton,North East,borough
E01004272,Tower Hamlets 014D,Tower Hamlets,North East,Homerton,North East,borough
E01004274,Tower Hamlets 031A,Tower Hamlets,North East,Homerton,North East,borough
E01004275,Tower Hamlets 031B,Tower Hamlets,North East,Homerton,North East,borough
E01004276,Tower Hamlets 031C,Tower Hamlets,North East,Homerton,North East,borough
E01004277,Tower Hamlets 033A,Tower Hamlets,North East,Homerton,North East,borough
E01004280,Tower Hamlets 032A,Tower Hamlets,North East,Homerton,North East,borough
E01004281,Tower Hamlets 031D,Tower Hamlets,North East,Homerton,North East,borough
E01004283,Tower Hamlets 016A,Tower Hamlets,North East,Homerton,North East,borough
E01004286,Tower Hamlets 019C,Tower Hamlets,North East,Homerton,North East,borough
E01004287,Tower Hamlets 016B,Tower Hamlets,North East,Homerton,North East,borough
E01004288,Tower Hamlets 019D,Tower Hamlets,North East,Homerton,North East,borough
E01004289,Tower Hamlets 016C,Tower Hamlets,North East,Homerton,North East,borough
E01004290,Tower Hamlets 016D,Tower Hamlets,North East,Homerton,North East,borough
E01004291,Tower Hamlets 027A,Tower Hamlets,North East,Homerton,North East,borough
E01004292,Tower Hamlets 026A,Tower Hamlets,North East,Homerton,North East,borough
E01004293,Tower Hamlets 027B,Tower Hamlets,North East,Homerton,North East,borough
E01004295,Tower Hamlets 026C,Tower Hamlets,North East,Homerton,North East,borough
E01004296,Tower Hamlets 026D,Tower Hamlets,North East,Homerton,North East,borough
E01004297,Tower Hamlets 027C,Tower Hamlets,North East,Homerton,North East,borough
E01004298,Tower Hamlets 022A,Tower Hamlets,North East,Homerton,North East,borough
E01004300,Tower Hamlets 022B,Tower Hamlets,North East,Homerton,North East,borough
E01004301,Tower Hamlets 025B,Tower Hamlets,North East,Homerton,North East,borough
E01004302,Tower Hamlets 025C,Tower Hamlets,North East,Homerton,North East,borough
E01004303,Tower Hamlets 025D,Tower Hamlets,North East,Homerton,North East,borough
E01004304,Tower Hamlets 022C,Tower Hamlets,North East,Homerton,North East,borough
E01004305,Tower Hamlets 022D,Tower Hamlets,North East,Homerton,North East,borough
E01004306,Tower Hamlets 015A,Tower Hamlets,North East,Homerton,North East,borough
E01004307,Tower Hamlets 015B,Tower Hamlets,North East,Homerton,North East,borough
E01004308,Tower Hamlets 015C,Tower Hamlets,North East,Homerton,North East,borough
E01004309,Tower Hamlets 015D,Tower Hamlets,North East,Homerton,North East,borough
E01004310,Tower Hamlets 015E,Tower Hamlets,North East,Homerton,North East,borough
E01004311,Tower Hamlets 006A,Tower Hamlets,North East,Homerton,North East,borough
E01004312,Tower Hamlets 009A,Tower Hamlets,North East,Homerton,North East,borough
E01004313,Tower Hamlets 009B,Tower Hamlets,North East,Homerton,North East,borough
E01004315,Tower Hamlets 006C,Tower Hamlets,North East,Homerton,North East,borough
E01004316,Tower Hamlets 009C,Tower Hamlets,North East,Homerton,North East,borough
E01004319,Tower Hamlets 021A,Tower Hamlets,North East,Homerton,North East,borough
E01004321,Tower Hamlets 021C,Tower Hamlets,North East,Homerton,North East,borough
E01004322,Tower Hamlets 017A,Tower Hamlets,North East,Homerton,North East,borough
E01004323,Tower Hamlets 017B,Tower Hamlets,North East,Homerton,North East,borough
E01004324,Tower Hamlets 017C,Tower Hamlets,North East,Homerton,North East,borough
E01004326,Tower Hamlets 017D,Tower Hamlets,North East,Homerton,North East,borough
E01004327,Waltham Forest 028A,Waltham Forest,North East,Whipps Cross,North East,borough
E01004328,Waltham Forest 028B,Waltham Forest,North East,Whipps Cross,North East,borough
E01004329,Waltham Forest 028C,Waltham Forest,North East,Whipps Cross,North East,borough
E01004330,Waltham Forest 028D,Waltham Forest,North East,Whipps Cross,North East,borough
E01004331,Waltham Forest 028E,Waltham Forest,North East,Whipps Cross,North East,borough
E01004332,Waltham Forest 028F,Waltham Forest,North East,Whipps Cross,North East,borough
E01004333,Waltham Forest 024A,Waltham Forest,North East,Whipps Cross,North East,borough
E01004334,Waltham Forest 024B,Waltham Forest,North East,Whipps Cross,North East,borough
E01004335,Waltham Forest 027A,Waltham Forest,North East,Whipps Cross,North East,borough
E01004336,Waltham Forest 026A,Waltham Forest,North East,Whipps Cross,North East,borough
E01004337,Waltham Forest 027B,Waltham Forest,North East,Whipps Cross,North East,borough
E01004338,Waltham Forest 027C,Waltham Forest,North East,Whipps Cross,North East,borough
E01004339,Waltham Forest 027D,Waltham Forest,North East,Whipps Cross,North East,borough
E01004340,Waltham Forest 027E,Waltham Forest,North East,Whipps Cross,North East,borough
E01004341,Waltham Forest 027F,Waltham Forest,North East,Whipps Cross,North East,borough
E01004342,Waltham Forest 011A,Waltham Forest,North East,Whipps Cross,North East,borough
E01004343,Waltham Forest 008A,Waltham Forest,North East,Whipps Cross,North East,borough
E01004344,Waltham Forest 008B,Waltham Forest,North East,Whipps Cross,North East,borough
E01004345,Waltham Forest 010A,Waltham Forest,North East,Whipps Cross,North East,borough
E01004346,Waltham Forest 011B,Waltham Forest,North East,Whipps Cross,North East,borough
E01004347,Waltham Forest 011C,Waltham Forest,North East,Whipps Cross,North East,borough
E01004348,Waltham Forest 010B,Waltham Forest,North East,Whipps Cross,North East,borough
E01004349,Waltham Forest 001A,Waltham Forest,North East,Whipps Cross,North East,borough
E01004350,Waltham Forest 001B,Waltham Forest,North East,Whipps Cross,North East,borough
E01004351,Waltham Forest 001C,Waltham Forest,North East,Whipps Cross,North East,borough
E01004352,Waltham Forest 002A,Waltham Forest,North East,Whipps Cross,North East,borough
E01004353,Waltham Forest 002B,Waltham Forest,North East,Whipps Cross,North East,borough
E01004354,Waltham Forest 002C,Waltham Forest,North East,Whipps Cross,North East,borough
E01004355,Waltham Forest 004A,Waltham Forest,North East,Whipps Cross,North East,borough
E01004356,Waltham Forest 001D,Waltham Forest,North East,Whipps Cross,North East,borough
E01004357,Waltham Forest 001E,Waltham Forest,North East,Whipps Cross,North East,borough
E01004358,Waltham Forest 002D,Waltham Forest,North East,Whipps Cross,North East,borough
E01004359,Waltham Forest 002E,Waltham Forest,North East,Whipps Cross,North East,borough
E01004360,Waltham Forest 004B,Waltham Forest,North East,Whipps Cross,North East,borough
E01004361,Waltham Forest 005A,Waltham Forest,North East,Whipps Cross,North East,borough
E01004362,Waltham Forest 021A,Waltham Forest,North East,Whipps Cross,North East,borough
E01004363,Waltham Forest 019A,Waltham Forest,North East,Whipps Cross,North East,borough
E01004364,Waltham Forest 019B,Waltham Forest,North East,Whipps Cross,North East,borough
E01004365,Waltham Forest 020A,Waltham Forest,North East,Whipps Cross,North East,borough
E01004366,Waltham Forest 019C,Waltham Forest,North East,Whipps Cross,North East,borough
E01004367,Waltham Forest 019D,Waltham Forest,North East,Whipps Cross,North East,borough
E01004368,Waltham Forest 019E,Waltham Forest,North East,Whipps Cross,North East,borough
E01004369,Waltham Forest 023A,Waltham Forest,North East,Whipps Cross,North East,borough
E01004370,Waltham Forest 023B,Waltham Forest,North East,Whipps Cross,North East,borough
E01004371,Waltham Forest 025A,Waltham Forest,North East,Whipps Cross,North East,borough
E01004372,Waltham Forest 023C,Waltham Forest,North East,Whipps Cross,North East,borough
E01004373,Waltham Forest 025B,Waltham Forest,North East,Whipps Cross,North East,borough
E01004374,Waltham Forest 025C,Waltham Forest,North East,Whipps Cross,North East,borough
E01004375,Waltham Forest 025D,Waltham Forest,North East,Whipps Cross,North East,borough
E01004376,Waltham Forest 025E,Waltham Forest,North East,Whipps Cross,North East,borough
E01004377,Waltham Forest 010C,Waltham Forest,North East,Whipps Cross,North East,borough
E01004378,Waltham Forest 010D,Waltham Forest,North East,Whipps Cross,North East,borough
E01004379,Waltham Forest 007A,Waltham Forest,North East,Whipps Cross,North East,borough
E01004380,Waltham Forest 007B,Waltham Forest,North East,Whipps Cross,North East,borough
E01004381,Waltham Forest 007C,Waltham Forest,North East,Whipps Cross,North East,borough
E01004382,Waltham Forest 008C,Waltham Forest,North East,Whipps Cross,North East,borough
E01004383,Waltham Forest 007D,Waltham Forest,North East,Whipps Cross,North East,borough
E01004384,Waltham Forest 003A,Waltham Forest,North East,Whipps Cross,North East,borough
E01004385,Waltham Forest 003B,Waltham Forest,North East,Whipps Cross,North East,borough
E01004386,Waltham Forest 003C,Waltham Forest,North East,Whipps Cross,North East,borough
E01004387,Waltham Forest 007E,Waltham Forest,North East,Whipps Cross,North East,borough
E01004388,Waltham Forest 007F,Waltham Forest,North East,Whipps Cross,North East,borough
E01004389,Waltham Forest 003D,Waltham Forest,North East,Whipps Cross,North East,borough
E01004390,Waltham Forest 003E,Waltham Forest,North East,Whipps Cross,North East,borough
E01004391,Waltham Forest 014A,Waltham Forest,North East,Whipps Cross,North East,borough
E01004392,Waltham Forest 017A,Waltham Forest,North East,Whipps Cross,North East,borough
E01004393,Waltham Forest 014B,Waltham Forest,North East,Whipps Cross,North East,borough
E01004394,Waltham Forest 017B,Waltham Forest,North East,Whipps Cross,North East,borough
E01004395,Waltham Forest 018A,Waltham Forest,North East,Whipps Cross,North East,borough
E01004396,Waltham Forest 012A,Waltham Forest,North East,Whipps Cross,North East,borough
E01004397,Waltham Forest 017C,Waltham Forest,North East,Whipps Cross,North East,borough
E01004398,Waltham Forest 009A,Waltham Forest,North East,Whipps Cross,North East,borough
E01004399,Waltham Forest 009B,Waltham Forest,North East,Whipps Cross,North East,borough
E01004400,Waltham Forest 009C,Waltham Forest,North East,Whipps Cross,North East,borough
E01004401,Waltham Forest 014C,Waltham Forest,North East,Whipps Cross,North East,borough
E01004402,Waltham Forest 009D,Waltham Forest,North East,Whipps Cross,North East,borough
E01004403,Waltham Forest 009E,Waltham Forest,North East,Whipps Cross,North East,borough
E01004404,Waltham Forest 014D,Waltham Forest,North East,Whipps Cross,North East,borough
E01004405,Waltham Forest 020B,Waltham Forest,North East,Whipps Cross,North East,borough
E01004406,Waltham Forest 016A,Waltham Forest,North East,Whipps Cross,North East,borough
E01004407,Waltham Forest 013A,Waltham Forest,North East,Whipps Cross,North East,borough
E01004408,Waltham Forest 016B,Waltham Forest,North East,Whipps Cross,North East,borough
E01004409,Waltham Forest 016C,Waltham Forest,North East,Whipps Cross,North East,borough
E01004410,Waltham Forest 013B,Waltham Forest,North East,Whipps Cross,North East,borough
E01004411,Waltham Forest 016D,Waltham Forest,North East,Whipps Cross,North East,borough
E01004412,Waltham Forest 015A,Waltham Forest,North East,Whipps Cross,North East,borough
E01004413,Waltham Forest 004C,Waltham Forest,North East,Whipps Cross,North East,borough
E01004414,Waltham Forest 005B,Waltham Forest,North East,Whipps Cross,North East,borough
E01004415,Waltham Forest 004D,Waltham Forest,North East,Whipps Cross,North East,borough
E01004416,Waltham Forest 004E,Waltham Forest,North East,Whipps Cross,North East,borough
E01004417,Waltham Forest 005C,Waltham Forest,North East,Whipps Cross,North East,borough
E01004418,Waltham Forest 008D,Waltham Forest,North East,Whipps Cross,North East,borough
E01004419,Waltham Forest 008E,Waltham Forest,North East,Whipps Cross,North East,borough
E01004420,Waltham Forest 020C,Waltham Forest,North East,Whipps Cross,North East,borough
E01004421,Waltham Forest 018B,Waltham Forest,North East,Whipps Cross,North East,borough
E01004422,Waltham Forest 022A,Waltham Forest,North East,Whipps Cross,North East,borough
E01004423,Waltham Forest 020D,Waltham Forest,North East,Whipps Cross,North East,borough
E01004424,Waltham Forest 022B,Waltham Forest,North East,Whipps Cross,North East,borough
E01004425,Waltham Forest 022C,Waltham Forest,North East,Whipps Cross,North East,borough
E01004426,Waltham Forest 022D,Waltham Forest,North East,Whipps Cross,North East,borough
E01004427,Waltham Forest 022E,Waltham Forest,North East,Whipps Cross,North East,borough
E01004428,Waltham Forest 026B,Waltham Forest,North East,Whipps Cross,North East,borough
E01004429,Waltham Forest 026C,Waltham Forest,North East,Whipps Cross,North East,borough
E01004430,Waltham Forest 026D,Waltham Forest,North East,Whipps Cross,North East,borough
E01004432,Waltham Forest 023D,Waltham Forest,North East,Whipps Cross,North East,borough
E01004434,Waltham Forest 026E,Waltham Forest,North East,Whipps Cross,North East,borough
E01004435,Waltham Forest 023E,Waltham Forest,North East,Whipps Cross,North East,borough
E01004436,Waltham Forest 021B,Waltham Forest,North East,Whipps Cross,North East,borough
E01004437,Waltham Forest 021C,Waltham Forest,North East,Whipps Cross,North East,borough
E01004438,Waltham Forest 024C,Waltham Forest,North East,Whipps Cross,North East,borough
E01004439,Waltham Forest 021D,Waltham Forest,North East,Whipps Cross,North East,borough
E01004440,Waltham Forest 024D,Waltham Forest,North East,Whipps Cross,North East,borough
E01004441,Waltham Forest 024E,Waltham Forest,North East,Whipps Cross,North East,borough
E01004442,Waltham Forest 021E,Waltham Forest,North East,Whipps Cross,North East,borough
E01004443,Waltham Forest 016E,Waltham Forest,North East,Whipps Cross,North East,borough
E01004444,Waltham Forest 017D,Waltham Forest,North East,Whipps Cross,North East,borough
E01004445,Waltham Forest 018C,Waltham Forest,North East,Whipps Cross,North East,borough
E01004446,Waltham Forest 017E,Waltham Forest,North East,Whipps Cross,North East,borough
E01004447,Waltham Forest 016F,Waltham Forest,North East,Whipps Cross,North East,borough
E01004448,Waltham Forest 018D,Waltham Forest,North East,Whipps Cross,North East,borough
E01004449,Waltham Forest 018E,Waltham Forest,North East,Whipps Cross,North East,borough
E01004450,Waltham Forest 006A,Waltham Forest,North East,Whipps Cross,North East,borough
E01004451,Waltham Forest 005D,Waltham Forest,North East,Whipps Cross,North East,borough
E01004452,Waltham Forest 005E,Waltham Forest,North East,Whipps Cross,North East,borough
E01004453,Waltham Forest 006B,Waltham Forest,North East,Whipps Cross,North East,borough
E01004454,Waltham Forest 006C,Waltham Forest,North East,Whipps Cross,North East,borough
E01004455,Waltham Forest 006D,Waltham Forest,North East,Whipps Cross,North East,borough
E01004456,Waltham Forest 006E,Waltham Forest,North East,Whipps Cross,North East,borough
E01004457,Waltham Forest 012B,Waltham Forest,North East,Whipps Cross,North East,borough
E01004458,Waltham Forest 012C,Waltham Forest,North East,Whipps Cross,North East,borough
E01004459,Waltham Forest 012D,Waltham Forest,North East,Whipps Cross,North East,borough
E01004460,Waltham Forest 011D,Waltham Forest,North East,Whipps Cross,North East,borough
E01004462,Waltham Forest 011E,Waltham Forest,North East,Whipps Cross,North East,borough
E01004463,Waltham Forest 012E,Waltham Forest,North East,Whipps Cross,North East,borough
E01004464,Waltham Forest 013C,Waltham Forest,North East,Whipps Cross,North East,borough
E01004465,Waltham Forest 015B,Waltham Forest,North East,Whipps Cross,North East,borough
E01004466,Waltham Forest 015C,Waltham Forest,North East,Whipps Cross,North East,borough
E01004467,Waltham Forest 015D,Waltham Forest,North East,Whipps Cross,North East,borough
E01004468,Waltham Forest 015E,Waltham Forest,North East,Whipps Cross,North East,borough
E01004469,Waltham Forest 013D,Waltham Forest,North East,Whipps Cross,North East,borough
E01004470,Waltham Forest 013E,Waltham Forest,North East,Whipps Cross,North East,borough
E01004471,Waltham Forest 013F,Waltham Forest,North East,Whipps Cross,North East,borough
E01004472,Wandsworth 021A,Wandsworth,South West,Wimbledon,South West,borough
E01004473,Wandsworth 026A,Wandsworth,South West,Wimbledon,South West,borough
E01004474,Wandsworth 021B,Wandsworth,South West,Wimbledon,South West,borough
E01004475,Wandsworth 026B,Wandsworth,South West,Wimbledon,South West,borough
E01004476,Wandsworth 021C,Wandsworth,South West,Wimbledon,South West,borough
E01004477,Wandsworth 017A,Wandsworth,South West,Wimbledon,South West,borough
E01004478,Wandsworth 017B,Wandsworth,South West,Wimbledon,South West,borough
E01004479,Wandsworth 017C,Wandsworth,South West,Wimbledon,South West,borough
E01004480,Wandsworth 026C,Wandsworth,South West,Wimbledon,South West,borough
E01004481,Wandsworth 029A,Wandsworth,South West,Wimbledon,South West,borough
E01004482,Wandsworth 030A,Wandsworth,South West,Wimbledon,South West,borough
E01004483,Wandsworth 026D,Wandsworth,South West,Wimbledon,South West,borough
E01004484,Wandsworth 026E,Wandsworth,South West,Wimbledon,South West,borough
E01004485,Wandsworth 030B,Wandsworth,South West,Wimbledon,South West,borough
E01004486,Wandsworth 026F,Wandsworth,South West,Wimbledon,South West,borough
E01004487,Wandsworth 030C,Wandsworth,South West,Wimbledon,South West,borough
E01004488,Wandsworth 029B,Wandsworth,South West,Wimbledon,South West,borough
E01004489,Wandsworth 030D,Wandsworth,South West,Wimbledon,South West,borough
E01004490,Wandsworth 031A,Wandsworth,South West,Wimbledon,South West,borough
E01004491,Wandsworth 031B,Wandsworth,South West,Wimbledon,South West,borough
E01004492,Wandsworth 031C,Wandsworth,South West,Wimbledon,South West,borough
E01004493,Wandsworth 019A,Wandsworth,South West,Wimbledon,South West,borough
E01004494,Wandsworth 018A,Wandsworth,South West,Wimbledon,South West,borough
E01004495,Wandsworth 024A,Wandsworth,South West,Wimbledon,South West,borough
E01004496,Wandsworth 024B,Wandsworth,South West,Wimbledon,South West,borough
E01004497,Wandsworth 024C,Wandsworth,South West,Wimbledon,South West,borough
E01004498,Wandsworth 031D,Wandsworth,South West,Wimbledon,South West,borough
E01004499,Wandsworth 020A,Wandsworth,South West,Wimbledon,South West,borough
E01004500,Wandsworth 014A,Wandsworth,South West,Wimbledon,South West,borough
E01004501,Wandsworth 014B,Wandsworth,South West,Wimbledon,South West,borough
E01004502,Wandsworth 020B,Wandsworth,South West,Wimbledon,South West,borough
E01004503,Wandsworth 014C,Wandsworth,South West,Wimbledon,South West,borough
E01004504,Wandsworth 020C,Wandsworth,South West,Wimbledon,South West,borough
E01004505,Wandsworth 014D,Wandsworth,South West,Wimbledon,South West,borough
E01004506,Wandsworth 011A,Wandsworth,South West,Wimbledon,South West,borough
E01004507,Wandsworth 014E,Wandsworth,South West,Wimbledon,South West,borough
E01004508,Wandsworth 012A,Wandsworth,South West,Wimbledon,South West,borough
E01004510,Wandsworth 012B,Wandsworth,South West,Wimbledon,South West,borough
E01004511,Wandsworth 010B,Wandsworth,South West,Wimbledon,South West,borough
E01004512,Wandsworth 019B,Wandsworth,South West,Wimbledon,South West,borough
E01004513,Wandsworth 018B,Wandsworth,South West,Wimbledon,South West,borough
E01004514,Wandsworth 012C,Wandsworth,South West,Wimbledon,South West,borough
E01004515,Wandsworth 012D,Wandsworth,South West,Wimbledon,South West,borough
E01004516,Wandsworth 036A,Wandsworth,South West,Wimbledon,South West,borough
E01004517,Wandsworth 037A,Wandsworth,South West,Wimbledon,South West,borough
E01004518,Wandsworth 036B,Wandsworth,South West,Wimbledon,South West,borough
E01004519,Wandsworth 036C,Wandsworth,South West,Wimbledon,South West,borough
E01004520,Wandsworth 036D,Wandsworth,South West,Wimbledon,South West,borough
E01004521,Wandsworth 037B,Wandsworth,South West,Wimbledon,South West,borough
E01004522,Wandsworth 037C,Wandsworth,South West,Wimbledon,South West,borough
E01004523,Wandsworth 036E,Wandsworth,South West,Wimbledon,South West,borough
E01004524,Wandsworth 037D,Wandsworth,South West,Wimbledon,South West,borough
E01004525,Wandsworth 035A,Wandsworth,South West,Wimbledon,South West,borough
E01004526,Wandsworth 035B,Wandsworth,South West,Wimbledon,South West,borough
E01004527,Wandsworth 035C,Wandsworth,South West,Wimbledon,South West,borough
E01004528,Wandsworth 035D,Wandsworth,South West,Wimbledon,South West,borough
E01004529,Wandsworth 035E,Wandsworth,South West,Wimbledon,South West,borough
E01004530,Wandsworth 035F,Wandsworth,South West,Wimbledon,South West,borough
E01004531,Wandsworth 033A,Wandsworth,South West,Wimbledon,South West,borough
E01004532,Wandsworth 032A,Wandsworth,South West,Wimbledon,South West,borough
E01004533,Wandsworth 033B,Wandsworth,South West,Wimbledon,South West,borough
E01004534,Wandsworth 008A,Wandsworth,South West,Wimbledon,South West,borough
E01004535,Wandsworth 007A,Wandsworth,South West,Wimbledon,South West,borough
E01004536,Wandsworth 008B,Wandsworth,South West,Wimbledon,South West,borough
E01004537,Wandsworth 007B,Wandsworth,South West,Wimbledon,South West,borough
E01004538,Wandsworth 007C,Wandsworth,South West,Wimbledon,South West,borough
E01004539,Wandsworth 003A,Wandsworth,South West,Wimbledon,South West,borough
E01004540,Wandsworth 003B,Wandsworth,South West,Wimbledon,South West,borough
E01004541,Wandsworth 007D,Wandsworth,South West,Wimbledon,South West,borough
E01004542,Wandsworth 021D,Wandsworth,South West,Wimbledon,South West,borough
E01004543,Wandsworth 027A,Wandsworth,South West,Wimbledon,South West,borough
E01004544,Wandsworth 021E,Wandsworth,South West,Wimbledon,South West,borough
E01004545,Wandsworth 027B,Wandsworth,South West,Wimbledon,South West,borough
E01004546,Wandsworth 027C,Wandsworth,South West,Wimbledon,South West,borough
E01004547,Wandsworth 029C,Wandsworth,South West,Wimbledon,South West,borough
E01004548,Wandsworth 029D,Wandsworth,South West,Wimbledon,South West,borough
E01004549,Wandsworth 027D,Wandsworth,South West,Wimbledon,South West,borough
E01004550,Wandsworth 017D,Wandsworth,South West,Wimbledon,South West,borough
E01004551,Wandsworth 012E,Wandsworth,South West,Wimbledon,South West,borough
E01004552,Wandsworth 008C,Wandsworth,South West,Wimbledon,South West,borough
E01004553,Wandsworth 015A,Wandsworth,South West,Wimbledon,South West,borough
E01004554,Wandsworth 009A,Wandsworth,South West,Wimbledon,South West,borough
E01004555,Wandsworth 017E,Wandsworth,South West,Wimbledon,South West,borough
E01004556,Wandsworth 009B,Wandsworth,South West,Wimbledon,South West,borough
E01004557,Wandsworth 015B,Wandsworth,South West,Wimbledon,South West,borough
E01004558,Wandsworth 015C,Wandsworth,South West,Wimbledon,South West,borough
E01004559,Wandsworth 015D,Wandsworth,South West,Wimbledon,South West,borough
E01004560,Wandsworth 001A,Wandsworth,South West,Wimbledon,South West,borough
E01004563,Wandsworth 039E,Wandsworth,South West,Wimbledon,South West,borough
E01004564,Wandsworth 039D,Wandsworth,South West,Wimbledon,South West,borough
E01004565,Wandsworth 005A,Wandsworth,South West,Wimbledon,South West,borough
E01004566,Wandsworth 001B,Wandsworth,South West,Wimbledon,South West,borough
E01004567,Wandsworth 039A,Wandsworth,South West,Wimbledon,South West,borough
E01004568,Wandsworth 013A,Wandsworth,South West,Wimbledon,South West,borough
E01004569,Wandsworth 023A,Wandsworth,South West,Wimbledon,South West,borough
E01004570,Wandsworth 023B,Wandsworth,South West,Wimbledon,South West,borough
E01004571,Wandsworth 023C,Wandsworth,South West,Wimbledon,South West,borough
E01004572,Wandsworth 016A,Wandsworth,South West,Wimbledon,South West,borough
E01004573,Wandsworth 023D,Wandsworth,South West,Wimbledon,South West,borough
E01004574,Wandsworth 013B,Wandsworth,South West,Wimbledon,South West,borough
E01004575,Wandsworth 013C,Wandsworth,South West,Wimbledon,South West,borough
E01004576,Wandsworth 013D,Wandsworth,South West,Wimbledon,South West,borough
E01004577,Wandsworth 003C,Wandsworth,South West,Wimbledon,South West,borough
E01004579,Wandsworth 004B,Wandsworth,South West,Wimbledon,South West,borough
E01004580,Wandsworth 004C,Wandsworth,South West,Wimbledon,South West,borough
E01004581,Wandsworth 004D,Wandsworth,South West,Wimbledon,South West,borough
E01004582,Wandsworth 001C,Wandsworth,South West,Wimbledon,South West,borough
E01004583,Wandsworth 001D,Wandsworth,South West,Wimbledon,South West,borough
E01004584,Wandsworth 003D,Wandsworth,South West,Wimbledon,South West,borough
E01004585,Wandsworth 008D,Wandsworth,South West,Wimbledon,South West,borough
E01004586,Wandsworth 009C,Wandsworth,South West,Wimbledon,South West,borough
E01004587,Wandsworth 009D,Wandsworth,South West,Wimbledon,South West,borough
E01004588,Wandsworth 008E,Wandsworth,South West,Wimbledon,South West,borough
E01004589,Wandsworth 009E,Wandsworth,South West,Wimbledon,South West,borough
E01004590,Wandsworth 005B,Wandsworth,South West,Wimbledon,South West,borough
E01004591,Wandsworth 005C,Wandsworth,South West,Wimbledon,South West,borough
E01004592,Wandsworth 005D,Wandsworth,South West,Wimbledon,South West,borough
E01004593,Wandsworth 025A,Wandsworth,South West,Wimbledon,South West,borough
E01004594,Wandsworth 020D,Wandsworth,South West,Wimbledon,South West,borough
E01004595,Wandsworth 025B,Wandsworth,South West,Wimbledon,South West,borough
E01004596,Wandsworth 020E,Wandsworth,South West,Wimbledon,South West,borough
E01004597,Wandsworth 025C,Wandsworth,South West,Wimbledon,South West,borough
E01004598,Wandsworth 025D,Wandsworth,South West,Wimbledon,South West,borough
E01004599,Wandsworth 025E,Wandsworth,South West,Wimbledon,South West,borough
E01004601,Wandsworth 018D,Wandsworth,South West,Wimbledon,South West,borough
E01004602,Wandsworth 010C,Wandsworth,South West,Wimbledon,South West,borough
E01004604,Wandsworth 006A,Wandsworth,South West,Wimbledon,South West,borough
E01004605,Wandsworth 006B,Wandsworth,South West,Wimbledon,South West,borough
E01004606,Wandsworth 006C,Wandsworth,South West,Wimbledon,South West,borough
E01004607,Wandsworth 006D,Wandsworth,South West,Wimbledon,South West,borough
E01004608,Wandsworth 006E,Wandsworth,South West,Wimbledon,South West,borough
E01004609,Wandsworth 010E,Wandsworth,South West,Wimbledon,South West,borough
E01004610,Wandsworth 033C,Wandsworth,South West,Wimbledon,South West,borough
E01004611,Wandsworth 032B,Wandsworth,South West,Wimbledon,South West,borough
E01004612,Wandsworth 032C,Wandsworth,South West,Wimbledon,South West,borough
E01004613,Wandsworth 033D,Wandsworth,South West,Wimbledon,South West,borough
E01004614,Wandsworth 034A,Wandsworth,South West,Wimbledon,South West,borough
E01004615,Wandsworth 034B,Wandsworth,South West,Wimbledon,South West,borough
E01004616,Wandsworth 034C,Wandsworth,South West,Wimbledon,South West,borough
E01004617,Wandsworth 034D,Wandsworth,South West,Wimbledon,South West,borough
E01004618,Wandsworth 032D,Wandsworth,South West,Wimbledon,South West,borough
E01004619,Wandsworth 015E,Wandsworth,South West,Wimbledon,South West,borough
E01004620,Wandsworth 019C,Wandsworth,South West,Wimbledon,South West,borough
E01004621,Wandsworth 019D,Wandsworth,South West,Wimbledon,South West,borough
E01004622,Wandsworth 024D,Wandsworth,South West,Wimbledon,South West,borough
E01004623,Wandsworth 019E,Wandsworth,South West,Wimbledon,South West,borough
E01004624,Wandsworth 024E,Wandsworth,South West,Wimbledon,South West,borough
E01004625,Wandsworth 027E,Wandsworth,South West,Wimbledon,South West,borough
E01004626,Wandsworth 027F,Wandsworth,South West,Wimbledon,South West,borough
E01004627,Wandsworth 019F,Wandsworth,South West,Wimbledon,South West,borough
E01004628,Wandsworth 022A,Wandsworth,South West,Wimbledon,South West,borough
E01004629,Wandsworth 020F,Wandsworth,South West,Wimbledon,South West,borough
E01004630,Wandsworth 022B,Wandsworth,South West,Wimbledon,South West,borough
E01004631,Wandsworth 022C,Wandsworth,South West,Wimbledon,South West,borough
E01004632,Wandsworth 028A,Wandsworth,South West,Wimbledon,South West,borough
E01004633,Wandsworth 022D,Wandsworth,South West,Wimbledon,South West,borough
E01004634,Wandsworth 028B,Wandsworth,South West,Wimbledon,South West,borough
E01004635,Wandsworth 028C,Wandsworth,South West,Wimbledon,South West,borough
E01004636,Wandsworth 028D,Wandsworth,South West,Wimbledon,South West,borough
E01004637,Wandsworth 028E,Wandsworth,South West,Wimbledon,South West,borough
E01004638,Wandsworth 011B,Wandsworth,South West,Wimbledon,South West,borough
E01004639,Wandsworth 011C,Wandsworth,South West,Wimbledon,South West,borough
E01004640,Wandsworth 011D,Wandsworth,South West,Wimbledon,South West,borough
E01004641,Wandsworth 011E,Wandsworth,South West,Wimbledon,South West,borough
E01004642,Wandsworth 016B,Wandsworth,South West,Wimbledon,South West,borough
E01004643,Wandsworth 016C,Wandsworth,South West,Wimbledon,South West,borough
E01004644,Wandsworth 016D,Wandsworth,South West,Wimbledon,South West,borough
E01004645,Wandsworth 016E,Wandsworth,South West,Wimbledon,South West,borough
E01004646,Westminster 002A,Westminster,North West,Westminster,North West,borough
E01004647,Westminster 001A,Westminster,North West,Westminster,North West,borough
E01004648,Westminster 002B,Westminster,North West,Westminster,North West,borough
E01004649,Westminster 001B,Westminster,North West,Westminster,North West,borough
E01004650,Westminster 002C,Westminster,North West,Westminster,North West,borough
E01004651,Westminster 003A,Westminster,North West,Westminster,North West,borough
E01004652,Westminster 017A,Westminster,North West,Westminster,North West,borough
E01004653,Westminster 014A,Westminster,North West,Westminster,North West,borough
E01004654,Westminster 014B,Westminster,North West,Westminster,North West,borough
E01004656,Westminster 014D,Westminster,North West,Westminster,North West,borough
E01004657,Westminster 012A,Westminster,North West,Westminster,North West,borough
E01004658,Westminster 012B,Westminster,North West,Westminster,North West,borough
E01004659,Westminster 008A,Westminster,North West,Westminster,North West,borough
E01004660,Westminster 008B,Westminster,North West,Westminster,North West,borough
E01004661,Westminster 012C,Westminster,North West,Westminster,North West,borough
E01004662,Westminster 012D,Westminster,North West,Westminster,North West,borough
E01004663,Westminster 012E,Westminster,North West,Westminster,North West,borough
E01004665,Westminster 024A,Westminster,North West,Westminster,North West,borough
E01004668,Westminster 023D,Westminster,North West,Westminster,North West,borough
E01004669,Westminster 024B,Westminster,North West,Westminster,North West,borough
E01004670,Westminster 009A,Westminster,North West,Westminster,North West,borough
E01004674,Westminster 005A,Westminster,North West,Westminster,North West,borough
E01004675,Westminster 005B,Westminster,North West,Westminster,North West,borough
E01004676,Westminster 006A,Westminster,North West,Westminster,North West,borough
E01004677,Westminster 005C,Westminster,North West,Westminster,North West,borough
E01004678,Westminster 005D,Westminster,North West,Westminster,North West,borough
E01004679,Westminster 005E,Westminster,North West,Westminster,North West,borough
E01004680,Westminster 015A,Westminster,North West,Westminster,North West,borough
E01004681,Westminster 016A,Westminster,North West,Westminster,North West,borough
E01004682,Westminster 016B,Westminster,North West,Westminster,North West,borough
E01004683,Westminster 015B,Westminster,North West,Westminster,North West,borough
E01004684,Westminster 015C,Westminster,North West,Westminster,North West,borough
E01004686,Westminster 015E,Westminster,North West,Westminster,North West,borough
E01004687,Westminster 019A,Westminster,North West,Westminster,North West,borough
E01004690,Westminster 019D,Westminster,North West,Westminster,North West,borough
E01004691,Westminster 019E,Westminster,North West,Westminster,North West,borough
E01004692,Westminster 019F,Westminster,North West,Westminster,North West,borough
E01004693,Westminster 017B,Westminster,North West,Westminster,North West,borough
E01004694,Westminster 016C,Westminster,North West,Westminster,North West,borough
E01004695,Westminster 017C,Westminster,North West,Westminster,North West,borough
E01004696,Westminster 017D,Westminster,North West,Westminster,North West,borough
E01004697,Westminster 016D,Westminster,North West,Westminster,North West,borough
E01004698,Westminster 017E,Westminster,North West,Westminster,North West,borough
E01004699,Westminster 017F,Westminster,North West,Westminster,North West,borough
E01004700,Westminster 016E,Westminster,North West,Westminster,North West,borough
E01004701,Westminster 007A,Westminster,North West,Westminster,North West,borough
E01004702,Westminster 009E,Westminster,North West,Westminster,North West,borough
E01004703,Westminster 007B,Westminster,North West,Westminster,North West,borough
E01004705,Westminster 007D,Westminster,North West,Westminster,North West,borough
E01004706,Westminster 006B,Westminster,North West,Westminster,North West,borough
E01004707,Westminster 006C,Westminster,North West,Westminster,North West,borough
E01004708,Westminster 006D,Westminster,North West,Westminster,North West,borough
E01004709,Westminster 007E,Westminster,North West,Westminster,North West,borough
E01004710,Westminster 002D,Westminster,North West,Westminster,North West,borough
E01004711,Westminster 002E,Westminster,North West,Westminster,North West,borough
E01004712,Westminster 008C,Westminster,North West,Westminster,North West,borough
E01004713,Westminster 011A,Westminster,North West,Westminster,North West,borough
E01004714,Westminster 011B,Westminster,North West,Westminster,North West,borough
E01004715,Westminster 013A,Westminster,North West,Westminster,North West,borough
E01004716,Westminster 011C,Westminster,North West,Westminster,North West,borough
E01004717,Westminster 011D,Westminster,North West,Westminster,North West,borough
E01004718,Westminster 004A,Westminster,North West,Westminster,North West,borough
E01004719,Westminster 004B,Westminster,North West,Westminster,North West,borough
E01004720,Westminster 004C,Westminster,North West,Westminster,North West,borough
E01004721,Westminster 004D,Westminster,North West,Westminster,North West,borough
E01004722,Westminster 004E,Westminster,North West,Westminster,North West,borough
E01004723,Westminster 005F,Westminster,North West,Westminster,North West,borough
E01004724,Westminster 001C,Westminster,North West,Westminster,North West,borough
E01004725,Westminster 003B,Westminster,North West,Westminster,North West,borough
E01004726,Westminster 003C,Westminster,North West,Westminster,North West,borough
E01004727,Westminster 008D,Westminster,North West,Westminster,North West,borough
E01004728,Westminster 003D,Westminster,North West,Westminster,North West,borough
E01004729,Westminster 003E,Westminster,North West,Westminster,North West,borough
E01004730,Westminster 001D,Westminster,North West,Westminster,North West,borough
E01004731,Westminster 020A,Westminster,North West,Westminster,North West,borough
E01004732,Westminster 020B,Westminster,North West,Westminster,North West,borough
E01004733,Westminster 020C,Westminster,North West,Westminster,North West,borough
E01004734,Westminster 018A,Westminster,North West,Westminster,North West,borough
E01004735,Westminster 018B,Westminster,North West,Westminster,North West,borough
E01004736,Westminster 018C,Westminster,North West,Westminster,North West,borough
E01004737,Westminster 024C,Westminster,North West,Westminster,North West,borough
E01004740,Westminster 021A,Westminster,North West,Westminster,North West,borough
E01004741,Westminster 024F,Westminster,North West,Westminster,North West,borough
E01004742,Westminster 022A,Westminster,North West,Westminster,North West,borough
E01004743,Westminster 021B,Westminster,North West,Westminster,North West,borough
E01004744,Westminster 020D,Westminster,North West,Westminster,North West,borough
E01004746,Westminster 021D,Westminster,North West,Westminster,North West,borough
E01004747,Westminster 021E,Westminster,North West,Westminster,North West,borough
E01004748,Westminster 020E,Westminster,North West,Westminster,North West,borough
E01004749,Westminster 022B,Westminster,North West,Westminster,North West,borough
E01004750,Westminster 023E,Westminster,North West,Westminster,North West,borough
E01004751,Westminster 022C,Westminster,North West,Westminster,North West,borough
E01004752,Westminster 022D,Westminster,North West,Westminster,North West,borough
E01004753,Westminster 022E,Westminster,North West,Westminster,North West,borough
E01004754,Westminster 010A,Westminster,North West,Westminster,North West,borough
E01004755,Westminster 010B,Westminster,North West,Westminster,North West,borough
E01004756,Westminster 006E,Westminster,North West,Westminster,North West,borough
E01004757,Westminster 010C,Westminster,North West,Westminster,North West,borough
E01004760,Westminster 014E,Westminster,North West,Westminster,North West,borough
E01004761,Westminster 018D,Westminster,North West,Westminster,North West,borough
E01004762,Westminster 011E,Westminster,North West,Westminster,North West,borough
E01004763,Westminster 013B,Westminster,North West,Westminster,North West,borough
E01004765,Westminster 013D,Westminster,North West,Westminster,North West,borough
E01032512,Westminster 010F,Westminster,North West,Westminster,North West,borough
E01032513,Westminster 010G,Westminster,North West,Westminster,North West,borough
E01032562,Bromley 040D,Bromley,South East,Bromley,South East,borough
E01032563,Bromley 040E,Bromley,South East,Bromley,South East,borough
E01032564,Lewisham 037E,Lewisham,South East,Bromley,South East,voronoi-within-borough
E01032565,Lewisham 038E,Lewisham,South East,Bromley,South East,voronoi-within-borough
E01032566,Bexley 029D,Bexley,South East,Greenwich,South East,borough
E01032567,Greenwich 033D,Greenwich,South East,Greenwich,South East,borough
E01032568,Bromley 041E,Bromley,South East,Bromley,South East,borough
E01032569,Croydon 045E,Croydon,South West,Croydon,South West,borough
E01032570,Bromley 042D,Bromley,South East,Bromley,South East,borough
E01032572,Ealing 040D,Ealing,North West,Hanwell,North West,borough
E01032573,Hounslow 029E,Hounslow,North West,Hanwell,North West,override
E01032574,Enfield 037E,Enfield,North Central,Edmonton,North Central,borough
E01032575,Haringey 037D,Haringey,North Central,Edmonton,North Central,borough
E01032576,Harrow 032E,Harrow,North West,Brent,North West,borough
E01032577,Hillingdon 033E,Hillingdon,North West,Hillingdon,North West,borough
E01032579,Lewisham 039E,Lewisham,South East,Deptford,South East,voronoi-within-borough
E01032580,Barking and Dagenham 023F,Barking and Dagenham,North East,Romford,North East,borough
E01032581,Redbridge 034G,Redbridge,North East,Ilford,North East,borough
E01032582,Lambeth 036E,Lambeth,South East,Oval,South East,override
E01032583,Southwark 034D,Southwark,South East,Deptford,South East,borough
E01032584,Southwark 034E,Southwark,South East,Deptford,South East,borough
E01032623,Sutton 025E,Sutton,South West,St Helier,South West,borough
E01032637,Southwark 035E,Southwark,South East,Deptford,South East,borough
E01032638,Southwark 035D,Southwark,South East,Deptford,South East,borough
E01032639,Southwark 014F,Southwark,South East,Deptford,South East,borough
E01032640,Southwark 035B,Southwark,South East,Deptford,South East,borough
E01032646,Southwark 036B,Southwark,South East,Deptford,South East,borough
E01032719,Southwark 014G,Southwark,South East,Deptford,South East,borough
E01032739,City of London 001F,City of London,North East,Homerton,North East,borough
E01032740,City of London 001G,City of London,North East,Homerton,North East,borough
E01032741,Havering 013E,Havering,North East,Romford,North East,borough
E01032742,Havering 013F,Havering,North East,Romford,North East,borough
E01032743,Ealing 010F,Ealing,North West,Hanwell,North West,borough
E01032744,Ealing 010G,Ealing,North West,Hanwell,North West,borough
E01032764,Tower Hamlets 004E,Tower Hamlets,North East,Homerton,North East,borough
E01032765,Tower Hamlets 004F,Tower Hamlets,North East,Homerton,North East,borough
E01032767,Tower Hamlets 021F,Tower Hamlets,North East,Homerton,North East,borough
E01032768,Tower Hamlets 025E,Tower Hamlets,North East,Homerton,North East,borough
E01032769,Tower Hamlets 025F,Tower Hamlets,North East,Homerton,North East,borough
E01032770,Tower Hamlets 032B,Tower Hamlets,North East,Homerton,North East,borough
E01032771,Tower Hamlets 033B,Tower Hamlets,North East,Homerton,North East,borough
E01032772,Tower Hamlets 032C,Tower Hamlets,North East,Homerton,North East,borough
E01032774,Tower Hamlets 032E,Tower Hamlets,North East,Homerton,North East,borough
E01032775,Tower Hamlets 031F,Tower Hamlets,North East,Homerton,North East,borough
E01032776,Tower Hamlets 034D,Tower Hamlets,North East,Homerton,North East,borough
E01032777,Tower Hamlets 035A,Tower Hamlets,North East,Homerton,North East,borough
E01032779,Tower Hamlets 035C,Tower Hamlets,North East,Homerton,North East,borough
E01032780,Tower Hamlets 035D,Tower Hamlets,North East,Homerton,North East,borough
E01032781,Tower Hamlets 033C,Tower Hamlets,North East,Homerton,North East,borough
E01032782,Tower Hamlets 033D,Tower Hamlets,North East,Homerton,North East,borough
E01032783,Tower Hamlets 031G,Tower Hamlets,North East,Homerton,North East,borough
E01032784,Tower Hamlets 004G,Tower Hamlets,North East,Homerton,North East,borough
E01032785,Tower Hamlets 010E,Tower Hamlets,North East,Homerton,North East,borough
E01032786,Tower Hamlets 010F,Tower Hamlets,North East,Homerton,North East,borough
E01032787,Tower Hamlets 011F,Tower Hamlets,North East,Homerton,North East,borough
E01032788,Hammersmith and Fulham 023D,Hammersmith and Fulham,North West,Fulham,North West,borough
E01032789,Hammersmith and Fulham 023E,Hammersmith and Fulham,North West,Fulham,North West,borough
E01032790,Hammersmith and Fulham 023F,Hammersmith and Fulham,North West,Fulham,North West,borough
E01032803,Southwark 036C,Southwark,South East,Deptford,South East,borough
E01032834,Southwark 035C,Southwark,South East,Deptford,South East,borough
E01033000,Hounslow 025F,Hounslow,North West,Hanwell,North West,voronoi-within-borough
E01033030,Hounslow 025G,Hounslow,North West,Hanwell,North West,voronoi-within-borough
E01033081,Hounslow 031D,Hounslow,North West,Hanwell,North West,voronoi-within-borough
E01033082,Hounslow 031C,Hounslow,North West,Hanwell,North West,voronoi-within-borough
E01033083,Hounslow 018F,Hounslow,North West,Hanwell,North West,voronoi-within-borough
E01033084,Hounslow 018G,Hounslow,North West,Hanwell,North West,voronoi-within-borough
E01033086,Haringey 020F,Haringey,North Central,Edmonton,North Central,borough
E01033098,Wandsworth 038C,Wandsworth,South West,Wimbledon,South West,borough
E01033099,Wandsworth 004E,Wandsworth,South West,Wimbledon,South West,borough
E01033100,Wandsworth 039B,Wandsworth,South West,Wimbledon,South West,borough
E01033132,Wandsworth 038D,Wandsworth,South West,Wimbledon,South West,borough
E01033133,Wandsworth 004G,Wandsworth,South West,Wimbledon,South West,borough
E01033135,Wandsworth 010G,Wandsworth,South West,Wimbledon,South West,borough
E01033146,Enfield 025F,Enfield,North Central,Edmonton,North Central,borough
E01033148,Enfield 003F,Enfield,North Central,Edmonton,North Central,borough
E01033150,Enfield 003G,Enfield,North Central,Edmonton,North Central,borough
E01033151,Enfield 025G,Enfield,North Central,Edmonton,North Central,borough
E01033208,Lambeth 004G,Lambeth,South East,Oval,South East,voronoi-within-borough
E01033320,Lewisham 017E,Lewisham,South East,Greenwich,South East,override
E01033322,Lewisham 017F,Lewisham,South East,Greenwich,South East,override
E01033324,Lewisham 008E,Lewisham,South East,Greenwich,South East,override
E01033325,Lewisham 008F,Lewisham,South East,Greenwich,South East,override
E01033327,Lewisham 041B,Lewisham,South East,Greenwich,South East,override
E01033341,Lewisham 041C,Lewisham,South East,Greenwich,South East,override
E01033455,Brent 031G,Brent,North West,Brent,North West,borough
E01033456,Brent 027F,Brent,North West,Brent,North West,borough
E01033457,Brent 035A,Brent,North West,Brent,North West,borough
E01033463,Brent 003G,Brent,North West,Brent,North West,borough
E01033485,Brent 031H,Brent,North West,Brent,North West,borough
E01033486,Islington 011E,Islington,North Central,Camden,North Central,borough
E01033487,Islington 011F,Islington,North Central,Camden,North Central,borough
E01033488,Islington 011G,Islington,North Central,Camden,North Central,borough
E01033489,Islington 022G,Islington,North Central,Camden,North Central,borough
E01033490,Islington 022H,Islington,North Central,Camden,North Central,borough
E01033491,Islington 011H,Islington,North Central,Camden,North Central,borough
E01033493,Islington 006F,Islington,North Central,Camden,North Central,borough
E01033494,Islington 006G,Islington,North Central,Camden,North Central,borough
E01033569,Kingston upon Thames 004G,Kingston upon Thames,South West,New Malden,South West,borough
E01033570,Richmond upon Thames 004G,Richmond upon Thames,South West,New Malden,South West,borough
E01033571,Richmond upon Thames 004H,Richmond upon Thames,South West,New Malden,South West,borough
E01033579,Newham 040C,Newham,North East,Newham,North East,borough
E01033580,Newham 042A,Newham,North East,Newham,North East,borough
E01033581,Newham 041A,Newham,North East,Newham,North East,borough
E01033582,Newham 041B,Newham,North East,Newham,North East,borough
E01033584,Newham 034I,Newham,North East,Newham,North East,borough
E01033586,Newham 040D,Newham,North East,Newham,North East,borough
E01033587,Barking and Dagenham 021E,Barking and Dagenham,North East,Romford,North East,borough
E01033589,Redbridge 039B,Redbridge,North East,Ilford,North East,borough
E01033590,Redbridge 037C,Redbridge,North East,Ilford,North East,borough
E01033591,Redbridge 039A,Redbridge,North East,Ilford,North East,borough
E01033592,Redbridge 037D,Redbridge,North East,Ilford,North East,borough
E01033593,Westminster 015F,Westminster,North West,Westminster,North West,borough
E01033594,Westminster 015G,Westminster,North West,Westminster,North West,borough
E01033597,Westminster 023F,Westminster,North West,Westminster,North West,borough
E01033598,Westminster 009F,Westminster,North West,Westminster,North West,borough
E01033599,Westminster 023G,Westminster,North West,Westminster,North West,borough
E01033601,Westminster 009G,Westminster,North West,Westminster,North West,borough
E01033602,Westminster 009H,Westminster,North West,Westminster,North West,borough
E01033603,Westminster 009I,Westminster,North West,Westminster,North West,borough
E01033604,Westminster 009J,Westminster,North West,Westminster,North West,borough
E01033605,Westminster 009K,Westminster,North West,Westminster,North West,borough
E01033699,Hackney 030A,Hackney,North East,Homerton,North East,borough
E01033700,Hackney 030B,Hackney,North East,Homerton,North East,borough
E01033702,Hackney 028C,Hackney,North East,Homerton,North East,borough
E01033703,Hackney 010F,Hackney,North East,Homerton,North East,borough
E01033704,Hackney 023F,Hackney,North East,Homerton,North East,borough
E01033705,Hackney 028D,Hackney,North East,Homerton,North East,borough
E01033706,Hackney 033B,Hackney,North East,Homerton,North East,borough
E01033708,Hackney 033C,Hackney,North East,Homerton,North East,borough
E01033709,Hackney 032B,Hackney,North East,Homerton,North East,borough
E01033710,Hackney 028E,Hackney,North East,Homerton,North East,borough
E01033711,Hackney 032C,Hackney,North East,Homerton,North East,borough
E01033712,Hackney 023G,Hackney,North East,Homerton,North East,borough
E01033713,Hackney 010G,Hackney,North East,Homerton,North East,borough
E01033727,Greenwich 035B,Greenwich,South East,Deptford,South East,override
E01033728,Greenwich 035C,Greenwich,South East,Deptford,South East,override
E01033729,Greenwich 030E,Greenwich,South East,Greenwich,South East,borough
E01033732,Greenwich 041E,Greenwich,South East,Greenwich,South East,borough
E01033734,Greenwich 039B,Greenwich,South East,Greenwich,South East,borough
E01033735,Greenwich 042D,Greenwich,South East,Greenwich,South East,borough
E01033736,Greenwich 039A,Greenwich,South East,Greenwich,South East,borough
E01033737,Greenwich 042B,Greenwich,South East,Greenwich,South East,borough
E01033738,Greenwich 037D,Greenwich,South East,Greenwich,South East,borough
E01033739,Greenwich 002E,Greenwich,South East,Greenwich,South East,borough
E01033740,Greenwich 002F,Greenwich,South East,Greenwich,South East,borough
E01033741,Greenwich 002G,Greenwich,South East,Greenwich,South East,borough
E01033742,Greenwich 007F,Greenwich,South East,Greenwich,South East,borough
E01033743,Greenwich 002H,Greenwich,South East,Greenwich,South East,borough
E01033744,Greenwich 007G,Greenwich,South East,Greenwich,South East,borough
E01033745,Greenwich 002I,Greenwich,South East,Greenwich,South East,borough
E01033746,Greenwich 038E,Greenwich,South East,Greenwich,South East,borough
E01033784,Havering 007F,Havering,North East,Romford,North East,borough
E01033785,Havering 007G,Havering,North East,Romford,North East,borough
E01033786,Havering 017G,Havering,North East,Romford,North East,borough
E01033787,Havering 017H,Havering,North East,Romford,North East,borough
E01033788,Havering 017I,Havering,North East,Romford,North East,borough
E01033789,Bexley 008H,Bexley,South East,Greenwich,South East,borough
E01033790,Bexley 008I,Bexley,South East,Greenwich,South East,borough
E01033791,Bexley 019G,Bexley,South East,Greenwich,South East,borough
E01033792,Bexley 019H,Bexley,South East,Greenwich,South East,borough
E01033862,Lambeth 003F,Lambeth,South East,Oval,South East,voronoi-within-borough
E01033863,Lambeth 003G,Lambeth,South East,Oval,South East,voronoi-within-borough
E01033864,Lambeth 004H,Lambeth,South East,Oval,South East,voronoi-within-borough
E01033865,Lambeth 004I,Lambeth,South East,Oval,South East,voronoi-within-borough
E01033866,Lambeth 004J,Lambeth,South East,Oval,South East,voronoi-within-borough
E01033867,Southwark 002F,Southwark,South East,Deptford,South East,borough
E01033868,Southwark 002G,Southwark,South East,Deptford,South East,borough
E01033869,Southwark 004F,Southwark,South East,Deptford,South East,borough
E01033870,Southwark 004G,Southwark,South East,Deptford,South East,borough
E01033871,Southwark 004H,Southwark,South East,Deptford,South East,borough
E01033872,Southwark 004I,Southwark,South East,Deptford,South East,borough
E01033873,Southwark 009G,Southwark,South East,Deptford,South East,borough
E01033874,Southwark 009H,Southwark,South East,Deptford,South East,borough
E01033875,Southwark 012G,Southwark,South East,Deptford,South East,borough
E01033876,Southwark 012H,Southwark,South East,Deptford,South East,borough
E01033877,Southwark 012I,Southwark,South East,Deptford,South East,borough
E01033878,Southwark 015F,Southwark,South East,Deptford,South East,borough
E01033879,Southwark 015G,Southwark,South East,Deptford,South East,borough
E01033880,Southwark 015H,Southwark,South East,Deptford,South East,borough
E01033881,Southwark 016F,Southwark,South East,Deptford,South East,borough
E01033882,Southwark 022G,Southwark,South East,Deptford,South East,borough
E01033883,Southwark 022H,Southwark,South East,Deptford,South East,borough
E01033884,Southwark 035A,Southwark,South East,Deptford,South East,borough
E01033885,Southwark 036A,Southwark,South East,Deptford,South East,borough
E01033911,Barnet 017E,Barnet,North Central,Friern Barnet,North Central,borough
E01033912,Barnet 017F,Barnet,North Central,Friern Barnet,North Central,borough
E01033913,Barnet 024G,Barnet,North Central,Friern Barnet,North Central,borough
E01033914,Barnet 024H,Barnet,North Central,Friern Barnet,North Central,borough
E01033915,Barnet 042A,Barnet,North Central,Friern Barnet,North Central,borough
E01033916,Barnet 042B,Barnet,North Central,Friern Barnet,North Central,borough
E01033917,Barnet 042C,Barnet,North Central,Friern Barnet,North Central,borough
E01033918,Barnet 042D,Barnet,North Central,Friern Barnet,North Central,borough
E01033919,Barnet 042E,Barnet,North Central,Friern Barnet,North Central,borough
E01033920,Barnet 042F,Barnet,North Central,Friern Barnet,North Central,borough
E01033921,Barnet 043A,Barnet,North Central,Friern Barnet,North Central,borough
E01033922,Barnet 043B,Barnet,North Central,Friern Barnet,North Central,borough
E01033923,Barnet 043C,Barnet,North Central,Friern Barnet,North Central,borough
E01033924,Barnet 043D,Barnet,North Central,Friern Barnet,North Central,borough
E01033925,Barnet 043E,Barnet,North Central,Friern Barnet,North Central,borough
E01033926,Enfield 014E,Enfield,North Central,Edmonton,North Central,borough
E01033927,Enfield 020F,Enfield,North Central,Edmonton,North Central,borough
E01033928,Enfield 020G,Enfield,North Central,Edmonton,North Central,borough
E01033929,Brent 002F,Brent,North West,Brent,North West,borough
E01033930,Brent 002G,Brent,North West,Brent,North West,borough
E01033931,Brent 009F,Brent,North West,Brent,North West,borough
E01033932,Brent 009G,Brent,North West,Brent,North West,borough
E01033933,Brent 010G,Brent,North West,Brent,North West,borough
E01033934,Brent 010H,Brent,North West,Brent,North West,borough
E01033935,Brent 020F,Brent,North West,Brent,North West,borough
E01033936,Brent 020G,Brent,North West,Brent,North West,borough
E01033937,Brent 027G,Brent,North West,Brent,North West,borough
E01033938,Brent 027H,Brent,North West,Brent,North West,borough
E01033939,Brent 027I,Brent,North West,Brent,North West,borough
E01033940,Brent 035B,Brent,North West,Brent,North West,borough
E01033941,Brent 035C,Brent,North West,Brent,North West,borough
E01033942,Brent 035D,Brent,North West,Brent,North West,borough
E01033943,Haringey 015E,Haringey,North Central,Edmonton,North Central,borough
E01033944,Haringey 015F,Haringey,North Central,Edmonton,North Central,borough
E01033945,Haringey 020G,Haringey,North Central,Edmonton,North Central,borough
E01033946,Haringey 020H,Haringey,North Central,Edmonton,North Central,borough
E01034026,Ealing 015F,Ealing,North West,Hanwell,North West,borough
E01034027,Ealing 015G,Ealing,North West,Hanwell,North West,borough
E01034028,Ealing 019F,Ealing,North West,Hanwell,North West,borough
E01034029,Ealing 019G,Ealing,North West,Hanwell,North West,borough
E01034030,Ealing 042A,Ealing,North West,Hanwell,North West,borough
E01034031,Ealing 042B,Ealing,North West,Hanwell,North West,borough
E01034032,Hounslow 006G,Hounslow,North West,Hanwell,North West,voronoi-within-borough
E01034033,Hounslow 006H,Hounslow,North West,Hanwell,North West,voronoi-within-borough
E01034034,Hounslow 014F,Hounslow,North West,Hanwell,North West,voronoi-within-borough
E01034035,Hounslow 014G,Hounslow,North West,Hanwell,North West,voronoi-within-borough
E01034036,Hounslow 015F,Hounslow,North West,Hanwell,North West,voronoi-within-borough
E01034037,Hounslow 015G,Hounslow,North West,Hanwell,North West,voronoi-within-borough
E01034038,Hounslow 017F,Hounslow,North West,Hanwell,North West,voronoi-within-borough
E01034039,Hounslow 017G,Hounslow,North West,Hanwell,North West,voronoi-within-borough
E01034040,Hounslow 018H,Hounslow,North West,Hanwell,North West,voronoi-within-borough
E01034041,Hounslow 018I,Hounslow,North West,Hanwell,North West,voronoi-within-borough
E01034042,Hounslow 030A,Hounslow,North West,Hanwell,North West,override
E01034043,Hounslow 030B,Hounslow,North West,Hanwell,North West,voronoi-within-borough
E01034044,Hounslow 030C,Hounslow,North West,Hanwell,North West,override
E01034045,Hounslow 031A,Hounslow,North West,Hanwell,North West,voronoi-within-borough
E01034046,Hounslow 031B,Hounslow,North West,Hanwell,North West,voronoi-within-borough
E01034139,Croydon 015F,Croydon,South West,Croydon,South West,borough
E01034140,Croydon 015G,Croydon,South West,Croydon,South West,borough
E01034141,Croydon 020F,Croydon,South West,Croydon,South West,borough
E01034142,Croydon 020G,Croydon,South West,Croydon,South West,borough
E01034143,Croydon 020H,Croydon,South West,Croydon,South West,borough
E01034144,Croydon 024F,Croydon,South West,Croydon,South West,borough
E01034145,Croydon 024G,Croydon,South West,Croydon,South West,borough
E01034146,Croydon 024H,Croydon,South West,Croydon,South West,borough
E01034147,Croydon 046A,Croydon,South West,Croydon,South West,borough
E01034148,Croydon 046B,Croydon,South West,Croydon,South West,borough
E01034149,Croydon 046C,Croydon,South West,Croydon,South West,borough
E01034150,Croydon 046D,Croydon,South West,Croydon,South West,borough
E01034151,Croydon 046E,Croydon,South West,Croydon,South West,borough
E01034152,Croydon 047B,Croydon,South West,Croydon,South West,borough
E01034153,Sutton 004F,Sutton,South West,St Helier,South West,borough
E01034154,Sutton 004G,Sutton,South West,St Helier,South West,borough
E01034155,Sutton 012F,Sutton,South West,St Helier,South West,borough
E01034156,Sutton 012G,Sutton,South West,St Helier,South West,borough
E01034173,Greenwich 005F,Greenwich,South East,Greenwich,South East,borough
E01034174,Greenwich 034F,Greenwich,South East,Greenwich,South East,borough
E01034175,Greenwich 034G,Greenwich,South East,Greenwich,South East,borough
E01034176,Greenwich 034H,Greenwich,South East,Greenwich,South East,borough
E01034177,Greenwich 034I,Greenwich,South East,Greenwich,South East,borough
E01034178,Greenwich 035E,Greenwich,South East,Greenwich,South East,borough
E01034179,Greenwich 035F,Greenwich,South East,Greenwich,South East,borough
E01034180,Greenwich 035G,Greenwich,South East,Greenwich,South East,borough
E01034181,Greenwich 035H,Greenwich,South East,Greenwich,South East,borough
E01034182,Greenwich 035I,Greenwich,South East,Greenwich,South East,borough
E01034183,Greenwich 037E,Greenwich,South East,Greenwich,South East,borough
E01034184,Greenwich 037F,Greenwich,South East,Greenwich,South East,borough
E01034185,Greenwich 037G,Greenwich,South East,Greenwich,South East,borough
E01034186,Greenwich 039C,Greenwich,South East,Greenwich,South East,borough
E01034187,Greenwich 039D,Greenwich,South East,Greenwich,South East,borough
E01034188,Greenwich 040A,Greenwich,South East,Greenwich,South East,borough
E01034189,Greenwich 040B,Greenwich,South East,Greenwich,South East,borough
E01034190,Greenwich 040C,Greenwich,South East,Greenwich,South East,borough
E01034191,Greenwich 040D,Greenwich,South East,Greenwich,South East,borough
E01034192,Greenwich 040E,Greenwich,South East,Greenwich,South East,borough
E01034193,Greenwich 041A,Greenwich,South East,Greenwich,South East,borough
E01034194,Greenwich 041B,Greenwich,South East,Greenwich,South East,borough
E01034195,Greenwich 041C,Greenwich,South East,Greenwich,South East,borough
E01034196,Greenwich 041D,Greenwich,South East,Greenwich,South East,borough
E01034198,Greenwich 042C,Greenwich,South East,Greenwich,South East,borough
E01034199,Newham 012E,Newham,North East,Newham,North East,borough
E01034200,Newham 012F,Newham,North East,Newham,North East,borough
E01034201,Newham 022E,Newham,North East,Newham,North East,borough
E01034202,Newham 022F,Newham,North East,Newham,North East,borough
E01034203,Newham 025E,Newham,North East,Newham,North East,borough
E01034204,Newham 025F,Newham,North East,Newham,North East,borough
E01034205,Newham 033E,Newham,North East,Newham,North East,borough
E01034206,Newham 033F,Newham,North East,Newham,North East,borough
E01034207,Newham 033G,Newham,North East,Newham,North East,borough
E01034208,Newham 034J,Newham,North East,Newham,North East,borough
E01034209,Newham 034K,Newham,North East,Newham,North East,borough
E01034210,Newham 034L,Newham,North East,Newham,North East,borough
E01034211,Newham 034M,Newham,North East,Newham,North East,borough
E01034212,Newham 034N,Newham,North East,Newham,North East,borough
E01034213,Newham 038A,Newham,North East,Newham,North East,borough
E01034214,Newham 038B,Newham,North East,Newham,North East,borough
E01034215,Newham 038C,Newham,North East,Newham,North East,borough
E01034216,Newham 038D,Newham,North East,Newham,North East,borough
E01034217,Newham 038E,Newham,North East,Newham,North East,borough
E01034218,Newham 039B,Newham,North East,Newham,North East,borough
E01034219,Newham 039C,Newham,North East,Newham,North East,borough
E01034220,Newham 039D,Newham,North East,Newham,North East,borough
E01034221,Newham 039E,Newham,North East,Newham,North East,borough
E01034222,Newham 040A,Newham,North East,Newham,North East,borough
E01034223,Newham 040B,Newham,North East,Newham,North East,borough
E01034224,Newham 041D,Newham,North East,Newham,North East,borough
E01034225,Newham 042B,Newham,North East,Newham,North East,borough
E01034226,Newham 042C,Newham,North East,Newham,North East,borough
E01034227,Newham 042D,Newham,North East,Newham,North East,borough
E01034228,Newham 042E,Newham,North East,Newham,North East,borough
E01034229,Newham 042F,Newham,North East,Newham,North East,borough
E01034230,Newham 042G,Newham,North East,Newham,North East,borough
E01034231,Newham 042H,Newham,North East,Newham,North East,borough
E01034383,Bromley 005F,Bromley,South East,Bromley,South East,borough
E01034384,Bromley 005G,Bromley,South East,Bromley,South East,borough
E01034385,Bromley 018F,Bromley,South East,Bromley,South East,borough
E01034386,Bromley 018G,Bromley,South East,Bromley,South East,borough
E01034387,Lewisham 001F,Lewisham,South East,Deptford,South East,voronoi-within-borough
E01034388,Lewisham 001G,Lewisham,South East,Deptford,South East,voronoi-within-borough
E01034389,Lewisham 001H,Lewisham,South East,Deptford,South East,voronoi-within-borough
E01034390,Lewisham 020F,Lewisham,South East,Bromley,South East,voronoi-within-borough
E01034391,Lewisham 020G,Lewisham,South East,Bromley,South East,voronoi-within-borough
E01034392,Lewisham 040A,Lewisham,South East,Greenwich,South East,override
E01034393,Lewisham 040B,Lewisham,South East,Greenwich,South East,override
E01034394,Lewisham 040C,Lewisham,South East,Greenwich,South East,override
E01034395,Lewisham 040D,Lewisham,South East,Greenwich,South East,override
E01034469,Barking and Dagenham 004F,Barking and Dagenham,North East,Romford,North East,borough
E01034470,Barking and Dagenham 004G,Barking and Dagenham,North East,Romford,North East,borough
E01034471,Barking and Dagenham 008G,Barking and Dagenham,North East,Romford,North East,borough
E01034472,Barking and Dagenham 008H,Barking and Dagenham,North East,Romford,North East,borough
E01034473,Barking and Dagenham 015E,Barking and Dagenham,North East,Romford,North East,borough
E01034474,Barking and Dagenham 015F,Barking and Dagenham,North East,Romford,North East,borough
E01034475,Barking and Dagenham 019F,Barking and Dagenham,North East,Romford,North East,borough
E01034476,Barking and Dagenham 019G,Barking and Dagenham,North East,Romford,North East,borough
E01034477,Barking and Dagenham 019H,Barking and Dagenham,North East,Romford,North East,borough
E01034478,Barking and Dagenham 019I,Barking and Dagenham,North East,Romford,North East,borough
E01034479,Barking and Dagenham 021G,Barking and Dagenham,North East,Romford,North East,borough
E01034480,Redbridge 023E,Redbridge,North East,Ilford,North East,borough
E01034481,Redbridge 023F,Redbridge,North East,Ilford,North East,borough
E01034482,Redbridge 032F,Redbridge,North East,Ilford,North East,borough
E01034483,Redbridge 032G,Redbridge,North East,Ilford,North East,borough
E01034484,Redbridge 032H,Redbridge,North East,Ilford,North East,borough
E01034485,Waltham Forest 014F,Waltham Forest,North East,Whipps Cross,North East,borough
E01034486,Waltham Forest 014G,Waltham Forest,North East,Whipps Cross,North East,borough
E01034487,Waltham Forest 020H,Waltham Forest,North East,Whipps Cross,North East,borough
E01034488,Waltham Forest 020I,Waltham Forest,North East,Whipps Cross,North East,borough
E01034576,Kingston upon Thames 004H,Kingston upon Thames,South West,New Malden,South West,borough
E01034577,Kingston upon Thames 004I,Kingston upon Thames,South West,New Malden,South West,borough
E01034578,Merton 001F,Merton,South West,Wimbledon,South West,borough
E01034579,Merton 001G,Merton,South West,Wimbledon,South West,borough
E01034580,Merton 005F,Merton,South West,Wimbledon,South West,borough
E01034581,Merton 005G,Merton,South West,Wimbledon,South West,borough
E01034589,Harrow 002F,Harrow,North West,Brent,North West,borough
E01034590,Harrow 002G,Harrow,North West,Brent,North West,borough
E01034591,Harrow 013F,Harrow,North West,Brent,North West,borough
E01034592,Harrow 013G,Harrow,North West,Brent,North West,borough
E01034593,Harrow 015E,Harrow,North West,Brent,North West,borough
E01034594,Harrow 015F,Harrow,North West,Brent,North West,borough
E01034595,Harrow 023E,Harrow,North West,Brent,North West,borough
E01034596,Harrow 023F,Harrow,North West,Brent,North West,borough
E01034597,Harrow 023G,Harrow,North West,Brent,North West,borough
E01034598,Harrow 023H,Harrow,North West,Brent,North West,borough
E01034599,Harrow 027E,Harrow,North West,Brent,North West,borough
E01034600,Harrow 027F,Harrow,North West,Brent,North West,borough
E01034601,Hillingdon 015G,Hillingdon,North West,Hillingdon,North West,borough
E01034602,Hillingdon 015H,Hillingdon,North West,Hillingdon,North West,borough
E01034603,Hillingdon 015I,Hillingdon,North West,Hillingdon,North West,borough
E01034604,Hillingdon 015J,Hillingdon,North West,Hillingdon,North West,borough
E01034605,Hillingdon 015K,Hillingdon,North West,Hillingdon,North West,borough
E01034606,Hillingdon 016G,Hillingdon,North West,Hillingdon,North West,borough
E01034607,Hillingdon 016H,Hillingdon,North West,Hillingdon,North West,borough
E01034608,Hillingdon 022G,Hillingdon,North West,Hillingdon,North West,borough
E01034609,Hillingdon 022H,Hillingdon,North West,Hillingdon,North West,borough
E01034610,Hillingdon 027G,Hillingdon,North West,Hillingdon,North West,borough
E01034611,Hillingdon 027H,Hillingdon,North West,Hillingdon,North West,borough
E01034612,Hillingdon 027I,Hillingdon,North West,Hillingdon,North West,borough
E01034613,Hillingdon 027J,Hillingdon,North West,Hillingdon,North West,borough
E01034614,Hillingdon 028F,Hillingdon,North West,Hillingdon,North West,borough
E01034615,Hillingdon 028G,Hillingdon,North West,Hillingdon,North West,borough
E01034616,Hillingdon 030F,Hillingdon,North West,Hillingdon,North West,borough
E01034617,Hillingdon 030G,Hillingdon,North West,Hillingdon,North West,borough
E01035484,Hammersmith and Fulham 001F,Hammersmith and Fulham,North West,Fulham,North West,borough
E01035485,Hammersmith and Fulham 001G,Hammersmith and Fulham,North West,Fulham,North West,borough
E01035486,Hammersmith and Fulham 023G,Hammersmith and Fulham,North West,Fulham,North West,borough
E01035487,Hammersmith and Fulham 023H,Hammersmith and Fulham,North West,Fulham,North West,borough
E01035488,Wandsworth 004H,Wandsworth,South West,Wimbledon,South West,borough
E01035489,Wandsworth 004I,Wandsworth,South West,Wimbledon,South West,borough
E01035490,Wandsworth 010H,Wandsworth,South West,Wimbledon,South West,borough
E01035491,Wandsworth 010I,Wandsworth,South West,Wimbledon,South West,borough
E01035492,Wandsworth 010J,Wandsworth,South West,Wimbledon,South West,borough
E01035493,Wandsworth 010K,Wandsworth,South West,Wimbledon,South West,borough
E01035494,Wandsworth 018E,Wandsworth,South West,Wimbledon,South West,borough
E01035495,Wandsworth 018F,Wandsworth,South West,Wimbledon,South West,borough
E01035496,Wandsworth 038A,Wandsworth,South West,Wimbledon,South West,borough
E01035497,Wandsworth 038B,Wandsworth,South West,Wimbledon,South West,borough
E01035498,Wandsworth 038E,Wandsworth,South West,Wimbledon,South West,borough
E01035499,Wandsworth 039C,Wandsworth,South West,Wimbledon,South West,borough
E01035638,Hackney 002G,Hackney,North East,Homerton,North East,borough
E01035639,Hackney 002H,Hackney,North East,Homerton,North East,borough
E01035640,Hackney 020F,Hackney,North East,Homerton,North East,borough
E01035641,Hackney 020G,Hackney,North East,Homerton,North East,borough
E01035642,Hackney 025G,Hackney,North East,Homerton,North East,borough
E01035643,Hackney 025H,Hackney,North East,Homerton,North East,borough
E01035644,Hackney 025I,Hackney,North East,Homerton,North East,borough
E01035645,Hackney 025J,Hackney,North East,Homerton,North East,borough
E01035646,Hackney 026E,Hackney,North East,Homerton,North East,borough
E01035647,Hackney 026F,Hackney,North East,Homerton,North East,borough
E01035648,Hackney 026G,Hackney,North East,Homerton,North East,borough
E01035649,Hackney 026H,Hackney,North East,Homerton,North East,borough
E01035650,Hackney 031C,Hackney,North East,Homerton,North East,borough
E01035651,Islington 007E,Islington,North Central,Camden,North Central,borough
E01035652,Islington 007F,Islington,North Central,Camden,North Central,borough
E01035653,Islington 011J,Islington,North Central,Camden,North Central,borough
E01035654,Islington 011K,Islington,North Central,Camden,North Central,borough
E01035655,Islington 020F,Islington,North Central,Camden,North Central,borough
E01035656,Islington 020G,Islington,North Central,Camden,North Central,borough
E01035657,Tower Hamlets 001E,Tower Hamlets,North East,Homerton,North East,borough
E01035658,Tower Hamlets 001F,Tower Hamlets,North East,Homerton,North East,borough
E01035659,Tower Hamlets 001G,Tower Hamlets,North East,Homerton,North East,borough
E01035660,Tower Hamlets 002E,Tower Hamlets,North East,Homerton,North East,borough
E01035661,Tower Hamlets 002F,Tower Hamlets,North East,Homerton,North East,borough
E01035662,Tower Hamlets 004H,Tower Hamlets,North East,Homerton,North East,borough
E01035663,Tower Hamlets 004I,Tower Hamlets,North East,Homerton,North East,borough
E01035664,Tower Hamlets 006E,Tower Hamlets,North East,Homerton,North East,borough
E01035665,Tower Hamlets 008F,Tower Hamlets,North East,Homerton,North East,borough
E01035666,Tower Hamlets 008G,Tower Hamlets,North East,Homerton,North East,borough
E01035667,Tower Hamlets 008H,Tower Hamlets,North East,Homerton,North East,borough
E01035668,Tower Hamlets 009E,Tower Hamlets,North East,Homerton,North East,borough
E01035669,Tower Hamlets 009F,Tower Hamlets,North East,Homerton,North East,borough
E01035670,Tower Hamlets 010G,Tower Hamlets,North East,Homerton,North East,borough
E01035671,Tower Hamlets 012F,Tower Hamlets,North East,Homerton,North East,borough
E01035672,Tower Hamlets 012G,Tower Hamlets,North East,Homerton,North East,borough
E01035673,Tower Hamlets 012H,Tower Hamlets,North East,Homerton,North East,borough
E01035674,Tower Hamlets 014F,Tower Hamlets,North East,Homerton,North East,borough
E01035675,Tower Hamlets 014G,Tower Hamlets,North East,Homerton,North East,borough
E01035676,Tower Hamlets 014H,Tower Hamlets,North East,Homerton,North East,borough
E01035677,Tower Hamlets 014I,Tower Hamlets,North East,Homerton,North East,borough
E01035678,Tower Hamlets 018E,Tower Hamlets,North East,Homerton,North East,borough
E01035679,Tower Hamlets 018F,Tower Hamlets,North East,Homerton,North East,borough
E01035680,Tower Hamlets 019E,Tower Hamlets,North East,Homerton,North East,borough
E01035681,Tower Hamlets 019F,Tower Hamlets,North East,Homerton,North East,borough
E01035682,Tower Hamlets 019G,Tower Hamlets,North East,Homerton,North East,borough
E01035683,Tower Hamlets 019H,Tower Hamlets,North East,Homerton,North East,borough
E01035684,Tower Hamlets 020E,Tower Hamlets,North East,Homerton,North East,borough
E01035685,Tower Hamlets 020F,Tower Hamlets,North East,Homerton,North East,borough
E01035686,Tower Hamlets 021G,Tower Hamlets,North East,Homerton,North East,borough
E01035687,Tower Hamlets 021H,Tower Hamlets,North East,Homerton,North East,borough
E01035688,Tower Hamlets 021I,Tower Hamlets,North East,Homerton,North East,borough
E01035689,Tower Hamlets 021J,Tower Hamlets,North East,Homerton,North East,borough
E01035690,Tower Hamlets 023E,Tower Hamlets,North East,Homerton,North East,borough
E01035691,Tower Hamlets 023F,Tower Hamlets,North East,Homerton,North East,borough
E01035692,Tower Hamlets 024E,Tower Hamlets,North East,Homerton,North East,borough
E01035693,Tower Hamlets 024F,Tower Hamlets,North East,Homerton,North East,borough
E01035694,Tower Hamlets 024G,Tower Hamlets,North East,Homerton,North East,borough
E01035695,Tower Hamlets 024H,Tower Hamlets,North East,Homerton,North East,borough
E01035696,Tower Hamlets 026E,Tower Hamlets,North East,Homerton,North East,borough
E01035697,Tower Hamlets 026F,Tower Hamlets,North East,Homerton,North East,borough
E01035698,Tower Hamlets 032F,Tower Hamlets,North East,Homerton,North East,borough
E01035699,Tower Hamlets 032G,Tower Hamlets,North East,Homerton,North East,borough
E01035700,Tower Hamlets 034A,Tower Hamlets,North East,Homerton,North East,borough
E01035701,Tower Hamlets 034B,Tower Hamlets,North East,Homerton,North East,borough
E01035702,Tower Hamlets 034C,Tower Hamlets,North East,Homerton,North East,borough
E01035703,Tower Hamlets 036B,Tower Hamlets,North East,Homerton,North East,borough
E01035704,Tower Hamlets 036C,Tower Hamlets,North East,Homerton,North East,borough
E01035705,Tower Hamlets 036D,Tower Hamlets,North East,Homerton,North East,borough
E01035706,Tower Hamlets 036E,Tower Hamlets,North East,Homerton,North East,borough
E01035707,Camden 015F,Camden,North Central,Camden,North Central,borough
E01035708,Camden 022F,Camden,North Central,Camden,North Central,borough
E01035709,Camden 022G,Camden,North Central,Camden,North Central,borough
E01035710,Camden 023F,Camden,North Central,Camden,North Central,borough
E01035711,Camden 026E,Camden,North Central,Camden,North Central,borough
E01035712,Camden 029E,Camden,North Central,Camden,North Central,borough
E01035713,Kensington and Chelsea 016F,Kensington and Chelsea,North West,Fulham,North West,borough
E01035714,Kensington and Chelsea 020F,Kensington and Chelsea,North West,Fulham,North West,borough
E01035715,Westminster 007H,Westminster,North West,Westminster,North West,borough
E01035716,Westminster 013G,Westminster,North West,Westminster,North West,borough
E01035717,Westminster 014H,Westminster,North West,Westminster,North West,borough
E01035718,Westminster 019G,Westminster,North West,Westminster,North West,borough
E01035719,Westminster 021F,Westminster,North West,Westminster,North West,borough
E01035720,Westminster 021G,Westminster,North West,Westminster,North West,borough
E01035721,Westminster 023H,Westminster,North West,Westminster,North West,borough
E01035722,Westminster 024G,Westminster,North West,Westminster,North West,borough
