LSOA21CD,population,LSOA21NM,demand
E01021431,1617,Brentwood 004A,188
E01021432,1927,Brentwood 004B,224
E01021433,2324,Brentwood 007A,270
E01021434,1675,Brentwood 004C,195
E01021435,1870,Brentwood 008A,217
E01021437,1824,Brentwood 008B,212
E01021438,2373,Brentwood 006A,276
E01021441,1516,Brentwood 001A,176
E01021442,1287,Brentwood 001B,150
E01021443,1653,Brentwood 001C,192
E01021444,1716,Brentwood 001D,199
E01021445,2228,Brentwood 009A,259
E01021446,1682,Brentwood 009B,195
E01021447,2594,Brentwood 005A,301
E01021448,1523,Brentwood 003A,177
E01021449,1708,Brentwood 003B,198
E01021450,1919,Brentwood 003C,223
E01021451,1596,Brentwood 003D,185
E01021452,1475,Brentwood 003E,171
E01021453,1298,Brentwood 005B,151
E01021454,1134,Brentwood 009C,132
E01021455,1393,Brentwood 005C,162
E01021456,1162,Brentwood 009D,135
E01021457,1572,Brentwood 002A,183
E01021458,1759,Brentwood 002B,204
E01021459,1295,Brentwood 002C,150
E01021460,2012,Brentwood 002D,234
E01021461,1522,Brentwood 004D,177
E01021462,1499,Brentwood 006B,174
E01021463,1673,Brentwood 006C,194
E01021464,1701,Brentwood 004E,198
E01021465,1948,Brentwood 005D,226
E01021466,1758,Brentwood 005E,204
E01021467,1863,Brentwood 005F,216
E01021468,2089,Brentwood 006D,243
E01021469,1169,Brentwood 001E,136
E01021470,1047,Brentwood 001F,122
E01021471,1628,Brentwood 001G,189
E01021472,1870,Brentwood 008C,217
E01021473,1889,Brentwood 008D,220
E01021474,1539,Brentwood 008E,179
E01021475,1562,Brentwood 007E,182
E01033063,1351,Brentwood 007F,157
E01033064,1411,Brentwood 007G,164
E01034358,1413,Brentwood 007H,164
E01034359,1575,Brentwood 007I,183
E01034360,1466,Brentwood 007J,170
E01034361,1221,Brentwood 007K,142
E01000001,2172,City of London 001A,901
E01000002,2044,City of London 001B,848
E01000003,2444,City of London 001C,1013
E01000005,2391,City of London 001E,992
E01032739,3679,City of London 001F,1526
E01032740,2381,City of London 001G,987
E01000006,1930,Barking and Dagenham 016A,225
E01000007,3080,Barking and Dagenham 015A,359
E01000008,1805,Barking and Dagenham 015B,210
E01000009,1880,Barking and Dagenham 016B,219
E01000011,1738,Barking and Dagenham 016C,203
E01000012,2474,Barking and Dagenham 015D,288
E01000013,1973,Barking and Dagenham 013A,230
E01000014,1789,Barking and Dagenham 013B,209
E01000015,2501,Barking and Dagenham 009A,292
E01000016,1900,Barking and Dagenham 009B,221
E01000017,1781,Barking and Dagenham 009C,208
E01000018,1807,Barking and Dagenham 009D,211
E01000019,1722,Barking and Dagenham 023A,201
E01000020,2225,Barking and Dagenham 023B,259
E01000021,1778,Barking and Dagenham 008A,207
E01000022,1508,Barking and Dagenham 008B,176
E01000024,1531,Barking and Dagenham 008D,178
E01000025,1967,Barking and Dagenham 008E,229
E01000027,2188,Barking and Dagenham 001A,255
E01000028,1837,Barking and Dagenham 001B,214
E01000029,2079,Barking and Dagenham 001C,242
E01000030,2716,Barking and Dagenham 001D,317
E01000031,1985,Barking and Dagenham 002A,231
E01000032,2181,Barking and Dagenham 002B,254
E01000033,1568,Barking and Dagenham 006A,183
E01000034,1641,Barking and Dagenham 003A,191
E01000035,1925,Barking and Dagenham 010A,224
E01000036,1513,Barking and Dagenham 010B,176
E01000037,1778,Barking and Dagenham 003B,207
E01000038,1676,Barking and Dagenham 003C,195
E01000039,1961,Barking and Dagenham 003D,229
E01000040,1929,Barking and Dagenham 019A,225
E01000041,1888,Barking and Dagenham 017A,220
E01000042,2069,Barking and Dagenham 017B,241
E01000043,1623,Barking and Dagenham 019B,189
E01000044,2008,Barking and Dagenham 016D,234
E01000045,1798,Barking and Dagenham 017C,210
E01000046,2006,Barking and Dagenham 017D,234
E01000049,1284,Barking and Dagenham 021C,150
E01000050,1959,Barking and Dagenham 019C,228
E01000051,1894,Barking and Dagenham 021D,221
E01000052,2564,Barking and Dagenham 019D,299
E01000053,1667,Barking and Dagenham 020A,194
E01000054,1815,Barking and Dagenham 018A,212
E01000055,1662,Barking and Dagenham 018B,194
E01000056,1746,Barking and Dagenham 018C,204
E01000057,1638,Barking and Dagenham 012A,191
E01000058,2203,Barking and Dagenham 018D,257
E01000059,1775,Barking and Dagenham 013C,207
E01000060,2348,Barking and Dagenham 006B,274
E01000061,2070,Barking and Dagenham 006C,241
E01000062,2364,Barking and Dagenham 006D,276
E01000063,1838,Barking and Dagenham 004A,214
E01000064,2367,Barking and Dagenham 006E,276
E01000065,2051,Barking and Dagenham 007A,239
E01000066,2681,Barking and Dagenham 011A,313
E01000067,2334,Barking and Dagenham 011B,272
E01000068,1862,Barking and Dagenham 016E,217
E01000069,2313,Barking and Dagenham 011C,270
E01000070,2174,Barking and Dagenham 011D,253
E01000071,2786,Barking and Dagenham 011E,325
E01000072,2250,Barking and Dagenham 017E,262
E01000073,1862,Barking and Dagenham 012B,217
E01000074,1742,Barking and Dagenham 012C,203
E01000075,2165,Barking and Dagenham 012D,252
E01000076,2263,Barking and Dagenham 012E,264
E01000077,1747,Barking and Dagenham 008F,204
E01000078,1990,Barking and Dagenham 007B,232
E01000079,1771,Barking and Dagenham 009E,206
E01000080,1847,Barking and Dagenham 007C,215
E01000081,2109,Barking and Dagenham 007D,246
E01000082,1966,Barking and Dagenham 007E,229
E01000083,2070,Barking and Dagenham 007F,241
E01000084,1451,Barking and Dagenham 013D,169
E01000085,1706,Barking and Dagenham 013E,199
E01000086,1463,Barking and Dagenham 013F,171
E01000087,1771,Barking and Dagenham 020B,206
E01000088,2034,Barking and Dagenham 020C,237
E01000089,1857,Barking and Dagenham 020D,216
E01000090,2087,Barking and Dagenham 020E,243
E01000091,2159,Barking and Dagenham 022A,252
E01000093,1856,Barking and Dagenham 022B,216
E01000094,3038,Barking and Dagenham 022C,354
E01000095,3320,Barking and Dagenham 018E,387
E01000096,1601,Barking and Dagenham 022D,187
E01000097,2034,Barking and Dagenham 023C,237
E01000098,1964,Barking and Dagenham 023D,229
E01000099,2958,Barking and Dagenham 023E,345
E01000100,1958,Barking and Dagenham 004B,228
E01000101,1749,Barking and Dagenham 004C,204
E01000102,1903,Barking and Dagenham 007G,222
E01000103,1878,Barking and Dagenham 014A,219
E01000104,1966,Barking and Dagenham 014B,229
E01000105,2407,Barking and Dagenham 014C,281
E01000106,2508,Barking and Dagenham 014D,292
E01000107,1860,Barking and Dagenham 010C,217
E01000108,2020,Barking and Dagenham 010D,235
E01000110,1790,Barking and Dagenham 002C,209
E01000111,2325,Barking and Dagenham 002D,271
E01000112,2190,Barking and Dagenham 002E,255
E01000113,2184,Barking and Dagenham 002F,255
E01000114,2552,Barking and Dagenham 004E,298
E01032580,1727,Barking and Dagenham 023F,201
E01033587,4148,Barking and Dagenham 021E,484
E01034469,1921,Barking and Dagenham 004F,224
E01034470,1612,Barking and Dagenham 004G,188
E01034471,2663,Barking and Dagenham 008G,310
E01034472,2017,Barking and Dagenham 008H,235
E01034473,1573,Barking and Dagenham 015E,183
E01034474,2374,Barking and Dagenham 015F,277
E01034475,1943,Barking and Dagenham 019F,227
E01034476,1861,Barking and Dagenham 019G,217
E01034477,1621,Barking and Dagenham 019H,189
E01034478,1524,Barking and Dagenham 019I,178
E01034479,2239,Barking and Dagenham 021G,261
E01000115,1381,Barnet 009A,141
E01000116,1757,Barnet 009B,180
E01000117,1802,Barnet 010A,184
E01000118,2091,Barnet 010B,214
E01000119,1828,Barnet 009C,187
E01000120,1468,Barnet 009D,150
E01000121,1429,Barnet 010C,146
E01000122,1559,Barnet 009E,159
E01000123,1820,Barnet 010D,186
E01000124,1918,Barnet 010E,196
E01000126,2244,Barnet 026A,229
E01000127,1643,Barnet 024B,168
E01000128,2131,Barnet 024C,218
E01000129,1780,Barnet 024D,182
E01000130,1959,Barnet 021A,200
E01000131,1957,Barnet 024E,200
E01000132,1643,Barnet 021B,168
E01000133,1683,Barnet 021C,172
E01000134,1855,Barnet 024F,190
E01000135,1745,Barnet 038A,178
E01000136,1512,Barnet 038B,155
E01000137,1748,Barnet 041A,179
E01000138,1690,Barnet 040A,173
E01000139,1448,Barnet 041B,148
E01000140,2215,Barnet 041C,226
E01000141,1945,Barnet 039A,199
E01000142,2164,Barnet 040B,221
E01000143,1870,Barnet 041D,191
E01000144,1760,Barnet 038C,180
E01000145,1630,Barnet 037A,167
E01000146,1959,Barnet 038D,200
E01000147,1972,Barnet 043F,202
E01000150,2535,Barnet 036A,259
E01000151,1500,Barnet 026B,153
E01000152,2921,Barnet 026C,299
E01000153,1769,Barnet 026D,181
E01000154,1823,Barnet 026E,186
E01000156,1988,Barnet 022A,203
E01000157,1552,Barnet 022B,159
E01000158,1521,Barnet 015A,155
E01000159,1764,Barnet 015B,180
E01000160,1999,Barnet 015C,204
E01000161,2047,Barnet 015D,209
E01000162,1720,Barnet 015E,176
E01000163,1763,Barnet 022C,180
E01000164,1724,Barnet 022D,176
E01000165,1731,Barnet 022E,177
E01000166,1639,Barnet 003A,168
E01000167,1371,Barnet 002A,140
E01000168,1467,Barnet 003B,150
E01000169,1612,Barnet 003C,165
E01000170,2015,Barnet 006A,206
E01000171,2424,Barnet 006B,248
E01000172,1630,Barnet 003D,167
E01000173,1595,Barnet 006C,163
E01000174,1766,Barnet 006D,180
E01000175,2083,Barnet 006E,213
E01000176,1682,Barnet 027A,172
E01000177,1649,Barnet 029A,169
E01000178,1663,Barnet 027B,170
E01000179,1834,Barnet 029B,187
E01000180,1701,Barnet 029C,174
E01000181,1703,Barnet 029D,174
E01000182,1661,Barnet 029E,170
E01000183,1544,Barnet 033A,158
E01000184,1864,Barnet 027C,191
E01000185,1549,Barnet 029F,158
E01000186,1826,Barnet 014A,187
E01000187,1836,Barnet 014B,188
E01000188,1828,Barnet 014C,187
E01000189,2541,Barnet 014D,260
E01000190,1795,Barnet 014E,183
E01000191,1550,Barnet 014F,158
E01000192,2071,Barnet 018A,212
E01000193,2041,Barnet 018B,209
E01000194,2061,Barnet 018C,211
E01000195,2083,Barnet 013A,213
E01000196,2218,Barnet 028A,227
E01000197,1836,Barnet 023A,188
E01000198,2208,Barnet 025A,226
E01000199,1647,Barnet 025B,168
E01000200,2012,Barnet 028B,206
E01000201,1512,Barnet 028C,155
E01000202,1685,Barnet 028D,172
E01000203,2156,Barnet 028E,220
E01000204,1696,Barnet 025C,173
E01000205,1505,Barnet 035A,154
E01000206,1627,Barnet 033B,166
E01000207,1631,Barnet 033C,167
E01000208,1660,Barnet 033D,170
E01000209,1504,Barnet 035B,154
E01000210,1519,Barnet 033E,155
E01000211,2242,Barnet 035C,229
E01000212,1377,Barnet 035D,141
E01000213,1344,Barnet 033F,137
E01000214,1698,Barnet 038E,174
E01000215,2326,Barnet 037B,238
E01000216,2078,Barnet 035E,212
E01000217,1911,Barnet 035F,195
E01000218,1851,Barnet 037C,189
E01000219,2304,Barnet 037D,235
E01000220,1943,Barnet 037E,199
E01000221,1486,Barnet 039B,152
E01000222,2084,Barnet 040C,213
E01000223,2211,Barnet 039C,226
E01000224,1746,Barnet 040D,178
E01000225,1940,Barnet 037F,198
E01000226,1800,Barnet 018D,184
E01000227,1904,Barnet 018E,195
E01000228,1403,Barnet 007A,143
E01000229,1686,Barnet 013B,172
E01000230,2058,Barnet 013C,210
E01000231,1792,Barnet 013D,183
E01000232,1874,Barnet 013E,192
E01000233,1958,Barnet 013F,200
E01000234,1808,Barnet 021D,185
E01000235,1786,Barnet 021E,183
E01000236,1982,Barnet 034A,203
E01000237,2261,Barnet 032A,231
E01000238,2138,Barnet 034B,219
E01000239,2192,Barnet 031A,224
E01000240,1908,Barnet 031B,195
E01000241,1908,Barnet 031C,195
E01000242,1633,Barnet 032B,167
E01000243,2232,Barnet 032C,228
E01000244,1776,Barnet 032D,182
E01000245,2171,Barnet 032E,222
E01000246,1563,Barnet 002B,160
E01000247,1666,Barnet 002C,170
E01000248,1716,Barnet 001A,175
E01000249,1599,Barnet 001B,163
E01000250,2842,Barnet 001C,290
E01000251,2313,Barnet 002D,236
E01000252,1689,Barnet 002E,173
E01000253,2095,Barnet 007B,214
E01000254,1607,Barnet 001D,164
E01000255,1939,Barnet 017A,198
E01000256,2010,Barnet 016A,205
E01000257,2875,Barnet 017B,294
E01000258,1872,Barnet 016B,191
E01000259,2543,Barnet 025D,260
E01000260,2202,Barnet 025E,225
E01000261,1824,Barnet 017C,186
E01000263,1511,Barnet 016C,154
E01000264,1914,Barnet 016D,196
E01000265,1987,Barnet 011A,203
E01000266,1484,Barnet 011B,152
E01000267,1549,Barnet 005A,158
E01000268,2276,Barnet 005B,233
E01000269,1354,Barnet 005C,138
E01000270,1576,Barnet 005D,161
E01000271,1607,Barnet 008A,164
E01000272,1465,Barnet 008B,150
E01000273,1719,Barnet 008C,176
E01000274,1987,Barnet 011C,203
E01000275,1696,Barnet 012A,173
E01000276,1466,Barnet 020A,150
E01000277,1756,Barnet 012B,179
E01000278,1484,Barnet 020B,152
E01000279,1364,Barnet 007C,139
E01000280,1333,Barnet 007D,136
E01000281,2371,Barnet 008D,242
E01000282,1826,Barnet 008E,187
E01000283,1391,Barnet 012C,142
E01000284,1973,Barnet 012D,202
E01000285,1517,Barnet 004A,155
E01000286,1762,Barnet 007E,180
E01000287,1658,Barnet 004B,169
E01000288,1555,Barnet 004C,159
E01000289,1708,Barnet 004D,175
E01000290,1588,Barnet 007F,162
E01000291,1478,Barnet 004E,151
E01000292,1578,Barnet 001E,161
E01000293,1821,Barnet 001F,186
E01000294,1800,Barnet 004F,184
E01000295,1640,Barnet 023B,168
E01000296,1861,Barnet 023C,190
E01000297,1450,Barnet 027D,148
E01000298,1869,Barnet 023D,191
E01000299,2271,Barnet 019A,232
E01000300,1607,Barnet 019B,164
E01000301,1545,Barnet 020C,158
E01000302,1771,Barnet 019C,181
E01000303,1490,Barnet 020D,152
E01000304,1544,Barnet 020E,158
E01000305,2025,Barnet 036B,207
E01000306,2091,Barnet 036C,214
E01000307,1722,Barnet 039D,176
E01000308,2149,Barnet 036D,220
E01000309,2148,Barnet 031D,220
E01000310,2307,Barnet 034C,236
E01000311,1850,Barnet 034D,189
E01000312,1839,Barnet 036E,188
E01000313,1998,Barnet 036F,204
E01000314,2303,Barnet 032F,235
E01000315,1759,Barnet 022F,180
E01000316,2468,Barnet 027E,252
E01000317,1656,Barnet 019D,169
E01000318,1833,Barnet 019E,187
E01000319,1336,Barnet 027F,137
E01000320,2020,Barnet 011D,206
E01000321,1994,Barnet 012E,204
E01000322,1885,Barnet 011E,193
E01000323,2537,Barnet 019F,259
E01000324,1878,Barnet 015F,192
E01033911,2041,Barnet 017E,209
E01033912,2018,Barnet 017F,206
E01033913,1596,Barnet 024G,163
E01033914,1840,Barnet 024H,188
E01033915,2060,Barnet 042A,211
E01033916,3191,Barnet 042B,326
E01033917,1617,Barnet 042C,165
E01033918,2244,Barnet 042D,229
E01033919,1599,Barnet 042E,163
E01033920,2079,Barnet 042F,212
E01033921,1616,Barnet 043A,165
E01033922,1944,Barnet 043B,199
E01033923,1700,Barnet 043C,174
E01033924,1596,Barnet 043D,163
E01033925,1880,Barnet 043E,192
E01000325,1683,Bexley 014A,180
E01000326,1425,Bexley 014B,152
E01000327,1622,Bexley 017A,173
E01000328,1652,Bexley 017B,176
E01000329,1805,Bexley 017C,193
E01000330,1726,Bexley 017D,184
E01000331,1752,Bexley 017E,187
E01000332,1621,Bexley 005A,173
E01000333,2029,Bexley 003A,217
E01000334,1794,Bexley 006A,192
E01000335,2946,Bexley 003B,315
E01000336,2135,Bexley 003C,228
E01000337,1884,Bexley 003D,201
E01000338,1930,Bexley 003E,206
E01000339,1642,Bexley 025A,175
E01000340,1590,Bexley 018A,170
E01000341,1509,Bexley 022A,161
E01000342,1549,Bexley 022B,165
E01000343,1510,Bexley 022C,161
E01000344,1617,Bexley 025B,173
E01000345,1315,Bexley 022D,140
E01000346,1546,Bexley 021A,165
E01000347,1523,Bexley 021B,163
E01000348,1467,Bexley 020A,157
E01000349,1741,Bexley 020B,186
E01000350,1445,Bexley 021C,154
E01000351,1554,Bexley 024A,166
E01000352,1684,Bexley 021D,180
E01000353,1658,Bexley 011A,177
E01000354,1523,Bexley 011B,163
E01000355,1465,Bexley 011C,156
E01000356,1583,Bexley 009A,169
E01000357,1375,Bexley 009B,147
E01000358,1734,Bexley 011D,185
E01000359,1330,Bexley 009C,142
E01000360,2098,Bexley 015A,224
E01000361,1660,Bexley 020C,177
E01000362,2555,Bexley 015B,273
E01000363,1625,Bexley 020D,174
E01000364,1693,Bexley 023A,181
E01000365,1837,Bexley 015C,196
E01000366,1687,Bexley 015D,180
E01000367,2428,Bexley 010A,259
E01000368,1706,Bexley 010B,182
E01000369,1754,Bexley 014C,187
E01000370,1634,Bexley 014D,174
E01000371,1682,Bexley 014E,180
E01000372,1732,Bexley 010C,185
E01000373,1448,Bexley 008A,155
E01000374,1575,Bexley 019A,168
E01000375,2279,Bexley 019B,243
E01000376,1689,Bexley 019C,180
E01000377,1532,Bexley 019D,164
E01000379,1776,Bexley 019F,190
E01000380,1717,Bexley 010D,183
E01000381,1652,Bexley 028A,176
E01000382,1592,Bexley 027A,170
E01000383,1669,Bexley 028B,178
E01000384,1751,Bexley 027B,187
E01000385,2136,Bexley 028C,228
E01000386,1608,Bexley 028D,172
E01000387,1506,Bexley 027C,161
E01000388,1569,Bexley 016A,168
E01000389,1737,Bexley 020E,185
E01000390,1418,Bexley 020F,151
E01000391,1809,Bexley 021E,193
E01000392,2106,Bexley 016B,225
E01000393,1771,Bexley 020G,189
E01000394,1677,Bexley 015E,179
E01000395,1547,Bexley 018B,165
E01000396,1447,Bexley 018C,155
E01000398,1669,Bexley 029A,178
E01000399,1684,Bexley 029B,180
E01000400,1638,Bexley 029C,175
E01000401,1944,Bexley 013A,208
E01000402,1669,Bexley 005B,178
E01000403,2535,Bexley 004A,271
E01000404,2599,Bexley 004B,278
E01000405,1697,Bexley 004C,181
E01000406,2403,Bexley 005C,257
E01000407,2173,Bexley 005D,232
E01000408,1837,Bexley 004D,196
E01000409,1847,Bexley 016C,197
E01000410,1717,Bexley 018D,183
E01000411,1563,Bexley 016D,167
E01000412,1761,Bexley 018E,188
E01000413,1347,Bexley 018F,144
E01000414,2006,Bexley 016E,214
E01000415,1425,Bexley 016F,152
E01000416,1463,Bexley 002A,156
E01000417,1737,Bexley 006B,185
E01000418,2001,Bexley 002B,214
E01000419,1487,Bexley 006C,159
E01000420,1561,Bexley 006D,167
E01000421,1551,Bexley 009D,166
E01000422,977,Bexley 002C,104
E01000423,1702,Bexley 025C,182
E01000424,1664,Bexley 026A,178
E01000425,1787,Bexley 025D,191
E01000426,1634,Bexley 026B,174
E01000427,2066,Bexley 026C,221
E01000428,1945,Bexley 027D,208
E01000429,1850,Bexley 008B,198
E01000430,2120,Bexley 008C,226
E01000431,1620,Bexley 008D,173
E01000433,2055,Bexley 008F,219
E01000434,1673,Bexley 008G,179
E01000435,1551,Bexley 010E,166
E01000436,1699,Bexley 011E,181
E01000437,1397,Bexley 007A,149
E01000438,1759,Bexley 007B,188
E01000439,1578,Bexley 007C,169
E01000440,1369,Bexley 007D,146
E01000441,1855,Bexley 007E,198
E01000442,1754,Bexley 006E,187
E01000443,1276,Bexley 024B,136
E01000444,1601,Bexley 023B,171
E01000445,1700,Bexley 024C,182
E01000446,1495,Bexley 024D,160
E01000447,1996,Bexley 023C,213
E01000448,1318,Bexley 023D,141
E01000449,1606,Bexley 023E,172
E01000450,1815,Bexley 009E,194
E01000451,1780,Bexley 009F,190
E01000452,1416,Bexley 009G,151
E01000453,1531,Bexley 013B,164
E01000454,1763,Bexley 013C,188
E01000455,1836,Bexley 013D,196
E01000456,1389,Bexley 013E,148
E01000457,2387,Bexley 026D,255
E01000458,1561,Bexley 027E,167
E01000459,1966,Bexley 027F,210
E01000460,1233,Bexley 022E,132
E01000461,1711,Bexley 024E,183
E01000462,2191,Bexley 026E,234
E01000463,1327,Bexley 025E,142
E01000464,1557,Bexley 002D,166
E01000465,1740,Bexley 002E,186
E01000466,1811,Bexley 001A,193
E01000467,1779,Bexley 001B,190
E01000468,2977,Bexley 001C,318
E01000469,1824,Bexley 001D,195
E01000470,2152,Bexley 002F,230
E01032566,2044,Bexley 029D,218
E01033789,2505,Bexley 008H,268
E01033790,1386,Bexley 008I,148
E01033791,1427,Bexley 019G,152
E01033792,1499,Bexley 019H,160
E01000471,1724,Brent 026A,189
E01000472,2810,Brent 029A,309
E01000473,2810,Brent 029B,309
E01000474,2378,Brent 026B,261
E01000475,2199,Brent 029C,241
E01000476,2259,Brent 026C,248
E01000477,2672,Brent 026D,293
E01000478,2632,Brent 029D,289
E01000479,1696,Brent 009A,186
E01000480,1719,Brent 006A,189
E01000481,1660,Brent 009B,182
E01000483,1802,Brent 009D,198
E01000484,1799,Brent 006B,198
E01000485,1566,Brent 006C,172
E01000486,1705,Brent 006D,187
E01000487,1928,Brent 006E,212
E01000488,1660,Brent 022A,182
E01000489,1688,Brent 030A,185
E01000490,1761,Brent 023A,193
E01000491,2109,Brent 030B,232
E01000492,1231,Brent 030C,135
E01000493,1480,Brent 030D,163
E01000494,1783,Brent 023B,196
E01000495,1652,Brent 023C,181
E01000497,2128,Brent 011A,234
E01000498,1694,Brent 010B,186
E01000499,2006,Brent 011B,220
E01000501,2071,Brent 011C,227
E01000502,1950,Brent 011D,214
E01000503,2083,Brent 011E,229
E01000504,1770,Brent 018A,194
E01000505,1681,Brent 018B,185
E01000506,1717,Brent 014A,189
E01000507,1542,Brent 018C,169
E01000508,2598,Brent 025A,285
E01000509,1472,Brent 014B,162
E01000510,1691,Brent 014C,186
E01000511,1997,Brent 014D,219
E01000512,1731,Brent 018D,190
E01000513,1622,Brent 002A,178
E01000514,1550,Brent 002B,170
E01000515,1844,Brent 003A,203
E01000516,2288,Brent 002C,251
E01000517,1674,Brent 003B,184
E01000518,1977,Brent 005A,217
E01000519,2035,Brent 005B,223
E01000520,1730,Brent 002D,190
E01000521,2433,Brent 025B,267
E01000522,2075,Brent 025C,228
E01000523,2307,Brent 031A,253
E01000524,2538,Brent 031B,279
E01000525,1838,Brent 031C,202
E01000526,2162,Brent 025D,237
E01000527,1923,Brent 025E,211
E01000528,1775,Brent 025F,195
E01000530,1767,Brent 033A,194
E01000531,1775,Brent 033B,195
E01000532,1507,Brent 033C,165
E01000533,2500,Brent 031E,275
E01000534,1684,Brent 033D,185
E01000535,2018,Brent 031F,222
E01000536,1565,Brent 004A,172
E01000538,1652,Brent 004B,181
E01000539,1664,Brent 004C,183
E01000540,1427,Brent 004D,157
E01000541,1536,Brent 004E,169
E01000543,1664,Brent 003E,183
E01000544,1582,Brent 034A,174
E01000545,1988,Brent 028A,218
E01000546,1582,Brent 028B,174
E01000547,1586,Brent 028C,174
E01000548,1884,Brent 028D,207
E01000549,1649,Brent 028E,181
E01000550,2125,Brent 034B,233
E01000551,2813,Brent 034C,309
E01000552,1235,Brent 034D,136
E01000553,2004,Brent 015A,220
E01000554,2067,Brent 015B,227
E01000555,1600,Brent 015C,176
E01000556,2087,Brent 015D,229
E01000557,1948,Brent 015E,214
E01000558,1372,Brent 015F,151
E01000559,1329,Brent 018E,146
E01000560,1517,Brent 023D,167
E01000561,1842,Brent 023E,202
E01000562,1448,Brent 008A,159
E01000563,1478,Brent 008B,162
E01000564,1757,Brent 013A,193
E01000565,1571,Brent 013B,173
E01000566,1570,Brent 008C,172
E01000567,1510,Brent 016A,166
E01000568,2413,Brent 008D,265
E01000569,1433,Brent 008E,157
E01000570,1607,Brent 012A,176
E01000571,1819,Brent 012B,200
E01000572,1473,Brent 007A,162
E01000573,1779,Brent 007B,195
E01000574,1766,Brent 007C,194
E01000575,2212,Brent 007D,243
E01000576,1882,Brent 012C,207
E01000577,2505,Brent 007E,275
E01000578,2322,Brent 012D,255
E01000579,1575,Brent 032A,173
E01000580,1968,Brent 032B,216
E01000581,1440,Brent 030E,158
E01000582,1630,Brent 032C,179
E01000583,1876,Brent 032D,206
E01000584,1470,Brent 033E,161
E01000585,1430,Brent 033F,157
E01000586,2379,Brent 032E,261
E01000587,1599,Brent 001A,176
E01000589,2819,Brent 001B,310
E01000590,2017,Brent 001C,222
E01000591,2213,Brent 003F,243
E01000592,1854,Brent 001D,204
E01000593,2098,Brent 001E,230
E01000594,1843,Brent 001F,202
E01000595,1788,Brent 027A,196
E01000596,1866,Brent 021A,205
E01000599,1951,Brent 027D,214
E01000601,1419,Brent 021B,156
E01000602,1462,Brent 021C,161
E01000603,1422,Brent 021D,156
E01000604,1759,Brent 021E,193
E01000605,1740,Brent 021F,191
E01000606,1959,Brent 016B,215
E01000607,2668,Brent 013C,293
E01000608,2466,Brent 013D,271
E01000609,2138,Brent 016C,235
E01000610,2321,Brent 019A,255
E01000611,1978,Brent 016D,217
E01000612,1766,Brent 019B,194
E01000613,1816,Brent 013E,199
E01000615,5317,Brent 036A,584
E01000616,1923,Brent 020A,211
E01000617,3058,Brent 036B,336
E01000618,1727,Brent 036D,190
E01000619,1702,Brent 036C,187
E01000620,2110,Brent 020B,232
E01000621,1863,Brent 020C,205
E01000622,1973,Brent 010D,217
E01000623,1849,Brent 005C,203
E01000624,1790,Brent 005D,197
E01000625,1717,Brent 009E,189
E01000626,1577,Brent 010E,173
E01000627,2051,Brent 014E,225
E01000628,1777,Brent 014F,195
E01000629,1971,Brent 005E,216
E01000630,2812,Brent 026E,309
E01000631,2167,Brent 019C,238
E01000632,2562,Brent 029E,281
E01000633,2576,Brent 019D,283
E01000634,2585,Brent 019E,284
E01000636,2995,Brent 020E,329
E01000637,1400,Brent 022B,154
E01000638,2252,Brent 024A,247
E01000639,1746,Brent 022C,192
E01000640,2285,Brent 024B,251
E01000641,2026,Brent 024C,222
E01000642,2202,Brent 022D,242
E01000643,2156,Brent 024D,237
E01000644,1898,Brent 022E,208
E01033455,1210,Brent 031G,133
E01033456,2602,Brent 027F,286
E01033457,2053,Brent 035A,225
E01033463,3071,Brent 003G,337
E01033485,1691,Brent 031H,186
E01033929,1648,Brent 002F,181
E01033930,1778,Brent 002G,195
E01033931,1352,Brent 009F,148
E01033932,1598,Brent 009G,175
E01033933,1409,Brent 010G,155
E01033934,1672,Brent 010H,184
E01033935,1942,Brent 020F,213
E01033936,2022,Brent 020G,222
E01033937,1274,Brent 027G,140
E01033938,1904,Brent 027H,209
E01033939,2712,Brent 027I,298
E01033940,3821,Brent 035B,420
E01033941,1540,Brent 035C,169
E01033942,4741,Brent 035D,521
E01000645,1444,Bromley 007A,149
E01000646,1850,Bromley 016A,191
E01000647,1661,Bromley 016B,171
E01000648,1987,Bromley 016C,205
E01000649,2167,Bromley 007B,224
E01000650,1784,Bromley 022A,184
E01000651,1738,Bromley 020A,179
E01000652,1748,Bromley 022B,180
E01000653,1545,Bromley 016D,159
E01000654,1304,Bromley 039A,134
E01000655,1324,Bromley 039B,137
E01000656,1528,Bromley 039C,158
E01000657,1562,Bromley 039D,161
E01000658,1358,Bromley 042A,140
E01000659,1419,Bromley 039E,146
E01000661,2849,Bromley 026A,294
E01000662,1823,Bromley 026B,188
E01000663,1731,Bromley 026C,179
E01000664,1629,Bromley 026D,168
E01000665,1919,Bromley 033A,198
E01000666,1905,Bromley 033B,196
E01000667,1676,Bromley 033C,173
E01000668,2213,Bromley 020B,228
E01000669,1739,Bromley 020C,179
E01000670,2003,Bromley 018A,207
E01000671,2347,Bromley 020D,242
E01000672,1676,Bromley 011A,173
E01000673,1670,Bromley 011B,172
E01000674,1732,Bromley 008A,179
E01000676,2191,Bromley 008B,226
E01000677,1911,Bromley 018C,197
E01000678,1848,Bromley 016E,191
E01000679,1799,Bromley 020E,186
E01000680,1646,Bromley 037A,170
E01000681,1735,Bromley 035A,179
E01000682,1596,Bromley 035B,165
E01000683,1779,Bromley 035C,183
E01000684,2122,Bromley 035D,219
E01000685,1643,Bromley 037B,169
E01000686,1486,Bromley 037C,153
E01000687,1459,Bromley 037D,150
E01000688,1411,Bromley 037E,146
E01000689,1611,Bromley 002A,166
E01000690,1366,Bromley 002B,141
E01000691,1550,Bromley 002C,160
E01000692,1661,Bromley 002D,171
E01000693,1501,Bromley 010A,155
E01000694,2313,Bromley 007C,239
E01000695,1543,Bromley 007D,159
E01000696,1639,Bromley 007E,169
E01000697,1774,Bromley 007F,183
E01000698,1217,Bromley 010B,126
E01000699,1476,Bromley 015A,152
E01000700,1518,Bromley 013A,157
E01000701,1428,Bromley 015B,147
E01000702,1451,Bromley 013B,150
E01000703,1815,Bromley 013C,187
E01000704,1501,Bromley 015C,155
E01000705,1430,Bromley 015D,147
E01000706,1444,Bromley 013D,149
E01000707,1496,Bromley 041A,154
E01000708,1607,Bromley 041B,166
E01000709,1474,Bromley 006A,152
E01000710,2678,Bromley 006B,276
E01000711,1919,Bromley 006C,198
E01000712,1757,Bromley 012A,181
E01000713,1941,Bromley 012B,200
E01000714,2249,Bromley 006D,232
E01000715,1781,Bromley 012C,184
E01000716,1604,Bromley 011C,165
E01000717,1713,Bromley 011D,177
E01000718,2089,Bromley 006E,215
E01000719,2278,Bromley 019A,235
E01000720,1755,Bromley 019B,181
E01000721,1651,Bromley 019C,170
E01000722,1937,Bromley 023A,200
E01000723,1250,Bromley 029A,129
E01000724,1733,Bromley 019D,179
E01000725,1852,Bromley 023B,191
E01000726,1308,Bromley 029B,135
E01000727,1715,Bromley 028A,177
E01000728,1686,Bromley 019E,174
E01000729,1899,Bromley 014A,196
E01000730,1859,Bromley 014B,192
E01000731,1421,Bromley 023C,147
E01000732,1502,Bromley 023D,155
E01000733,1669,Bromley 023E,172
E01000734,1410,Bromley 028B,145
E01000735,1588,Bromley 014C,164
E01000736,1694,Bromley 010C,175
E01000737,1382,Bromley 010D,143
E01000738,1803,Bromley 014D,186
E01000739,1732,Bromley 014E,179
E01000741,1866,Bromley 005B,192
E01000742,2143,Bromley 005C,221
E01000743,1858,Bromley 009A,192
E01000744,1509,Bromley 009B,156
E01000745,1886,Bromley 005D,195
E01000746,1988,Bromley 005E,205
E01000747,2089,Bromley 042B,215
E01000748,1615,Bromley 042C,167
E01000749,1593,Bromley 036A,164
E01000750,1439,Bromley 036B,148
E01000751,2314,Bromley 036C,239
E01000752,1699,Bromley 036D,175
E01000753,1904,Bromley 031A,196
E01000754,1805,Bromley 031B,186
E01000755,1647,Bromley 031C,170
E01000756,1684,Bromley 033D,174
E01000757,1563,Bromley 031D,161
E01000758,1468,Bromley 031E,151
E01000759,1658,Bromley 034A,171
E01000760,1714,Bromley 034B,177
E01000761,1569,Bromley 034C,162
E01000762,1828,Bromley 018D,189
E01000763,1443,Bromley 027A,149
E01000764,1834,Bromley 027B,189
E01000765,1843,Bromley 034D,190
E01000766,1904,Bromley 027C,196
E01000767,1609,Bromley 027D,166
E01000768,1557,Bromley 034E,161
E01000769,1432,Bromley 024A,148
E01000770,1524,Bromley 012D,157
E01000771,1681,Bromley 041C,173
E01000772,1561,Bromley 012E,161
E01000773,1599,Bromley 024B,165
E01000774,1550,Bromley 041D,160
E01000775,2740,Bromley 024C,283
E01000777,1642,Bromley 024D,169
E01000778,1633,Bromley 024E,168
E01000779,1435,Bromley 001A,148
E01000780,1660,Bromley 001B,171
E01000781,1629,Bromley 001C,168
E01000782,1552,Bromley 001D,160
E01000783,1684,Bromley 001E,174
E01000784,1602,Bromley 002E,165
E01000785,1649,Bromley 001F,170
E01000786,1482,Bromley 032A,153
E01000787,1522,Bromley 029C,157
E01000788,1638,Bromley 029D,169
E01000789,1871,Bromley 032B,193
E01000790,2489,Bromley 028C,257
E01000791,1512,Bromley 029E,156
E01000792,1538,Bromley 032C,159
E01000793,1573,Bromley 032D,162
E01000794,1550,Bromley 035E,160
E01000795,1467,Bromley 032E,151
E01000796,1527,Bromley 009C,157
E01000797,1616,Bromley 013E,167
E01000798,1605,Bromley 009D,166
E01000799,1936,Bromley 004A,200
E01000800,1713,Bromley 009E,177
E01000801,1560,Bromley 015E,161
E01000802,1821,Bromley 004B,188
E01000803,1608,Bromley 004C,166
E01000804,1418,Bromley 004D,146
E01000805,1721,Bromley 004E,178
E01000806,1812,Bromley 009F,187
E01000807,1757,Bromley 022C,181
E01000808,1603,Bromley 025A,165
E01000809,1582,Bromley 022D,163
E01000810,1538,Bromley 025B,159
E01000811,1365,Bromley 025C,141
E01000812,1631,Bromley 028D,168
E01000813,1567,Bromley 025D,162
E01000814,1614,Bromley 028E,166
E01000815,1483,Bromley 025E,153
E01000816,1555,Bromley 040A,160
E01000818,1685,Bromley 040B,174
E01000819,1849,Bromley 040C,191
E01000820,1666,Bromley 008C,172
E01000822,1653,Bromley 008D,170
E01000823,1753,Bromley 008E,181
E01000824,1454,Bromley 008F,150
E01000825,1716,Bromley 008G,177
E01000826,1615,Bromley 021A,167
E01000827,1821,Bromley 021B,188
E01000828,1743,Bromley 011E,180
E01000829,1903,Bromley 018E,196
E01000830,1621,Bromley 021C,167
E01000831,1733,Bromley 021D,179
E01000832,1594,Bromley 030A,164
E01000833,1484,Bromley 021E,153
E01000834,1366,Bromley 027E,141
E01000835,1780,Bromley 030B,184
E01000836,1435,Bromley 030C,148
E01000837,1495,Bromley 030D,154
E01000838,1392,Bromley 030E,144
E01000839,1346,Bromley 030F,139
E01000840,1474,Bromley 030G,152
E01000841,1736,Bromley 030H,179
E01032562,1644,Bromley 040D,170
E01032563,1471,Bromley 040E,152
E01032568,1518,Bromley 041E,157
E01032570,1730,Bromley 042D,178
E01034383,1349,Bromley 005F,139
E01034384,1437,Bromley 005G,148
E01034385,1498,Bromley 018F,154
E01034386,1455,Bromley 018G,150
E01000842,1476,Camden 011A,238
E01000843,1216,Camden 014A,196
E01000844,1564,Camden 011B,252
E01000845,1604,Camden 014B,258
E01000846,1481,Camden 014C,238
E01000847,1611,Camden 014D,259
E01000848,1479,Camden 011C,238
E01000849,1354,Camden 011D,218
E01000850,1671,Camden 026A,269
E01000851,1891,Camden 026B,304
E01000853,1421,Camden 029H,229
E01000855,2008,Camden 028A,323
E01000856,1571,Camden 019A,253
E01000857,1307,Camden 018A,210
E01000858,1887,Camden 018B,304
E01000859,1457,Camden 018C,235
E01000860,1130,Camden 018D,182
E01000861,1483,Camden 019B,239
E01000862,1719,Camden 018E,277
E01000863,1523,Camden 021A,245
E01000866,2231,Camden 009A,359
E01000867,1766,Camden 015C,284
E01000868,1775,Camden 015D,286
E01000869,1985,Camden 015E,320
E01000870,1558,Camden 009B,251
E01000871,1550,Camden 005A,250
E01000872,1719,Camden 005B,277
E01000873,1619,Camden 005C,261
E01000874,1481,Camden 005D,238
E01000875,1586,Camden 013A,255
E01000876,2010,Camden 013B,324
E01000877,1607,Camden 005E,259
E01000878,1847,Camden 004A,297
E01000879,1224,Camden 004B,197
E01000880,1447,Camden 004C,233
E01000881,1450,Camden 008A,233
E01000882,1401,Camden 008B,226
E01000883,1701,Camden 008C,274
E01000884,1447,Camden 004D,233
E01000885,1242,Camden 004E,200
E01000886,1356,Camden 006A,218
E01000887,1352,Camden 006B,218
E01000888,1401,Camden 006C,226
E01000889,1728,Camden 007A,278
E01000890,1286,Camden 007B,207
E01000891,1377,Camden 007C,222
E01000892,1826,Camden 006D,294
E01000893,1369,Camden 002A,220
E01000894,1253,Camden 002B,202
E01000895,1540,Camden 002C,248
E01000896,1451,Camden 002D,234
E01000897,1556,Camden 008D,251
E01000898,1710,Camden 008E,275
E01000899,1576,Camden 002E,254
E01000900,1598,Camden 012A,257
E01000901,1796,Camden 007D,289
E01000902,1540,Camden 012B,248
E01000903,1402,Camden 006E,226
E01000904,2007,Camden 012C,323
E01000905,2002,Camden 012D,322
E01000906,1448,Camden 012E,233
E01000907,1399,Camden 001A,225
E01000908,1541,Camden 001B,248
E01000909,1627,Camden 001C,262
E01000910,1277,Camden 003A,206
E01000911,1495,Camden 003B,241
E01000912,1541,Camden 001D,248
E01000913,1621,Camden 001E,261
E01000914,1601,Camden 028B,258
E01000915,1531,Camden 027A,246
E01000916,1980,Camden 027B,319
E01000917,1582,Camden 027C,255
E01000918,1933,Camden 028C,311
E01000919,1625,Camden 028D,262
E01000920,2023,Camden 027D,326
E01000921,1847,Camden 003C,297
E01000922,1846,Camden 007E,297
E01000923,1389,Camden 003D,224
E01000924,1512,Camden 009C,243
E01000925,1502,Camden 009D,242
E01000926,1467,Camden 009E,236
E01000927,1458,Camden 007F,235
E01000928,1656,Camden 003E,267
E01000929,1907,Camden 020A,307
E01000930,2089,Camden 020B,336
E01000931,2177,Camden 013C,350
E01000932,1772,Camden 013D,285
E01000933,1767,Camden 020C,284
E01000934,1509,Camden 020D,243
E01000935,1497,Camden 020E,241
E01000937,1300,Camden 029G,209
E01000938,1379,Camden 029A,222
E01000939,1648,Camden 029B,265
E01000941,1203,Camden 029D,194
E01000942,985,Camden 029C,159
E01000943,2055,Camden 029F,331
E01000944,1547,Camden 023A,249
E01000946,1763,Camden 021B,284
E01000947,1738,Camden 021C,280
E01000948,1550,Camden 021D,250
E01000949,1731,Camden 023C,279
E01000951,1578,Camden 023E,254
E01000952,1788,Camden 022A,288
E01000954,1853,Camden 022C,298
E01000955,1399,Camden 022D,225
E01000956,1574,Camden 022E,253
E01000957,1310,Camden 019C,211
E01000958,3477,Camden 019D,560
E01000959,1739,Camden 019E,280
E01000960,1918,Camden 017A,309
E01000961,1874,Camden 017B,302
E01000962,1519,Camden 016A,245
E01000963,2079,Camden 017C,335
E01000964,1722,Camden 016B,277
E01000965,1719,Camden 016C,277
E01000966,1564,Camden 016D,252
E01000967,1601,Camden 017D,258
E01000968,1556,Camden 016E,251
E01000969,1847,Camden 010A,297
E01000970,1489,Camden 010B,240
E01000971,1326,Camden 010C,213
E01000972,1988,Camden 010D,320
E01000973,2696,Camden 010E,434
E01000974,1578,Camden 013E,254
E01035707,2440,Camden 015F,393
E01035708,2387,Camden 022F,384
E01035709,1539,Camden 022G,248
E01035710,2714,Camden 023F,437
E01035711,2777,Camden 026E,447
E01035712,2749,Camden 029E,443
E01000975,2544,Croydon 022A,298
E01000976,2365,Croydon 022B,277
E01000977,2014,Croydon 022C,236
E01000978,1783,Croydon 022D,209
E01000979,1787,Croydon 022E,209
E01000980,1565,Croydon 017A,183
E01000981,1793,Croydon 017B,210
E01000982,1688,Croydon 017C,198
E01000983,1895,Croydon 017D,222
E01000984,1863,Croydon 022F,218
E01000985,1475,Croydon 021A,173
E01000986,1808,Croydon 021B,212
E01000987,1353,Croydon 021C,158
E01000989,1717,Croydon 018A,201
E01000990,1431,Croydon 045A,168
E01000991,1799,Croydon 018B,211
E01000992,1787,Croydon 014A,209
E01000993,1661,Croydon 021D,195
E01000994,1666,Croydon 009A,195
E01000995,1811,Croydon 009B,212
E01000996,1373,Croydon 009C,161
E01000997,1580,Croydon 009D,185
E01000998,1564,Croydon 010A,183
E01000999,1439,Croydon 009E,169
E01001000,1404,Croydon 010B,164
E01001001,1516,Croydon 013A,178
E01001002,1556,Croydon 009F,182
E01001003,1692,Croydon 010C,198
E01001004,2307,Croydon 015A,270
E01001005,1862,Croydon 019A,218
E01001006,1938,Croydon 016A,227
E01001007,2034,Croydon 016B,238
E01001008,1699,Croydon 019B,199
E01001009,2139,Croydon 019C,251
E01001010,1808,Croydon 019D,212
E01001011,2668,Croydon 019E,313
E01001012,2190,Croydon 020A,257
E01001013,2267,Croydon 020B,266
E01001015,1513,Croydon 041A,177
E01001016,1770,Croydon 041B,207
E01001017,1697,Croydon 043A,199
E01001018,1686,Croydon 044A,197
E01001019,1511,Croydon 044B,177
E01001020,1626,Croydon 044C,190
E01001021,1484,Croydon 044D,174
E01001022,1536,Croydon 044E,180
E01001023,2930,Croydon 041C,343
E01001024,1273,Croydon 043B,149
E01001025,1410,Croydon 043C,165
E01001026,1907,Croydon 043D,223
E01001027,3217,Croydon 043E,377
E01001028,1754,Croydon 038A,205
E01001029,1900,Croydon 038B,223
E01001030,1467,Croydon 038C,172
E01001031,1481,Croydon 038D,173
E01001032,1604,Croydon 035A,188
E01001033,1752,Croydon 031A,205
E01001034,1646,Croydon 031B,193
E01001035,1957,Croydon 047C,229
E01001036,1684,Croydon 029A,197
E01001037,1637,Croydon 029B,192
E01001038,1975,Croydon 029C,231
E01001039,1568,Croydon 029D,184
E01001040,1733,Croydon 029E,203
E01001041,1859,Croydon 031C,218
E01001042,2453,Croydon 024B,287
E01001044,2177,Croydon 023A,255
E01001046,1939,Croydon 023B,227
E01001047,1803,Croydon 047A,211
E01001049,1488,Croydon 023C,174
E01001050,1833,Croydon 023D,215
E01001051,1569,Croydon 030A,184
E01001052,1473,Croydon 030B,173
E01001053,1594,Croydon 032A,187
E01001054,1893,Croydon 030C,222
E01001055,1643,Croydon 032B,192
E01001056,1764,Croydon 030D,207
E01001057,1750,Croydon 030E,205
E01001058,1395,Croydon 034A,163
E01001059,1472,Croydon 034B,172
E01001060,1662,Croydon 034C,195
E01001061,1668,Croydon 034D,195
E01001062,1552,Croydon 026A,182
E01001063,1635,Croydon 026B,192
E01001064,1667,Croydon 026C,195
E01001065,1361,Croydon 034E,159
E01001066,1448,Croydon 034F,170
E01001067,1779,Croydon 041D,208
E01001068,1868,Croydon 042A,219
E01001069,1394,Croydon 040A,163
E01001070,1885,Croydon 040B,221
E01001071,1929,Croydon 042B,226
E01001072,1612,Croydon 042C,189
E01001073,1539,Croydon 037A,180
E01001074,2090,Croydon 041E,245
E01001075,1723,Croydon 040C,202
E01001076,1704,Croydon 036A,200
E01001077,1411,Croydon 032C,165
E01001078,1439,Croydon 032D,169
E01001079,1769,Croydon 036B,207
E01001080,1519,Croydon 036C,178
E01001081,1511,Croydon 036D,177
E01001082,1572,Croydon 032E,184
E01001083,1663,Croydon 003A,195
E01001084,2016,Croydon 002A,236
E01001085,1793,Croydon 004A,210
E01001086,1866,Croydon 003B,219
E01001087,2925,Croydon 003C,343
E01001088,1703,Croydon 004B,199
E01001089,1826,Croydon 004C,214
E01001090,2323,Croydon 004D,272
E01001091,1642,Croydon 004E,192
E01001092,2300,Croydon 037B,269
E01001093,2057,Croydon 037C,241
E01001094,1779,Croydon 038E,208
E01001095,1719,Croydon 031D,201
E01001096,1476,Croydon 037D,173
E01001097,2673,Croydon 037E,313
E01001098,1555,Croydon 037F,182
E01001099,1550,Croydon 040D,182
E01001100,1555,Croydon 031E,182
E01001101,1449,Croydon 035B,170
E01001102,1546,Croydon 035C,181
E01001103,1666,Croydon 039A,195
E01001104,1724,Croydon 042D,202
E01001105,1844,Croydon 039B,216
E01001106,1567,Croydon 039C,184
E01001107,1669,Croydon 035D,196
E01001108,1796,Croydon 035E,210
E01001109,2438,Croydon 013B,286
E01001110,2185,Croydon 020D,256
E01001111,1771,Croydon 010D,207
E01001112,2088,Croydon 013C,245
E01001113,2116,Croydon 013D,248
E01001114,1571,Croydon 013E,184
E01001115,1808,Croydon 015B,212
E01001116,1704,Croydon 013F,200
E01001118,2286,Croydon 020E,268
E01001119,1471,Croydon 034G,172
E01001120,1353,Croydon 033A,158
E01001121,1325,Croydon 039D,155
E01001122,1543,Croydon 033B,181
E01001123,1625,Croydon 033C,190
E01001124,1578,Croydon 033D,185
E01001125,1604,Croydon 033E,188
E01001126,1434,Croydon 034H,168
E01001127,1597,Croydon 025A,187
E01001128,1589,Croydon 025B,186
E01001129,1416,Croydon 026D,166
E01001130,1723,Croydon 025C,202
E01001131,1634,Croydon 018C,191
E01001132,1669,Croydon 018D,196
E01001133,1576,Croydon 026E,185
E01001134,1630,Croydon 018E,191
E01001135,1629,Croydon 025D,191
E01001136,2213,Croydon 007A,259
E01001137,2781,Croydon 001A,326
E01001138,1536,Croydon 001B,180
E01001139,1768,Croydon 007B,207
E01001140,1596,Croydon 007C,187
E01001141,1291,Croydon 008A,151
E01001142,2015,Croydon 007D,236
E01001143,1941,Croydon 008B,227
E01001144,1840,Croydon 007E,216
E01001145,1751,Croydon 008C,205
E01001146,1569,Croydon 006A,184
E01001147,1928,Croydon 005A,226
E01001148,1758,Croydon 005B,206
E01001149,1638,Croydon 006B,192
E01001150,1710,Croydon 006C,200
E01001151,1852,Croydon 005C,217
E01001152,2192,Croydon 005D,257
E01001153,1680,Croydon 006D,197
E01001154,1954,Croydon 006E,229
E01001155,1862,Croydon 010E,218
E01001156,1758,Croydon 001C,206
E01001157,1905,Croydon 002B,223
E01001158,1582,Croydon 005E,185
E01001159,2031,Croydon 002C,238
E01001160,2001,Croydon 002D,234
E01001161,1826,Croydon 003D,214
E01001162,1785,Croydon 001D,209
E01001163,2091,Croydon 002E,245
E01001164,1929,Croydon 001E,226
E01001165,1873,Croydon 024C,219
E01001166,2061,Croydon 024D,241
E01001167,2455,Croydon 028A,288
E01001168,1924,Croydon 024E,225
E01001169,1850,Croydon 028B,217
E01001170,1968,Croydon 047D,231
E01001171,1851,Croydon 028C,217
E01001172,2320,Croydon 028D,272
E01001173,2916,Croydon 028E,342
E01001174,1698,Croydon 011A,199
E01001175,1771,Croydon 011B,207
E01001176,2017,Croydon 011C,236
E01001177,1693,Croydon 016C,198
E01001178,1735,Croydon 015D,203
E01001179,1686,Croydon 016D,197
E01001180,2089,Croydon 016E,245
E01001181,2512,Croydon 015E,294
E01001182,1524,Croydon 011D,179
E01001183,1995,Croydon 011E,234
E01001184,1389,Croydon 011F,163
E01001185,1730,Croydon 014B,203
E01001186,1747,Croydon 014C,205
E01001187,1987,Croydon 017E,233
E01001188,2052,Croydon 014D,240
E01001189,1250,Croydon 045B,146
E01001190,1567,Croydon 045C,184
E01001191,2184,Croydon 008D,256
E01001192,1598,Croydon 008E,187
E01001193,1627,Croydon 014E,191
E01001194,1588,Croydon 045D,186
E01032569,1797,Croydon 045E,210
E01034139,1951,Croydon 015F,229
E01034140,1386,Croydon 015G,162
E01034141,1687,Croydon 020F,198
E01034142,1522,Croydon 020G,178
E01034143,1800,Croydon 020H,211
E01034144,1434,Croydon 024F,168
E01034145,1492,Croydon 024G,175
E01034146,1499,Croydon 024H,176
E01034147,1329,Croydon 046A,156
E01034148,1970,Croydon 046B,231
E01034149,3214,Croydon 046C,376
E01034150,2155,Croydon 046D,252
E01034151,1494,Croydon 046E,175
E01034152,1726,Croydon 047B,202
E01001195,1892,Ealing 021A,198
E01001196,1600,Ealing 015A,167
E01001197,1888,Ealing 021B,197
E01001198,1569,Ealing 021C,164
E01001199,1665,Ealing 021D,174
E01001200,1618,Ealing 025A,169
E01001201,1639,Ealing 025B,171
E01001202,2606,Ealing 025C,272
E01001203,1819,Ealing 025D,190
E01001204,1593,Ealing 018A,166
E01001205,1749,Ealing 018B,183
E01001206,1945,Ealing 018C,203
E01001207,1778,Ealing 018D,186
E01001208,1268,Ealing 018E,132
E01001209,1633,Ealing 013A,171
E01001210,1921,Ealing 016A,201
E01001211,1709,Ealing 013B,179
E01001212,1781,Ealing 018F,186
E01001213,2151,Ealing 023A,225
E01001214,1916,Ealing 023B,200
E01001215,2445,Ealing 023C,255
E01001216,1768,Ealing 023D,185
E01001217,1504,Ealing 014A,157
E01001218,2132,Ealing 012A,223
E01001219,2183,Ealing 029A,228
E01001220,1616,Ealing 029B,169
E01001223,1511,Ealing 041B,158
E01001224,1510,Ealing 019B,158
E01001225,1888,Ealing 041A,197
E01001226,1624,Ealing 019C,170
E01001227,1493,Ealing 019D,156
E01001228,1941,Ealing 019E,203
E01001229,1538,Ealing 031A,161
E01001230,1380,Ealing 031B,144
E01001231,2109,Ealing 027A,220
E01001232,1584,Ealing 031C,165
E01001233,1491,Ealing 031D,156
E01001234,1373,Ealing 027B,143
E01001235,1891,Ealing 042D,198
E01001236,1423,Ealing 042C,149
E01001237,1528,Ealing 031E,160
E01001239,1458,Ealing 015C,152
E01001240,1828,Ealing 024A,191
E01001241,1970,Ealing 024B,206
E01001242,1708,Ealing 024C,178
E01001243,2673,Ealing 024D,279
E01001244,2861,Ealing 024E,299
E01001245,2196,Ealing 024F,229
E01001246,1917,Ealing 015D,200
E01001247,2305,Ealing 015E,241
E01001248,1529,Ealing 035A,160
E01001249,2663,Ealing 028A,278
E01001250,2303,Ealing 028B,241
E01001251,1946,Ealing 030A,203
E01001252,2776,Ealing 030B,290
E01001253,2194,Ealing 030C,229
E01001254,1731,Ealing 030D,181
E01001255,1583,Ealing 028C,165
E01001257,2414,Ealing 008A,252
E01001258,1965,Ealing 010B,205
E01001259,1677,Ealing 014B,175
E01001260,2213,Ealing 012B,231
E01001261,2524,Ealing 012C,264
E01001262,1719,Ealing 010C,180
E01001263,2002,Ealing 010D,209
E01001264,1855,Ealing 010E,194
E01001265,1782,Ealing 006A,186
E01001266,1973,Ealing 006B,206
E01001267,2159,Ealing 006C,226
E01001268,2108,Ealing 012D,220
E01001269,2769,Ealing 001A,289
E01001270,1770,Ealing 004A,185
E01001271,1974,Ealing 001B,206
E01001272,2207,Ealing 006D,231
E01001273,1776,Ealing 041C,186
E01001274,1693,Ealing 041E,177
E01001275,1832,Ealing 041D,191
E01001276,1765,Ealing 011A,184
E01001277,2344,Ealing 011B,245
E01001278,2193,Ealing 011C,229
E01001279,1445,Ealing 013C,151
E01001280,1734,Ealing 011D,181
E01001281,1559,Ealing 013D,163
E01001282,1640,Ealing 016B,171
E01001283,1868,Ealing 016C,195
E01001284,1734,Ealing 022A,181
E01001285,1829,Ealing 016D,191
E01001286,1661,Ealing 016E,174
E01001287,1413,Ealing 016F,148
E01001288,1509,Ealing 022B,158
E01001289,1295,Ealing 022C,135
E01001290,2071,Ealing 022D,216
E01001291,1823,Ealing 014C,190
E01001292,1731,Ealing 014D,181
E01001293,1995,Ealing 014E,208
E01001294,2243,Ealing 017A,234
E01001295,1832,Ealing 017B,191
E01001296,1609,Ealing 017C,168
E01001297,1895,Ealing 017D,198
E01001298,2221,Ealing 017E,232
E01001299,1717,Ealing 035B,179
E01001300,1576,Ealing 039A,165
E01001301,1985,Ealing 039B,207
E01001302,1512,Ealing 039C,158
E01001303,1723,Ealing 032A,180
E01001304,1705,Ealing 039D,178
E01001305,1721,Ealing 035C,180
E01001306,1641,Ealing 035D,171
E01001307,1925,Ealing 002A,201
E01001308,2099,Ealing 002B,219
E01001309,1890,Ealing 001C,197
E01001310,2326,Ealing 001D,243
E01001311,2765,Ealing 001E,289
E01001312,2209,Ealing 002C,231
E01001313,1849,Ealing 002D,193
E01001314,1619,Ealing 002E,169
E01001315,1519,Ealing 003A,159
E01001316,1825,Ealing 003B,191
E01001317,2221,Ealing 003C,232
E01001318,2163,Ealing 003D,226
E01001319,1604,Ealing 004B,168
E01001320,1625,Ealing 003E,170
E01001321,2451,Ealing 003F,256
E01001322,2213,Ealing 004C,231
E01001323,2166,Ealing 004D,226
E01001324,1768,Ealing 008B,185
E01001325,2116,Ealing 009A,221
E01001326,2079,Ealing 008C,217
E01001327,2033,Ealing 009B,212
E01001328,1930,Ealing 009C,202
E01001329,2076,Ealing 009D,217
E01001330,2047,Ealing 008D,214
E01001331,1816,Ealing 009E,190
E01001332,1722,Ealing 008E,180
E01001333,2998,Ealing 038A,313
E01001334,1733,Ealing 029C,181
E01001335,1880,Ealing 038B,196
E01001336,1893,Ealing 038C,198
E01001337,2288,Ealing 029D,239
E01001338,2409,Ealing 029E,252
E01001339,2437,Ealing 029F,255
E01001340,1642,Ealing 029G,172
E01001341,1855,Ealing 005A,194
E01001342,2127,Ealing 005B,222
E01001343,1512,Ealing 005C,158
E01001344,2296,Ealing 007A,240
E01001345,1900,Ealing 005D,199
E01001346,1995,Ealing 007B,208
E01001347,2083,Ealing 007C,218
E01001348,1773,Ealing 007D,185
E01001349,1461,Ealing 006E,153
E01001350,1510,Ealing 027C,158
E01001351,2123,Ealing 025E,222
E01001352,1648,Ealing 027D,172
E01001353,1601,Ealing 033A,167
E01001354,2105,Ealing 027E,220
E01001355,1977,Ealing 033B,207
E01001356,1203,Ealing 033C,126
E01001357,3088,Ealing 033D,323
E01001358,2430,Ealing 033E,254
E01001359,2544,Ealing 026A,266
E01001360,2317,Ealing 026B,242
E01001361,2304,Ealing 023E,241
E01001362,3271,Ealing 026C,342
E01001363,2075,Ealing 026D,217
E01001364,1994,Ealing 026E,208
E01001365,2925,Ealing 026F,306
E01001366,2155,Ealing 044C,225
E01001367,3024,Ealing 043B,316
E01001368,1875,Ealing 044D,196
E01001369,2074,Ealing 038D,217
E01001370,2306,Ealing 044A,241
E01001371,2452,Ealing 044B,256
E01001372,2675,Ealing 043C,279
E01001373,2149,Ealing 043A,225
E01001374,1944,Ealing 040A,203
E01001375,1669,Ealing 034A,174
E01001376,1662,Ealing 040B,174
E01001377,1584,Ealing 034B,165
E01001379,1700,Ealing 034C,178
E01001380,2312,Ealing 040C,242
E01001381,1934,Ealing 034D,202
E01001382,1468,Ealing 032B,153
E01001383,1787,Ealing 028D,187
E01001384,1748,Ealing 032C,183
E01001385,1677,Ealing 032D,175
E01001386,1784,Ealing 031F,186
E01001387,1746,Ealing 032E,182
E01001388,1517,Ealing 028E,158
E01001389,1923,Ealing 028F,201
E01032572,1597,Ealing 040D,167
E01032743,2385,Ealing 010F,249
E01032744,1774,Ealing 010G,185
E01034026,2742,Ealing 015F,286
E01034027,3621,Ealing 015G,378
E01034028,1372,Ealing 019F,143
E01034029,1638,Ealing 019G,171
E01034030,1958,Ealing 042A,205
E01034031,1566,Ealing 042B,164
E01001390,1761,Enfield 036A,210
E01001391,1742,Enfield 036B,208
E01001392,1813,Enfield 032A,216
E01001393,1897,Enfield 036C,226
E01001394,1961,Enfield 035A,234
E01001395,1574,Enfield 035B,188
E01001396,1487,Enfield 036D,177
E01001397,2215,Enfield 035C,264
E01001398,1253,Enfield 021A,149
E01001399,1462,Enfield 021B,174
E01001400,1511,Enfield 021C,180
E01001401,1358,Enfield 016A,162
E01001402,1910,Enfield 021D,228
E01001403,1742,Enfield 021E,208
E01001404,1463,Enfield 026A,174
E01001405,1784,Enfield 015A,213
E01001406,1608,Enfield 015B,192
E01001407,1605,Enfield 005A,191
E01001408,1640,Enfield 004A,196
E01001409,2128,Enfield 005B,254
E01001410,2167,Enfield 005C,258
E01001411,1821,Enfield 004B,217
E01001412,1923,Enfield 004C,229
E01001413,1609,Enfield 004D,192
E01001414,1617,Enfield 004E,193
E01001415,2096,Enfield 011A,250
E01001416,1733,Enfield 013A,207
E01001417,1971,Enfield 011B,235
E01001418,1691,Enfield 011C,202
E01001419,1928,Enfield 020A,230
E01001420,1822,Enfield 020B,217
E01001421,1565,Enfield 020C,187
E01001422,1679,Enfield 011D,200
E01001423,1627,Enfield 027A,194
E01001424,1196,Enfield 030A,143
E01001425,2002,Enfield 027B,239
E01001426,1803,Enfield 030B,215
E01001427,1424,Enfield 030C,170
E01001428,1739,Enfield 027C,207
E01001429,2179,Enfield 030D,260
E01001430,1951,Enfield 030E,233
E01001431,1811,Enfield 033A,216
E01001432,1898,Enfield 033B,226
E01001433,1727,Enfield 007A,206
E01001434,1520,Enfield 007B,181
E01001435,1455,Enfield 007C,174
E01001436,2007,Enfield 007D,239
E01001437,2294,Enfield 014A,274
E01001438,1660,Enfield 007E,198
E01001439,2093,Enfield 006A,250
E01001440,1704,Enfield 012A,203
E01001441,1753,Enfield 006B,209
E01001442,1656,Enfield 002A,197
E01001444,1958,Enfield 001A,233
E01001445,2800,Enfield 003B,334
E01001446,1956,Enfield 001B,233
E01001447,1917,Enfield 003C,229
E01001448,2042,Enfield 003D,244
E01001449,1553,Enfield 003E,185
E01001450,2380,Enfield 015C,284
E01001451,1547,Enfield 017A,184
E01001452,1370,Enfield 017B,163
E01001453,1631,Enfield 017C,194
E01001454,1673,Enfield 017D,200
E01001455,1446,Enfield 021F,172
E01001456,1368,Enfield 022A,163
E01001457,1846,Enfield 010A,220
E01001458,1801,Enfield 037A,215
E01001459,1794,Enfield 024A,214
E01001460,2144,Enfield 024B,256
E01001461,1642,Enfield 027D,196
E01001462,1406,Enfield 024C,168
E01001463,1503,Enfield 031A,179
E01001464,1278,Enfield 027E,152
E01001465,1567,Enfield 031B,187
E01001466,1892,Enfield 031C,226
E01001467,1992,Enfield 031D,238
E01001468,1479,Enfield 010B,176
E01001469,1714,Enfield 008A,204
E01001470,1663,Enfield 013B,198
E01001471,1956,Enfield 010C,233
E01001472,1678,Enfield 010D,200
E01001473,1599,Enfield 013C,191
E01001474,1800,Enfield 010E,215
E01001475,1776,Enfield 013D,212
E01001476,1755,Enfield 018A,209
E01001477,1960,Enfield 018B,234
E01001478,1703,Enfield 016B,203
E01001479,1791,Enfield 023A,214
E01001480,1524,Enfield 024D,182
E01001481,1764,Enfield 018C,210
E01001482,1945,Enfield 023B,232
E01001483,1137,Enfield 025A,136
E01001484,1413,Enfield 016C,169
E01001485,1884,Enfield 025B,225
E01001486,2132,Enfield 025C,254
E01001487,1996,Enfield 023C,238
E01001488,1976,Enfield 024E,236
E01001489,2001,Enfield 023D,239
E01001491,1951,Enfield 023E,233
E01001492,2043,Enfield 025E,244
E01001493,1905,Enfield 026B,227
E01001494,1503,Enfield 026C,179
E01001495,1843,Enfield 029A,220
E01001496,1898,Enfield 026D,226
E01001497,1479,Enfield 031E,176
E01001498,1830,Enfield 029B,218
E01001499,1522,Enfield 031F,181
E01001500,1606,Enfield 035D,192
E01001501,2133,Enfield 036E,254
E01001502,2047,Enfield 018D,244
E01001503,1890,Enfield 018E,225
E01001504,2112,Enfield 012B,252
E01001505,1982,Enfield 012C,236
E01001507,2736,Enfield 012D,326
E01001508,2595,Enfield 012E,309
E01001509,1711,Enfield 014C,204
E01001511,1926,Enfield 016D,230
E01001512,2259,Enfield 015D,269
E01001513,2075,Enfield 012F,247
E01001514,1708,Enfield 016E,204
E01001515,1919,Enfield 015E,229
E01001516,2054,Enfield 005D,245
E01001517,1967,Enfield 006C,235
E01001518,1689,Enfield 016F,201
E01001520,1833,Enfield 019A,219
E01001521,1867,Enfield 028A,223
E01001522,1757,Enfield 019B,210
E01001523,1816,Enfield 019C,217
E01001524,1430,Enfield 019D,171
E01001525,1964,Enfield 020E,234
E01001526,1507,Enfield 019E,180
E01001527,2105,Enfield 036F,251
E01001528,1808,Enfield 032B,216
E01001529,1758,Enfield 032C,210
E01001530,1748,Enfield 032D,208
E01001531,1317,Enfield 028B,157
E01001532,1544,Enfield 028C,184
E01001533,1525,Enfield 028D,182
E01001534,1734,Enfield 032E,207
E01001535,1483,Enfield 028E,177
E01001536,2024,Enfield 008B,241
E01001537,1732,Enfield 005E,207
E01001538,1597,Enfield 009A,190
E01001539,1600,Enfield 009B,191
E01001540,1899,Enfield 008C,226
E01001541,1492,Enfield 008D,178
E01001542,1522,Enfield 008E,181
E01001543,1587,Enfield 009C,189
E01001544,1787,Enfield 009D,213
E01001545,1819,Enfield 002B,217
E01001546,1871,Enfield 001C,223
E01001547,2144,Enfield 002C,256
E01001548,1861,Enfield 002D,222
E01001549,2515,Enfield 006D,300
E01001550,1688,Enfield 006E,201
E01001551,1773,Enfield 002E,211
E01001552,1953,Enfield 001D,233
E01001553,1722,Enfield 037B,205
E01001554,1748,Enfield 037C,208
E01001555,2246,Enfield 033C,268
E01001556,1546,Enfield 035E,184
E01001557,1584,Enfield 033D,189
E01001558,1974,Enfield 033E,235
E01001559,2186,Enfield 033F,261
E01001560,1522,Enfield 035F,181
E01001562,2190,Enfield 037D,261
E01001563,1718,Enfield 029C,205
E01001564,1606,Enfield 022B,192
E01001565,1611,Enfield 029D,192
E01001566,1699,Enfield 029E,203
E01001567,1515,Enfield 022C,181
E01001568,1819,Enfield 022D,217
E01001569,1775,Enfield 022E,212
E01001570,1874,Enfield 026E,223
E01032574,2084,Enfield 037E,249
E01033146,1497,Enfield 025F,179
E01033148,2172,Enfield 003F,259
E01033150,1706,Enfield 003G,203
E01033151,1249,Enfield 025G,149
E01033926,2751,Enfield 014E,328
E01033927,1692,Enfield 020F,202
E01033928,1318,Enfield 020G,157
E01001571,1838,Greenwich 008A,201
E01001572,1631,Greenwich 008B,178
E01001573,1673,Greenwich 008C,183
E01001574,1991,Greenwich 008D,217
E01001575,1870,Greenwich 003A,204
E01001576,2044,Greenwich 003B,223
E01001577,2080,Greenwich 003C,227
E01001578,2648,Greenwich 003D,289
E01001579,1802,Greenwich 003E,197
E01001580,1689,Greenwich 021A,185
E01001581,1580,Greenwich 016A,173
E01001582,1512,Greenwich 021B,165
E01001583,1557,Greenwich 021C,170
E01001584,1455,Greenwich 021D,159
E01001585,1538,Greenwich 016B,168
E01001586,1481,Greenwich 016C,162
E01001587,1979,Greenwich 016D,216
E01001588,1806,Greenwich 012A,197
E01001589,1849,Greenwich 012B,202
E01001590,1790,Greenwich 014A,196
E01001591,2185,Greenwich 012C,239
E01001592,1959,Greenwich 014B,214
E01001593,1772,Greenwich 014C,194
E01001594,2397,Greenwich 014D,262
E01001595,2175,Greenwich 012D,238
E01001596,1674,Greenwich 032A,183
E01001597,1582,Greenwich 031A,173
E01001598,1659,Greenwich 031B,181
E01001599,1710,Greenwich 032B,187
E01001600,1501,Greenwich 032C,164
E01001601,1496,Greenwich 032D,163
E01001602,2172,Greenwich 031C,237
E01001603,1713,Greenwich 031D,187
E01001604,1634,Greenwich 027A,178
E01001605,1479,Greenwich 023A,162
E01001606,1603,Greenwich 023B,175
E01001607,1639,Greenwich 027B,179
E01001608,1418,Greenwich 027C,155
E01001609,1790,Greenwich 027D,196
E01001610,1760,Greenwich 023C,192
E01001611,1835,Greenwich 023D,200
E01001613,1841,Greenwich 028A,201
E01001614,1527,Greenwich 028B,167
E01001615,2196,Greenwich 028C,240
E01001617,1626,Greenwich 028D,178
E01001618,2037,Greenwich 030C,223
E01001619,2008,Greenwich 030D,219
E01001620,1651,Greenwich 025A,180
E01001621,1730,Greenwich 025B,189
E01001623,1812,Greenwich 025C,198
E01001624,1626,Greenwich 025D,178
E01001625,1739,Greenwich 025E,190
E01001629,2139,Greenwich 009A,234
E01001631,2196,Greenwich 007B,240
E01001632,2227,Greenwich 007C,243
E01001633,2097,Greenwich 009B,229
E01001634,1853,Greenwich 009C,202
E01001635,1748,Greenwich 007D,191
E01001636,1655,Greenwich 007E,181
E01001637,1874,Greenwich 009D,205
E01001638,1710,Greenwich 038A,187
E01001641,2037,Greenwich 038B,223
E01001642,1792,Greenwich 038C,196
E01001644,2860,Greenwich 038D,312
E01001645,1858,Greenwich 022A,203
E01001646,3045,Greenwich 019A,333
E01001647,1552,Greenwich 022B,170
E01001648,1705,Greenwich 022C,186
E01001649,1644,Greenwich 022D,180
E01001650,1826,Greenwich 019B,199
E01001651,1893,Greenwich 019C,207
E01001652,1666,Greenwich 019D,182
E01001653,1591,Greenwich 029A,174
E01001654,1642,Greenwich 029B,179
E01001655,1532,Greenwich 029C,167
E01001656,1298,Greenwich 034A,142
E01001657,1534,Greenwich 034B,168
E01001658,1667,Greenwich 034C,182
E01001659,1657,Greenwich 034D,181
E01001660,1554,Greenwich 029D,170
E01001661,1654,Greenwich 029E,181
E01001664,2059,Greenwich 037B,225
E01001665,2023,Greenwich 037C,221
E01001666,2410,Greenwich 041G,263
E01001669,2520,Greenwich 033A,275
E01001671,1683,Greenwich 033B,184
E01001672,2056,Greenwich 006A,225
E01001673,2665,Greenwich 006B,291
E01001674,2387,Greenwich 006C,261
E01001675,2514,Greenwich 006D,275
E01001676,1842,Greenwich 033C,201
E01001677,2383,Greenwich 006E,260
E01001678,1836,Greenwich 017A,201
E01001679,1400,Greenwich 020A,153
E01001680,1470,Greenwich 020B,161
E01001681,1466,Greenwich 020C,160
E01001682,1346,Greenwich 020D,147
E01001683,1643,Greenwich 017B,179
E01001684,1444,Greenwich 017C,158
E01001685,1598,Greenwich 017D,175
E01001686,1768,Greenwich 020E,193
E01001687,1535,Greenwich 002A,168
E01001688,2594,Greenwich 002B,283
E01001690,1694,Greenwich 001A,185
E01001692,1424,Greenwich 001B,156
E01001693,1539,Greenwich 001C,168
E01001694,1755,Greenwich 001D,192
E01001695,1519,Greenwich 011A,166
E01001696,2784,Greenwich 011B,304
E01001697,2619,Greenwich 011C,286
E01001698,1994,Greenwich 015A,218
E01001699,1816,Greenwich 015B,198
E01001700,2530,Greenwich 011D,276
E01001701,1860,Greenwich 015C,203
E01001702,1520,Greenwich 015D,166
E01001703,2171,Greenwich 011E,237
E01001704,1622,Greenwich 011F,177
E01001705,2274,Greenwich 005A,248
E01001708,1733,Greenwich 005C,189
E01001710,1820,Greenwich 005D,199
E01001712,2306,Greenwich 042A,252
E01032567,1624,Greenwich 033D,177
E01033727,2745,Greenwich 035B,300
E01033728,1818,Greenwich 035C,199
E01033729,2774,Greenwich 030E,303
E01033732,1121,Greenwich 041E,122
E01033734,1336,Greenwich 039B,146
E01033735,1424,Greenwich 042D,156
E01033736,2702,Greenwich 039A,295
E01033737,2111,Greenwich 042B,231
E01033738,2009,Greenwich 037D,219
E01033739,1684,Greenwich 002E,184
E01033740,1565,Greenwich 002F,171
E01033741,2482,Greenwich 002G,271
E01033742,1386,Greenwich 007F,151
E01033743,1927,Greenwich 002H,211
E01033744,1739,Greenwich 007G,190
E01033745,1675,Greenwich 002I,183
E01033746,1580,Greenwich 038E,173
E01034173,1554,Greenwich 005F,170
E01034174,1322,Greenwich 034F,144
E01034175,2118,Greenwich 034G,231
E01034176,2200,Greenwich 034H,240
E01034177,1642,Greenwich 034I,179
E01034178,1803,Greenwich 035E,197
E01034179,1458,Greenwich 035F,159
E01034180,1237,Greenwich 035G,135
E01034181,2114,Greenwich 035H,231
E01034182,1616,Greenwich 035I,177
E01034183,1555,Greenwich 037E,170
E01034184,1463,Greenwich 037F,160
E01034185,1219,Greenwich 037G,133
E01034186,1274,Greenwich 039C,139
E01034187,1346,Greenwich 039D,147
E01034188,1708,Greenwich 040A,187
E01034189,1945,Greenwich 040B,212
E01034190,1742,Greenwich 040C,190
E01034191,1963,Greenwich 040D,214
E01034192,2107,Greenwich 040E,230
E01034193,2001,Greenwich 041A,219
E01034194,1358,Greenwich 041B,148
E01034195,1465,Greenwich 041C,160
E01034196,1452,Greenwich 041D,159
E01034198,2277,Greenwich 042C,249
E01001714,2415,Hackney 002A,276
E01001715,1314,Hackney 007A,150
E01001716,1978,Hackney 007B,226
E01001717,1044,Hackney 007C,119
E01001718,1854,Hackney 007D,212
E01001719,1716,Hackney 007E,196
E01001720,1793,Hackney 007F,205
E01001722,2384,Hackney 029A,273
E01001723,1974,Hackney 006A,226
E01001724,2950,Hackney 006B,337
E01001725,1813,Hackney 004A,207
E01001726,1306,Hackney 004B,149
E01001727,1873,Hackney 006C,214
E01001728,2004,Hackney 029B,229
E01001729,2015,Hackney 019A,230
E01001730,2829,Hackney 019B,323
E01001731,2735,Hackney 017A,313
E01001732,1888,Hackney 019C,216
E01001733,1917,Hackney 015A,219
E01001734,1910,Hackney 017B,218
E01001735,1667,Hackney 019D,191
E01001736,1548,Hackney 012A,177
E01001737,1632,Hackney 012B,187
E01001738,1728,Hackney 012C,198
E01001739,1982,Hackney 012D,227
E01001740,1589,Hackney 014A,182
E01001741,1453,Hackney 009A,166
E01001742,1789,Hackney 008A,205
E01001744,2041,Hackney 031A,233
E01001745,2202,Hackney 016A,252
E01001746,1693,Hackney 016B,194
E01001747,2398,Hackney 014B,274
E01001749,1498,Hackney 020B,171
E01001750,2205,Hackney 031D,252
E01001751,1488,Hackney 031B,170
E01001753,1531,Hackney 025B,175
E01001755,1676,Hackney 025D,192
E01001756,2134,Hackney 030C,244
E01001757,1580,Hackney 016C,181
E01001758,2713,Hackney 016D,310
E01001759,1690,Hackney 016E,193
E01001760,2061,Hackney 017C,236
E01001761,1831,Hackney 016F,209
E01001762,1729,Hackney 017D,198
E01001763,1795,Hackney 020C,205
E01001764,1716,Hackney 010A,196
E01001765,1898,Hackney 010B,217
E01001767,1605,Hackney 010D,183
E01001768,1884,Hackney 006D,215
E01001769,1500,Hackney 006E,171
E01001770,1748,Hackney 010E,200
E01001772,1893,Hackney 024A,216
E01001773,2615,Hackney 025E,299
E01001774,2138,Hackney 024B,244
E01001775,1718,Hackney 024C,196
E01001776,1720,Hackney 025F,197
E01001777,2947,Hackney 033A,337
E01001780,1937,Hackney 032D,221
E01001781,1604,Hackney 026B,183
E01001783,1615,Hackney 026D,185
E01001784,1858,Hackney 032A,212
E01001785,1616,Hackney 015B,185
E01001786,2185,Hackney 013A,250
E01001787,1596,Hackney 013B,182
E01001788,1584,Hackney 013C,181
E01001789,1795,Hackney 015C,205
E01001790,1482,Hackney 013D,169
E01001791,1481,Hackney 015D,169
E01001792,1992,Hackney 011A,228
E01001793,1530,Hackney 011B,175
E01001794,1906,Hackney 011C,218
E01001795,1448,Hackney 011D,166
E01001796,1459,Hackney 011E,167
E01001798,2450,Hackney 028A,280
E01001799,1474,Hackney 003A,169
E01001800,1786,Hackney 004C,204
E01001801,1785,Hackney 008B,204
E01001802,1360,Hackney 003B,155
E01001803,1800,Hackney 008C,206
E01001804,1682,Hackney 003C,192
E01001805,1241,Hackney 009B,142
E01001806,1432,Hackney 008D,164
E01001807,1763,Hackney 003D,202
E01001808,1629,Hackney 001A,186
E01001809,1867,Hackney 001B,213
E01001811,1874,Hackney 002D,214
E01001812,1776,Hackney 003E,203
E01001813,1914,Hackney 002E,219
E01001814,1727,Hackney 001C,197
E01001815,1853,Hackney 024D,212
E01001816,1555,Hackney 020D,178
E01001819,1633,Hackney 020E,187
E01001820,1480,Hackney 024E,169
E01001821,1377,Hackney 024F,157
E01001822,2055,Hackney 029C,235
E01001823,1684,Hackney 001D,193
E01001824,1743,Hackney 004D,199
E01001825,1344,Hackney 001E,154
E01001826,1750,Hackney 004E,200
E01001827,1647,Hackney 029D,188
E01001828,2064,Hackney 028B,236
E01001829,1720,Hackney 009C,197
E01001830,1898,Hackney 014C,217
E01001831,1774,Hackney 009D,203
E01001832,1653,Hackney 009E,189
E01001833,2090,Hackney 014D,239
E01001834,2006,Hackney 014E,229
E01001835,1201,Hackney 014F,137
E01001836,1886,Hackney 022A,216
E01001837,1536,Hackney 023B,176
E01001838,1899,Hackney 019E,217
E01001839,2644,Hackney 023C,302
E01001840,1627,Hackney 022B,186
E01001841,1367,Hackney 022C,156
E01001842,1478,Hackney 023D,169
E01001843,1208,Hackney 023E,138
E01001844,1910,Hackney 022D,218
E01001845,1634,Hackney 022E,187
E01001846,1235,Hackney 018A,141
E01001847,1426,Hackney 018B,163
E01001848,2005,Hackney 018C,229
E01001849,2970,Hackney 018D,340
E01001850,1872,Hackney 019F,214
E01033699,1548,Hackney 030A,177
E01033700,2516,Hackney 030B,288
E01033702,1406,Hackney 028C,161
E01033703,1409,Hackney 010F,161
E01033704,2518,Hackney 023F,288
E01033705,1446,Hackney 028D,165
E01033706,1681,Hackney 033B,192
E01033708,2349,Hackney 033C,269
E01033709,2112,Hackney 032B,241
E01033710,1131,Hackney 028E,129
E01033711,2320,Hackney 032C,265
E01033712,1657,Hackney 023G,189
E01033713,1315,Hackney 010G,150
E01035638,1985,Hackney 002G,227
E01035639,1931,Hackney 002H,221
E01035640,1384,Hackney 020F,158
E01035641,1494,Hackney 020G,171
E01035642,1906,Hackney 025G,218
E01035643,1719,Hackney 025H,197
E01035644,1212,Hackney 025I,139
E01035645,1387,Hackney 025J,159
E01035646,1630,Hackney 026E,186
E01035647,1122,Hackney 026F,128
E01035648,1484,Hackney 026G,170
E01035649,1421,Hackney 026H,162
E01035650,2056,Hackney 031C,235
E01001851,1460,Hammersmith and Fulham 010A,178
E01001852,1645,Hammersmith and Fulham 007A,201
E01001853,1513,Hammersmith and Fulham 007B,185
E01001854,1768,Hammersmith and Fulham 007C,216
E01001855,1721,Hammersmith and Fulham 010B,210
E01001856,1625,Hammersmith and Fulham 010C,199
E01001857,1621,Hammersmith and Fulham 007D,198
E01001858,1838,Hammersmith and Fulham 006A,225
E01001859,2658,Hammersmith and Fulham 008A,325
E01001860,1758,Hammersmith and Fulham 006B,215
E01001861,1362,Hammersmith and Fulham 006C,166
E01001862,1850,Hammersmith and Fulham 005A,226
E01001863,1367,Hammersmith and Fulham 006D,167
E01001864,1514,Hammersmith and Fulham 006E,185
E01001865,1576,Hammersmith and Fulham 008B,193
E01001866,1573,Hammersmith and Fulham 012A,192
E01001867,1256,Hammersmith and Fulham 012B,153
E01001868,1316,Hammersmith and Fulham 012C,161
E01001869,1472,Hammersmith and Fulham 010D,180
E01001870,1745,Hammersmith and Fulham 012D,213
E01001871,1572,Hammersmith and Fulham 012E,192
E01001872,1306,Hammersmith and Fulham 012F,160
E01001873,1502,Hammersmith and Fulham 010E,183
E01001875,1734,Hammersmith and Fulham 001B,212
E01001876,2319,Hammersmith and Fulham 001C,283
E01001877,2250,Hammersmith and Fulham 001D,275
E01001878,1552,Hammersmith and Fulham 001E,190
E01001879,1498,Hammersmith and Fulham 019A,183
E01001880,1426,Hammersmith and Fulham 017A,174
E01001881,1842,Hammersmith and Fulham 017B,225
E01001882,1656,Hammersmith and Fulham 017C,202
E01001883,2104,Hammersmith and Fulham 017D,257
E01001884,1778,Hammersmith and Fulham 017E,217
E01001885,1313,Hammersmith and Fulham 015A,160
E01001886,1619,Hammersmith and Fulham 016A,198
E01001887,1481,Hammersmith and Fulham 016B,181
E01001888,1609,Hammersmith and Fulham 018A,197
E01001889,1381,Hammersmith and Fulham 014A,169
E01001890,1826,Hammersmith and Fulham 016C,223
E01001891,2926,Hammersmith and Fulham 018B,357
E01001892,1365,Hammersmith and Fulham 016D,167
E01001893,1491,Hammersmith and Fulham 013A,182
E01001894,1362,Hammersmith and Fulham 013B,166
E01001895,1460,Hammersmith and Fulham 009A,178
E01001896,1352,Hammersmith and Fulham 009B,165
E01001897,1330,Hammersmith and Fulham 009C,162
E01001898,2687,Hammersmith and Fulham 013C,328
E01001899,1582,Hammersmith and Fulham 013D,193
E01001900,1689,Hammersmith and Fulham 013E,206
E01001901,1599,Hammersmith and Fulham 019B,195
E01001902,1697,Hammersmith and Fulham 019C,207
E01001903,1431,Hammersmith and Fulham 019D,175
E01001904,1556,Hammersmith and Fulham 022A,190
E01001905,1678,Hammersmith and Fulham 022B,205
E01001906,1478,Hammersmith and Fulham 022C,181
E01001907,1264,Hammersmith and Fulham 022D,154
E01001908,1389,Hammersmith and Fulham 015B,170
E01001909,1797,Hammersmith and Fulham 015C,220
E01001910,1269,Hammersmith and Fulham 014B,155
E01001911,1783,Hammersmith and Fulham 015D,218
E01001912,1418,Hammersmith and Fulham 015E,173
E01001913,1313,Hammersmith and Fulham 014C,160
E01001914,1551,Hammersmith and Fulham 014D,189
E01001915,1440,Hammersmith and Fulham 024A,176
E01001916,1333,Hammersmith and Fulham 024B,163
E01001917,1557,Hammersmith and Fulham 018C,190
E01001918,1521,Hammersmith and Fulham 018D,186
E01001919,1502,Hammersmith and Fulham 018E,183
E01001920,1470,Hammersmith and Fulham 020A,180
E01001921,1467,Hammersmith and Fulham 020B,179
E01001922,1620,Hammersmith and Fulham 020C,198
E01001923,1468,Hammersmith and Fulham 020D,179
E01001924,1498,Hammersmith and Fulham 020E,183
E01001925,1563,Hammersmith and Fulham 025A,191
E01001926,1391,Hammersmith and Fulham 024C,170
E01001927,1314,Hammersmith and Fulham 008C,161
E01001928,1897,Hammersmith and Fulham 011A,232
E01001929,1411,Hammersmith and Fulham 009D,172
E01001930,1803,Hammersmith and Fulham 008D,220
E01001931,1342,Hammersmith and Fulham 011B,164
E01001932,1608,Hammersmith and Fulham 011C,196
E01001933,1515,Hammersmith and Fulham 011D,185
E01001934,1974,Hammersmith and Fulham 025B,241
E01001935,2076,Hammersmith and Fulham 023A,254
E01001937,1846,Hammersmith and Fulham 025C,226
E01001938,1520,Hammersmith and Fulham 025D,186
E01001940,1568,Hammersmith and Fulham 005B,192
E01001941,1490,Hammersmith and Fulham 005C,182
E01001942,1864,Hammersmith and Fulham 005D,228
E01001943,2353,Hammersmith and Fulham 004A,287
E01001944,1692,Hammersmith and Fulham 004B,207
E01001945,1696,Hammersmith and Fulham 004C,207
E01001946,1898,Hammersmith and Fulham 004D,232
E01001947,1406,Hammersmith and Fulham 021A,172
E01001948,1868,Hammersmith and Fulham 021B,228
E01001949,1443,Hammersmith and Fulham 021C,176
E01001950,1526,Hammersmith and Fulham 021D,186
E01001951,1533,Hammersmith and Fulham 021E,187
E01001952,1759,Hammersmith and Fulham 024D,215
E01001953,1462,Hammersmith and Fulham 021F,179
E01001954,1562,Hammersmith and Fulham 003A,191
E01001955,2112,Hammersmith and Fulham 002A,258
E01001956,1587,Hammersmith and Fulham 003B,194
E01001957,1680,Hammersmith and Fulham 002B,205
E01001958,1686,Hammersmith and Fulham 002C,206
E01001959,2153,Hammersmith and Fulham 003C,263
E01001960,1718,Hammersmith and Fulham 003D,210
E01001961,1603,Hammersmith and Fulham 002D,196
E01032788,1713,Hammersmith and Fulham 023D,209
E01032789,1212,Hammersmith and Fulham 023E,148
E01032790,1138,Hammersmith and Fulham 023F,139
E01035484,1803,Hammersmith and Fulham 001F,220
E01035485,2014,Hammersmith and Fulham 001G,246
E01035486,2540,Hammersmith and Fulham 023G,310
E01035487,1599,Hammersmith and Fulham 023H,195
E01001962,1748,Haringey 004A,224
E01001963,1808,Haringey 009A,231
E01001964,1597,Haringey 009B,204
E01001965,1611,Haringey 009C,206
E01001966,1331,Haringey 009D,170
E01001967,1433,Haringey 014A,183
E01001968,1575,Haringey 014B,201
E01001969,2024,Haringey 001A,259
E01001970,1882,Haringey 004B,241
E01001971,1831,Haringey 001B,234
E01001972,1666,Haringey 004C,213
E01001973,2470,Haringey 004D,316
E01001974,2223,Haringey 001C,284
E01001975,1824,Haringey 001D,233
E01001976,1810,Haringey 011A,231
E01001977,1518,Haringey 011B,194
E01001978,1910,Haringey 011C,244
E01001979,2268,Haringey 011D,290
E01001980,1790,Haringey 018A,229
E01001981,1762,Haringey 018B,225
E01001982,1786,Haringey 018C,228
E01001983,1653,Haringey 018D,211
E01001984,1607,Haringey 033A,205
E01001985,1500,Haringey 033B,192
E01001986,1559,Haringey 034A,199
E01001987,1620,Haringey 033C,207
E01001988,1680,Haringey 034B,215
E01001989,1740,Haringey 033D,222
E01001990,1998,Haringey 034C,255
E01001991,1701,Haringey 017A,218
E01001992,1753,Haringey 017B,224
E01001993,1499,Haringey 017C,192
E01001994,1776,Haringey 030A,227
E01001995,2702,Haringey 017D,345
E01001996,1504,Haringey 014C,192
E01001997,1725,Haringey 014D,221
E01001998,1939,Haringey 023A,248
E01001999,2523,Haringey 023B,323
E01002000,1756,Haringey 031A,225
E01002001,1553,Haringey 031B,199
E01002002,1705,Haringey 031C,218
E01002003,2774,Haringey 023C,355
E01002004,1780,Haringey 023D,228
E01002005,1379,Haringey 035A,176
E01002006,1538,Haringey 035B,197
E01002007,1409,Haringey 035C,180
E01002008,1382,Haringey 030B,177
E01002009,1380,Haringey 035D,176
E01002010,1580,Haringey 030C,202
E01002011,1739,Haringey 030D,222
E01002013,1337,Haringey 022A,171
E01002014,1730,Haringey 020B,221
E01002015,1419,Haringey 020C,181
E01002016,1878,Haringey 028A,240
E01002017,1509,Haringey 028B,193
E01002018,1265,Haringey 020D,162
E01002019,1334,Haringey 022B,171
E01002020,1524,Haringey 021A,195
E01002021,1373,Haringey 022C,176
E01002022,2110,Haringey 021B,270
E01002023,1321,Haringey 021C,169
E01002024,1230,Haringey 022D,157
E01002025,1456,Haringey 021D,186
E01002026,1786,Haringey 016A,228
E01002027,1472,Haringey 010A,188
E01002028,1633,Haringey 010B,209
E01002029,2171,Haringey 016B,278
E01002030,2116,Haringey 016C,271
E01002031,2006,Haringey 016D,256
E01002032,1759,Haringey 010C,225
E01002033,1728,Haringey 010D,221
E01002034,2415,Haringey 037A,309
E01002036,1982,Haringey 002A,253
E01002037,1654,Haringey 002B,211
E01002038,1750,Haringey 037B,224
E01002039,1693,Haringey 002C,216
E01002040,2284,Haringey 002D,292
E01002041,1766,Haringey 037C,226
E01002042,1477,Haringey 027A,189
E01002043,1776,Haringey 026A,227
E01002044,1776,Haringey 027B,227
E01002045,1990,Haringey 026B,254
E01002046,1570,Haringey 026C,201
E01002047,1632,Haringey 027C,209
E01002048,1899,Haringey 027D,243
E01002049,1889,Haringey 026D,242
E01002050,1875,Haringey 029A,240
E01002051,1989,Haringey 029B,254
E01002052,2120,Haringey 029C,271
E01002053,2142,Haringey 032A,274
E01002054,1703,Haringey 032B,218
E01002055,2019,Haringey 029D,258
E01002056,2908,Haringey 032C,372
E01002057,1834,Haringey 032D,235
E01002058,1575,Haringey 031D,201
E01002059,1515,Haringey 028C,194
E01002060,1592,Haringey 028D,204
E01002061,1491,Haringey 036A,191
E01002062,1707,Haringey 034D,218
E01002063,1417,Haringey 036B,181
E01002064,1453,Haringey 036C,186
E01002065,1523,Haringey 036D,195
E01002066,2659,Haringey 025A,340
E01002067,1674,Haringey 024A,214
E01002068,2326,Haringey 025B,297
E01002069,2152,Haringey 024B,275
E01002070,2622,Haringey 024C,335
E01002071,1786,Haringey 025C,228
E01002072,2079,Haringey 025D,266
E01002073,1548,Haringey 024D,198
E01002074,2232,Haringey 012A,285
E01002075,1973,Haringey 015A,252
E01002076,1850,Haringey 015B,237
E01002077,2228,Haringey 012B,285
E01002078,2706,Haringey 015C,346
E01002079,1770,Haringey 012C,226
E01002081,1906,Haringey 012D,244
E01002082,1480,Haringey 013A,189
E01002083,1387,Haringey 019A,177
E01002084,1773,Haringey 019B,227
E01002085,2128,Haringey 019C,272
E01002086,1535,Haringey 013B,196
E01002087,1856,Haringey 019D,237
E01002088,1834,Haringey 013C,235
E01002089,1226,Haringey 013D,157
E01002090,1892,Haringey 005A,242
E01002091,1867,Haringey 006A,239
E01002092,1738,Haringey 006B,222
E01002093,1748,Haringey 005B,224
E01002094,1461,Haringey 006C,187
E01002095,1491,Haringey 006D,191
E01002096,1613,Haringey 005C,206
E01002097,1570,Haringey 005D,201
E01002098,1505,Haringey 007A,192
E01002099,1965,Haringey 008A,251
E01002100,1727,Haringey 008B,221
E01002101,1927,Haringey 007B,246
E01002102,1887,Haringey 007C,241
E01002103,1850,Haringey 008C,237
E01002104,1480,Haringey 008D,189
E01002105,2060,Haringey 007D,263
E01032575,2036,Haringey 037D,260
E01033086,1121,Haringey 020F,143
E01033943,2742,Haringey 015E,351
E01033944,3898,Haringey 015F,498
E01033945,1295,Haringey 020G,166
E01033946,1353,Haringey 020H,173
E01002106,1960,Harrow 008A,175
E01002107,1807,Harrow 012A,161
E01002108,1806,Harrow 008B,161
E01002109,1860,Harrow 008C,166
E01002110,1680,Harrow 008D,150
E01002111,2214,Harrow 008E,197
E01002112,2095,Harrow 001A,187
E01002113,1522,Harrow 002A,136
E01002114,2284,Harrow 001B,204
E01002115,1481,Harrow 002B,132
E01002116,1573,Harrow 002C,140
E01002118,2186,Harrow 002E,195
E01002119,2731,Harrow 007A,244
E01002120,1368,Harrow 007B,122
E01002121,1880,Harrow 007C,168
E01002122,2049,Harrow 007D,183
E01002123,1804,Harrow 007E,161
E01002124,1790,Harrow 010A,160
E01002125,2126,Harrow 010B,190
E01002127,1987,Harrow 023B,177
E01002128,2155,Harrow 020A,192
E01002129,3248,Harrow 023C,290
E01002130,3302,Harrow 020B,294
E01002131,1802,Harrow 023D,161
E01002132,2170,Harrow 029A,194
E01002133,2026,Harrow 027A,181
E01002134,1484,Harrow 029B,132
E01002135,2122,Harrow 029C,189
E01002136,1990,Harrow 027B,177
E01002137,1781,Harrow 029D,159
E01002138,1610,Harrow 027C,144
E01002139,1527,Harrow 006A,136
E01002140,1898,Harrow 005A,169
E01002141,1910,Harrow 005B,170
E01002142,1951,Harrow 005C,174
E01002143,1657,Harrow 005D,148
E01002144,1611,Harrow 004A,144
E01002145,1723,Harrow 005E,154
E01002146,1426,Harrow 004B,127
E01002147,1395,Harrow 004C,124
E01002148,1480,Harrow 006B,132
E01002149,1263,Harrow 004D,113
E01002150,2446,Harrow 006C,218
E01002151,1580,Harrow 006D,141
E01002152,1579,Harrow 006E,141
E01002153,1914,Harrow 019A,171
E01002155,1770,Harrow 019B,158
E01002156,1557,Harrow 015B,139
E01002157,1712,Harrow 019C,153
E01002158,1365,Harrow 019D,122
E01002159,1959,Harrow 021A,175
E01002160,2581,Harrow 021B,230
E01002161,2106,Harrow 021C,188
E01002162,1946,Harrow 015C,174
E01002163,1704,Harrow 015D,152
E01002164,1993,Harrow 021D,178
E01002165,1848,Harrow 017A,165
E01002166,1813,Harrow 017B,162
E01002167,1655,Harrow 017C,148
E01002168,1551,Harrow 017D,138
E01002169,1705,Harrow 017E,152
E01002170,1451,Harrow 033A,129
E01002171,1724,Harrow 033B,154
E01002172,1635,Harrow 033C,146
E01002173,1944,Harrow 033D,173
E01002174,1588,Harrow 033E,142
E01002175,1537,Harrow 033F,137
E01002176,1661,Harrow 033G,148
E01002177,1553,Harrow 033H,138
E01002178,1685,Harrow 033I,150
E01002179,2657,Harrow 013A,237
E01002181,3455,Harrow 020C,308
E01002182,2268,Harrow 020D,202
E01002183,2130,Harrow 013C,190
E01002184,1985,Harrow 013D,177
E01002185,1883,Harrow 009A,168
E01002186,1954,Harrow 009B,174
E01002187,1974,Harrow 009C,176
E01002188,1635,Harrow 016A,146
E01002189,1859,Harrow 016B,166
E01002190,1736,Harrow 009D,155
E01002191,2014,Harrow 022A,180
E01002192,1664,Harrow 016C,148
E01002193,2070,Harrow 016D,185
E01002194,1825,Harrow 022B,163
E01002195,1658,Harrow 022C,148
E01002196,1829,Harrow 022D,163
E01002197,1514,Harrow 012B,135
E01002198,1832,Harrow 010C,163
E01002199,1592,Harrow 012C,142
E01002200,2216,Harrow 010D,198
E01002201,1831,Harrow 012D,163
E01002202,2456,Harrow 012E,219
E01002203,1842,Harrow 010E,164
E01002204,1938,Harrow 032A,173
E01002206,1461,Harrow 032B,130
E01002207,1748,Harrow 032C,156
E01002208,1341,Harrow 025A,120
E01002209,1914,Harrow 025B,171
E01002210,1544,Harrow 032D,138
E01002211,1502,Harrow 028A,134
E01002212,2015,Harrow 028B,180
E01002214,1955,Harrow 031A,174
E01002215,1710,Harrow 031B,152
E01002216,1732,Harrow 028C,154
E01002217,2262,Harrow 028D,202
E01002218,1830,Harrow 030A,163
E01002219,1989,Harrow 030B,177
E01002220,1649,Harrow 031C,147
E01002221,1679,Harrow 030C,150
E01002222,1631,Harrow 030D,145
E01002223,1840,Harrow 031D,164
E01002224,1668,Harrow 031E,149
E01002225,1754,Harrow 001C,156
E01002226,2784,Harrow 001D,248
E01002227,2213,Harrow 003A,197
E01002228,2299,Harrow 003B,205
E01002229,1903,Harrow 003C,170
E01002230,1839,Harrow 003D,164
E01002231,2096,Harrow 013E,187
E01002232,2139,Harrow 011A,191
E01002233,2598,Harrow 011B,232
E01002234,1985,Harrow 011C,177
E01002235,1908,Harrow 011D,170
E01002236,2463,Harrow 011E,220
E01002237,2270,Harrow 024A,202
E01002238,1860,Harrow 024B,166
E01002239,2003,Harrow 025C,179
E01002240,2084,Harrow 024C,186
E01002241,1919,Harrow 025D,171
E01002242,1755,Harrow 024D,156
E01032576,1733,Harrow 032E,155
E01034589,1984,Harrow 002F,177
E01034590,1434,Harrow 002G,128
E01034591,2358,Harrow 013F,210
E01034592,1251,Harrow 013G,112
E01034593,1521,Harrow 015E,136
E01034594,1938,Harrow 015F,173
E01034595,1578,Harrow 023E,141
E01034596,1458,Harrow 023F,130
E01034597,1569,Harrow 023G,140
E01034598,1517,Harrow 023H,135
E01034599,1696,Harrow 027E,151
E01034600,2232,Harrow 027F,199
E01002243,2127,Havering 013A,232
E01002244,1925,Havering 011A,210
E01002245,1704,Havering 011B,186
E01002246,2001,Havering 017A,218
E01002247,2691,Havering 017B,294
E01002248,2031,Havering 017C,222
E01002250,1903,Havering 017E,208
E01002251,1633,Havering 017F,178
E01002252,1600,Havering 018A,175
E01002253,1669,Havering 019A,182
E01002254,1655,Havering 019B,181
E01002255,1588,Havering 022A,173
E01002256,1538,Havering 018B,168
E01002257,1774,Havering 019C,194
E01002258,1950,Havering 018C,213
E01002259,1590,Havering 018D,174
E01002260,1895,Havering 026A,207
E01002261,1930,Havering 026B,211
E01002262,1779,Havering 026C,194
E01002263,1602,Havering 026D,175
E01002264,1745,Havering 026E,190
E01002265,1537,Havering 025A,168
E01002266,1573,Havering 027A,172
E01002267,1861,Havering 027B,203
E01002268,1618,Havering 010A,177
E01002269,1916,Havering 010B,209
E01002270,1794,Havering 015A,196
E01002271,1600,Havering 015B,175
E01002272,1375,Havering 014A,150
E01002273,1312,Havering 015C,143
E01002274,1663,Havering 014B,181
E01002275,1311,Havering 015D,143
E01002276,2156,Havering 001A,235
E01002277,1627,Havering 002A,178
E01002278,1781,Havering 001B,194
E01002279,1827,Havering 002B,199
E01002280,1901,Havering 004A,207
E01002281,2598,Havering 002C,283
E01002282,2118,Havering 004B,231
E01002283,1746,Havering 002D,191
E01002284,2193,Havering 004C,239
E01002285,1762,Havering 025B,192
E01002286,1731,Havering 025C,189
E01002287,1620,Havering 023A,177
E01002288,1667,Havering 025D,182
E01002289,1773,Havering 022B,193
E01002290,1499,Havering 025E,164
E01002291,1567,Havering 023B,171
E01002292,1673,Havering 022C,183
E01002294,1596,Havering 007B,174
E01002295,2182,Havering 010C,238
E01002296,1742,Havering 007C,190
E01002297,1665,Havering 004D,182
E01002298,1633,Havering 007D,178
E01002299,1915,Havering 002E,209
E01002300,2083,Havering 007E,227
E01002301,1675,Havering 003A,183
E01002302,1800,Havering 005A,196
E01002303,2283,Havering 003B,249
E01002304,1602,Havering 003C,175
E01002305,1809,Havering 005B,197
E01002306,1870,Havering 003D,204
E01002307,1907,Havering 003E,208
E01002308,2055,Havering 005C,224
E01002309,1875,Havering 006A,205
E01002310,2084,Havering 006B,227
E01002311,1940,Havering 006C,212
E01002312,1744,Havering 001C,190
E01002313,2357,Havering 001D,257
E01002314,1912,Havering 004E,209
E01002315,1748,Havering 006D,191
E01002316,2256,Havering 004F,246
E01002317,1549,Havering 014C,169
E01002318,1639,Havering 014D,179
E01002319,2070,Havering 016A,226
E01002320,1544,Havering 021A,168
E01002321,1834,Havering 021B,200
E01002322,1955,Havering 021C,213
E01002323,1779,Havering 021D,194
E01002324,1544,Havering 021E,168
E01002325,2378,Havering 011C,259
E01002326,1819,Havering 005D,198
E01002327,1613,Havering 009A,176
E01002328,1868,Havering 009B,204
E01002329,1830,Havering 011D,200
E01002330,1891,Havering 011E,206
E01002331,1768,Havering 005E,193
E01002332,1824,Havering 009C,199
E01002333,1289,Havering 008A,141
E01002334,1825,Havering 008B,199
E01002335,1573,Havering 009D,172
E01002336,1683,Havering 008C,184
E01002337,1511,Havering 012A,165
E01002338,1474,Havering 009E,161
E01002339,1608,Havering 008D,175
E01002340,1556,Havering 009F,170
E01002341,1497,Havering 008E,163
E01002342,1703,Havering 030A,186
E01002343,1796,Havering 029A,196
E01002344,2048,Havering 029B,223
E01002345,2102,Havering 030B,229
E01002346,1562,Havering 030C,170
E01002347,1541,Havering 030D,168
E01002348,1569,Havering 029C,171
E01002349,1628,Havering 029D,178
E01002350,1822,Havering 016B,199
E01002351,1829,Havering 016C,200
E01002352,2069,Havering 016D,226
E01002353,2142,Havering 013B,234
E01002354,1432,Havering 012B,156
E01002355,1535,Havering 014E,168
E01002356,2470,Havering 013C,270
E01002358,2346,Havering 016E,256
E01002359,1279,Havering 020A,140
E01002360,1452,Havering 020B,158
E01002361,2016,Havering 020C,220
E01002362,1648,Havering 022D,180
E01002363,1598,Havering 020D,174
E01002364,1370,Havering 023C,150
E01002365,1418,Havering 023D,155
E01002366,1594,Havering 023E,174
E01002367,1778,Havering 020E,194
E01002368,3959,Havering 028A,432
E01002369,2239,Havering 028B,244
E01002370,3497,Havering 028C,382
E01002371,1874,Havering 028D,204
E01002372,1833,Havering 027C,200
E01002373,1809,Havering 027D,197
E01002374,1906,Havering 027E,208
E01002375,1976,Havering 028E,216
E01002376,1369,Havering 012C,149
E01002377,1854,Havering 010D,202
E01002378,1682,Havering 010E,184
E01002379,1748,Havering 012D,191
E01002380,2394,Havering 012E,261
E01002381,1670,Havering 012F,182
E01002382,1821,Havering 014F,199
E01002383,1833,Havering 010F,200
E01002384,1707,Havering 019D,186
E01002385,1578,Havering 024A,172
E01002386,2139,Havering 022E,233
E01002387,1646,Havering 024B,180
E01002388,1576,Havering 024C,172
E01002389,1638,Havering 024D,179
E01002390,1450,Havering 024E,158
E01002391,1771,Havering 018E,193
E01032741,1851,Havering 013E,202
E01032742,1820,Havering 013F,199
E01033784,1648,Havering 007F,180
E01033785,1588,Havering 007G,173
E01033786,1583,Havering 017G,173
E01033787,1642,Havering 017H,179
E01033788,1643,Havering 017I,179
E01002392,1848,Hillingdon 020A,236
E01002393,2373,Hillingdon 020B,304
E01002394,1843,Hillingdon 021A,236
E01002395,1484,Hillingdon 021B,190
E01002396,1900,Hillingdon 026A,243
E01002397,2259,Hillingdon 021C,289
E01002398,1973,Hillingdon 021D,252
E01002399,1746,Hillingdon 021E,223
E01002400,2155,Hillingdon 024A,276
E01002401,2479,Hillingdon 024B,317
E01002402,1733,Hillingdon 024C,222
E01002403,2565,Hillingdon 024D,328
E01002404,2129,Hillingdon 024E,272
E01002405,2109,Hillingdon 027A,270
E01002408,1811,Hillingdon 019A,232
E01002409,2096,Hillingdon 019B,268
E01002410,2166,Hillingdon 017A,277
E01002411,2319,Hillingdon 022A,297
E01002412,2467,Hillingdon 017B,316
E01002413,1763,Hillingdon 022B,225
E01002414,2527,Hillingdon 015A,323
E01002415,1791,Hillingdon 010A,229
E01002416,1700,Hillingdon 008A,217
E01002417,1864,Hillingdon 008B,238
E01002418,1795,Hillingdon 006A,230
E01002419,1885,Hillingdon 006B,241
E01002420,1637,Hillingdon 008C,209
E01002421,1789,Hillingdon 008D,229
E01002422,1705,Hillingdon 018A,218
E01002423,2139,Hillingdon 018B,274
E01002424,1854,Hillingdon 018C,237
E01002425,1798,Hillingdon 018D,230
E01002426,2176,Hillingdon 021F,278
E01002427,1737,Hillingdon 018E,222
E01002428,1710,Hillingdon 018F,219
E01002429,1696,Hillingdon 019C,217
E01002430,1427,Hillingdon 007A,183
E01002431,1395,Hillingdon 006C,178
E01002432,1629,Hillingdon 006D,208
E01002433,2415,Hillingdon 004A,309
E01002434,1343,Hillingdon 007B,172
E01002435,1560,Hillingdon 007C,200
E01002436,1684,Hillingdon 004B,215
E01002437,1400,Hillingdon 006E,179
E01002438,1457,Hillingdon 003A,186
E01002439,1546,Hillingdon 003B,198
E01002440,1590,Hillingdon 003C,203
E01002441,1589,Hillingdon 003D,203
E01002442,1591,Hillingdon 003E,203
E01002443,2321,Hillingdon 032A,297
E01002444,2486,Hillingdon 031A,318
E01002445,1977,Hillingdon 029A,253
E01002446,3429,Hillingdon 031B,439
E01002447,2486,Hillingdon 031C,318
E01002448,2623,Hillingdon 032B,336
E01002449,2370,Hillingdon 032C,303
E01002450,1519,Hillingdon 014A,194
E01002451,1585,Hillingdon 014B,203
E01002452,1596,Hillingdon 014C,204
E01002453,1817,Hillingdon 014D,232
E01002454,1994,Hillingdon 014E,255
E01002455,2124,Hillingdon 019D,272
E01002456,1767,Hillingdon 017C,226
E01002457,1741,Hillingdon 019E,223
E01002458,1479,Hillingdon 011A,189
E01002459,1696,Hillingdon 011B,217
E01002460,1552,Hillingdon 011C,199
E01002461,1568,Hillingdon 013A,201
E01002462,1468,Hillingdon 011D,188
E01002463,1475,Hillingdon 013B,189
E01002464,1648,Hillingdon 011E,211
E01002465,1783,Hillingdon 009A,228
E01002466,1718,Hillingdon 010B,220
E01002467,1691,Hillingdon 009B,216
E01002468,1724,Hillingdon 010C,221
E01002469,1605,Hillingdon 010D,205
E01002470,2021,Hillingdon 007D,258
E01002471,1686,Hillingdon 008E,216
E01002472,1731,Hillingdon 002A,221
E01002473,1698,Hillingdon 001A,217
E01002474,1807,Hillingdon 002B,231
E01002475,1600,Hillingdon 001B,205
E01002476,1562,Hillingdon 001C,200
E01002477,1306,Hillingdon 001D,167
E01002478,1566,Hillingdon 002C,200
E01002479,1894,Hillingdon 004C,242
E01002480,1897,Hillingdon 004D,243
E01002481,1657,Hillingdon 004E,212
E01002482,1608,Hillingdon 001E,206
E01002483,2026,Hillingdon 002D,259
E01002484,1508,Hillingdon 002E,193
E01002485,2215,Hillingdon 002F,283
E01002486,2434,Hillingdon 028A,311
E01002487,2064,Hillingdon 028B,264
E01002488,1921,Hillingdon 030B,246
E01002489,2053,Hillingdon 030C,263
E01002490,2434,Hillingdon 030D,311
E01002491,1900,Hillingdon 032D,243
E01002492,1889,Hillingdon 030E,242
E01002493,2229,Hillingdon 032E,285
E01002494,1784,Hillingdon 009C,228
E01002495,1902,Hillingdon 010E,243
E01002496,2068,Hillingdon 033A,265
E01002497,2740,Hillingdon 033B,350
E01002498,1488,Hillingdon 033C,190
E01002499,2248,Hillingdon 033D,288
E01002501,1842,Hillingdon 026B,236
E01002502,2137,Hillingdon 026C,273
E01002503,2001,Hillingdon 027C,256
E01002505,1877,Hillingdon 026D,240
E01002506,2535,Hillingdon 027E,324
E01002507,2169,Hillingdon 027F,277
E01002508,2216,Hillingdon 026E,283
E01002509,1471,Hillingdon 017D,188
E01002511,1669,Hillingdon 017E,213
E01002512,2218,Hillingdon 013C,284
E01002513,1523,Hillingdon 013D,195
E01002514,2150,Hillingdon 015C,275
E01002516,1503,Hillingdon 013E,192
E01002518,1360,Hillingdon 022C,174
E01002519,2253,Hillingdon 022D,288
E01002520,2187,Hillingdon 016B,280
E01002521,2542,Hillingdon 016C,325
E01002523,1647,Hillingdon 016D,211
E01002525,1896,Hillingdon 029B,243
E01002526,3217,Hillingdon 028C,411
E01002527,1717,Hillingdon 031D,220
E01002528,1791,Hillingdon 028D,229
E01002529,2706,Hillingdon 029C,346
E01002530,1961,Hillingdon 029D,251
E01002531,1797,Hillingdon 029E,230
E01002533,1495,Hillingdon 005A,191
E01002534,1495,Hillingdon 005B,191
E01002535,2314,Hillingdon 007E,296
E01002536,1467,Hillingdon 009D,188
E01002537,2585,Hillingdon 009E,331
E01002538,1730,Hillingdon 005C,221
E01002539,1681,Hillingdon 005D,215
E01002540,1896,Hillingdon 020C,243
E01002541,2144,Hillingdon 023A,274
E01002542,2244,Hillingdon 020D,287
E01002543,2243,Hillingdon 020E,287
E01002544,1849,Hillingdon 023B,236
E01002545,1487,Hillingdon 023C,190
E01002546,1844,Hillingdon 023D,236
E01002547,1858,Hillingdon 023E,238
E01002548,2321,Hillingdon 025A,297
E01002549,2148,Hillingdon 025B,275
E01002550,1996,Hillingdon 022E,255
E01002551,2194,Hillingdon 025C,281
E01002552,1814,Hillingdon 025D,232
E01002553,1828,Hillingdon 025E,234
E01032577,1821,Hillingdon 033E,233
E01034601,1553,Hillingdon 015G,199
E01034602,1628,Hillingdon 015H,208
E01034603,1706,Hillingdon 015I,218
E01034604,1609,Hillingdon 015J,206
E01034605,1872,Hillingdon 015K,239
E01034606,2612,Hillingdon 016G,334
E01034607,2490,Hillingdon 016H,318
E01034608,2871,Hillingdon 022G,367
E01034609,2489,Hillingdon 022H,318
E01034610,1952,Hillingdon 027G,250
E01034611,1491,Hillingdon 027H,191
E01034612,2304,Hillingdon 027I,295
E01034613,1884,Hillingdon 027J,241
E01034614,2087,Hillingdon 028F,267
E01034615,2337,Hillingdon 028G,299
E01034616,2297,Hillingdon 030F,294
E01034617,3339,Hillingdon 030G,427
E01002555,2171,Hounslow 022A,229
E01002556,2031,Hounslow 022B,215
E01002557,2104,Hounslow 023A,222
E01002558,2367,Hounslow 023B,250
E01002559,2593,Hounslow 023C,274
E01002560,2185,Hounslow 023D,231
E01002561,1738,Hounslow 023E,184
E01002562,1454,Hounslow 030D,154
E01002563,2021,Hounslow 006A,213
E01002564,1828,Hounslow 031E,193
E01002565,2480,Hounslow 006B,262
E01002567,1786,Hounslow 006C,189
E01002569,2126,Hounslow 001A,225
E01002570,1498,Hounslow 001B,158
E01002571,1315,Hounslow 007A,139
E01002572,1549,Hounslow 007B,164
E01002573,1518,Hounslow 001C,160
E01002574,1697,Hounslow 001D,179
E01002575,1614,Hounslow 001E,170
E01002576,1587,Hounslow 008A,168
E01002577,1598,Hounslow 007C,169
E01002578,1513,Hounslow 007D,160
E01002579,1728,Hounslow 008B,183
E01002580,1477,Hounslow 008C,156
E01002581,1878,Hounslow 008D,198
E01002582,1657,Hounslow 008E,175
E01002583,1816,Hounslow 013A,192
E01002584,2209,Hounslow 013B,233
E01002585,1864,Hounslow 013C,197
E01002586,1940,Hounslow 013D,205
E01002587,2521,Hounslow 016A,266
E01002588,2032,Hounslow 016B,215
E01002589,2585,Hounslow 013E,273
E01002590,3127,Hounslow 022C,330
E01002591,2003,Hounslow 024A,212
E01002592,2261,Hounslow 022D,239
E01002593,3533,Hounslow 024B,373
E01002594,2512,Hounslow 024C,265
E01002595,2363,Hounslow 022E,250
E01002596,2448,Hounslow 027A,259
E01002598,2161,Hounslow 025B,228
E01002599,1633,Hounslow 025C,172
E01002600,1678,Hounslow 025D,177
E01002601,1964,Hounslow 027B,207
E01002602,1597,Hounslow 027C,169
E01002603,1902,Hounslow 025E,201
E01002604,1591,Hounslow 026A,168
E01002605,2420,Hounslow 026B,256
E01002606,1700,Hounslow 026C,180
E01002607,2538,Hounslow 026D,268
E01002608,2021,Hounslow 028A,213
E01002609,1738,Hounslow 028B,184
E01002610,1832,Hounslow 028C,194
E01002611,2104,Hounslow 024D,222
E01002612,2321,Hounslow 024E,245
E01002613,2013,Hounslow 024F,213
E01002614,2292,Hounslow 027D,242
E01002615,1850,Hounslow 026E,195
E01002616,1627,Hounslow 027E,172
E01002617,1702,Hounslow 028D,180
E01002618,2101,Hounslow 011A,222
E01002619,2204,Hounslow 010A,233
E01002620,3148,Hounslow 004A,333
E01002621,2273,Hounslow 011B,240
E01002622,1949,Hounslow 010B,206
E01002623,1936,Hounslow 011C,205
E01002624,1793,Hounslow 017A,189
E01002625,1772,Hounslow 004B,187
E01002626,1690,Hounslow 004C,179
E01002627,1815,Hounslow 004D,192
E01002628,2254,Hounslow 011D,238
E01002629,2944,Hounslow 011E,311
E01002630,2080,Hounslow 012A,220
E01002631,1903,Hounslow 004E,201
E01002632,2042,Hounslow 010C,216
E01002633,2205,Hounslow 005A,233
E01002634,1811,Hounslow 005B,191
E01002635,2078,Hounslow 010D,220
E01002636,2127,Hounslow 010E,225
E01002637,1969,Hounslow 005C,208
E01002638,2245,Hounslow 005D,237
E01002639,1725,Hounslow 012B,182
E01002640,2357,Hounslow 012C,249
E01002641,3006,Hounslow 018A,318
E01002643,2765,Hounslow 015B,292
E01002645,2292,Hounslow 015C,242
E01002646,2325,Hounslow 017B,246
E01002647,2262,Hounslow 021A,239
E01002649,2139,Hounslow 018D,226
E01002650,2519,Hounslow 021B,266
E01002651,2065,Hounslow 021C,218
E01002652,1890,Hounslow 021D,200
E01002653,1877,Hounslow 019A,198
E01002654,1956,Hounslow 019B,207
E01002655,1935,Hounslow 019C,204
E01002656,1368,Hounslow 019D,145
E01002657,1943,Hounslow 018E,205
E01002658,1375,Hounslow 015D,145
E01002659,1392,Hounslow 019E,147
E01002660,2381,Hounslow 016C,252
E01002661,2258,Hounslow 016D,239
E01002662,2627,Hounslow 017C,278
E01002663,2292,Hounslow 017D,242
E01002665,1838,Hounslow 016E,194
E01002666,1834,Hounslow 021E,194
E01002667,2334,Hounslow 020A,247
E01002668,2322,Hounslow 014A,245
E01002669,1875,Hounslow 014B,198
E01002670,1911,Hounslow 020B,202
E01002671,1849,Hounslow 020C,195
E01002672,1634,Hounslow 020D,173
E01002673,1558,Hounslow 020E,165
E01002674,2138,Hounslow 012D,226
E01002675,2470,Hounslow 009A,261
E01002676,1604,Hounslow 012E,169
E01002677,2111,Hounslow 015E,223
E01002678,2133,Hounslow 009B,225
E01002679,1939,Hounslow 009C,205
E01002680,2117,Hounslow 009D,224
E01002681,2385,Hounslow 014C,252
E01002682,2397,Hounslow 014D,253
E01002686,1872,Hounslow 006E,198
E01002687,1628,Hounslow 029A,172
E01002689,1563,Hounslow 007E,165
E01002690,1414,Hounslow 007F,149
E01002691,1579,Hounslow 029B,167
E01002692,2053,Hounslow 029C,217
E01002693,1749,Hounslow 029D,185
E01032573,1740,Hounslow 029E,184
E01033000,1751,Hounslow 025F,185
E01033030,1967,Hounslow 025G,208
E01033081,1554,Hounslow 031D,164
E01033082,1222,Hounslow 031C,129
E01033083,2740,Hounslow 018F,289
E01033084,1998,Hounslow 018G,211
E01034032,1871,Hounslow 006G,198
E01034033,2259,Hounslow 006H,239
E01034034,1615,Hounslow 014F,171
E01034035,1571,Hounslow 014G,166
E01034036,2183,Hounslow 015F,231
E01034037,2171,Hounslow 015G,229
E01034038,1906,Hounslow 017F,201
E01034039,1786,Hounslow 017G,189
E01034040,1796,Hounslow 018H,190
E01034041,1481,Hounslow 018I,156
E01034042,2548,Hounslow 030A,269
E01034043,1428,Hounslow 030B,151
E01034044,1285,Hounslow 030C,136
E01034045,1818,Hounslow 031A,192
E01034046,1928,Hounslow 031B,204
E01002694,1519,Islington 019A,205
E01002695,1526,Islington 021A,206
E01002696,1796,Islington 020A,243
E01002697,2274,Islington 019B,307
E01002698,2018,Islington 017A,273
E01002699,1508,Islington 017B,204
E01002700,1349,Islington 017C,182
E01002701,1465,Islington 023A,198
E01002702,3495,Islington 023B,472
E01002703,2481,Islington 023C,335
E01002704,2554,Islington 023D,345
E01002706,2171,Islington 023E,293
E01002707,2012,Islington 022B,272
E01002708,2241,Islington 015A,303
E01002709,1847,Islington 019C,250
E01002710,1652,Islington 019D,223
E01002711,2187,Islington 021B,296
E01002712,1419,Islington 015B,192
E01002713,2767,Islington 015C,374
E01002714,1561,Islington 017D,211
E01002715,1744,Islington 019E,236
E01002716,2325,Islington 014A,314
E01002717,1195,Islington 016A,161
E01002718,1467,Islington 014B,198
E01002719,1474,Islington 016B,199
E01002720,2084,Islington 016C,282
E01002721,1539,Islington 014C,208
E01002722,1406,Islington 018A,190
E01002723,1701,Islington 022C,230
E01002724,2043,Islington 022D,276
E01002725,1367,Islington 022E,185
E01002726,1845,Islington 022F,249
E01002727,1543,Islington 021C,209
E01002728,1530,Islington 021D,207
E01002729,1839,Islington 021E,249
E01002730,1874,Islington 007A,253
E01002732,1911,Islington 005A,258
E01002733,1369,Islington 007C,185
E01002734,2510,Islington 005B,339
E01002735,3180,Islington 003A,430
E01002736,1550,Islington 005C,209
E01002737,2041,Islington 005D,276
E01002738,1813,Islington 009A,245
E01002739,1811,Islington 013A,245
E01002740,2278,Islington 013B,308
E01002741,1518,Islington 009B,205
E01002742,1970,Islington 006A,266
E01002743,1527,Islington 009C,206
E01002744,1268,Islington 009D,171
E01002745,1417,Islington 013C,192
E01002747,1564,Islington 006B,211
E01002748,1623,Islington 006C,219
E01002749,1509,Islington 006D,204
E01002751,1786,Islington 005E,241
E01002752,1573,Islington 009E,213
E01002753,1436,Islington 002A,194
E01002754,1567,Islington 002B,212
E01002755,1254,Islington 001A,169
E01002756,1269,Islington 001B,171
E01002757,1458,Islington 002C,197
E01002758,1756,Islington 001C,237
E01002759,1528,Islington 002D,207
E01002760,1763,Islington 002E,238
E01002762,1912,Islington 011C,258
E01002763,1396,Islington 007D,189
E01002764,1845,Islington 010A,249
E01002765,3165,Islington 015D,428
E01002766,2192,Islington 015E,296
E01002767,2289,Islington 011D,309
E01002768,1628,Islington 004A,220
E01002769,1981,Islington 008A,268
E01002770,1996,Islington 004B,270
E01002771,1610,Islington 004C,218
E01002772,1944,Islington 002F,263
E01002773,1678,Islington 004D,227
E01002774,2193,Islington 004E,296
E01002775,1385,Islington 014D,187
E01002776,1896,Islington 014E,256
E01002777,1658,Islington 012A,224
E01002778,1963,Islington 012B,265
E01002779,1866,Islington 012C,252
E01002780,1707,Islington 014F,231
E01002781,1726,Islington 012D,233
E01002782,1401,Islington 012E,189
E01002783,1652,Islington 010B,223
E01002784,1796,Islington 010C,243
E01002785,1836,Islington 008B,248
E01002786,2030,Islington 010D,274
E01002787,1508,Islington 010E,204
E01002788,1844,Islington 008C,249
E01002789,1839,Islington 008D,249
E01002790,1417,Islington 016D,192
E01002791,1951,Islington 016E,264
E01002792,1838,Islington 017E,248
E01002793,1887,Islington 016F,255
E01002794,2171,Islington 020B,293
E01002795,1987,Islington 013D,269
E01002796,1127,Islington 013E,152
E01002797,1822,Islington 018B,246
E01002798,1959,Islington 018C,265
E01002799,1948,Islington 018D,263
E01002800,1781,Islington 018E,241
E01002801,1512,Islington 020C,204
E01002802,1892,Islington 020D,256
E01002804,1516,Islington 001D,205
E01002805,1477,Islington 003B,200
E01002806,1624,Islington 003C,219
E01002807,1745,Islington 001E,236
E01002808,1942,Islington 003D,262
E01002809,1691,Islington 003E,229
E01002810,1720,Islington 003F,232
E01002811,1654,Islington 001F,224
E01033486,1050,Islington 011E,142
E01033487,1216,Islington 011F,164
E01033488,2239,Islington 011G,303
E01033489,1691,Islington 022G,229
E01033490,1464,Islington 022H,198
E01033491,1947,Islington 011H,263
E01033493,1262,Islington 006F,171
E01033494,1548,Islington 006G,209
E01035651,1629,Islington 007E,220
E01035652,1370,Islington 007F,185
E01035653,1493,Islington 011J,202
E01035654,1144,Islington 011K,155
E01035655,1747,Islington 020F,236
E01035656,1560,Islington 020G,211
E01002812,1540,Kensington and Chelsea 013A,210
E01002813,1438,Kensington and Chelsea 011A,196
E01002814,2525,Kensington and Chelsea 015A,344
E01002815,1198,Kensington and Chelsea 011B,163
E01002816,1106,Kensington and Chelsea 011C,151
E01002817,1410,Kensington and Chelsea 011D,192
E01002818,1296,Kensington and Chelsea 012A,176
E01002819,1123,Kensington and Chelsea 012B,153
E01002821,1214,Kensington and Chelsea 014A,165
E01002823,1222,Kensington and Chelsea 014B,166
E01002824,1204,Kensington and Chelsea 008A,164
E01002825,1850,Kensington and Chelsea 008B,252
E01002826,1311,Kensington and Chelsea 008C,179
E01002827,1746,Kensington and Chelsea 008D,238
E01002828,1201,Kensington and Chelsea 008E,164
E01002829,1250,Kensington and Chelsea 004A,170
E01002830,1623,Kensington and Chelsea 004B,221
E01002831,1694,Kensington and Chelsea 004C,231
E01002832,1537,Kensington and Chelsea 004D,209
E01002833,1132,Kensington and Chelsea 007A,154
E01002834,1315,Kensington and Chelsea 013B,179
E01002835,1538,Kensington and Chelsea 016C,209
E01002836,1307,Kensington and Chelsea 016D,178
E01002837,1047,Kensington and Chelsea 016E,143
E01002839,1558,Kensington and Chelsea 013C,212
E01002840,1069,Kensington and Chelsea 021A,146
E01002841,1193,Kensington and Chelsea 021B,162
E01002842,1022,Kensington and Chelsea 021C,139
E01002843,1396,Kensington and Chelsea 021D,190
E01002844,1170,Kensington and Chelsea 019A,159
E01002845,1250,Kensington and Chelsea 019B,170
E01002846,1338,Kensington and Chelsea 017A,182
E01002847,1393,Kensington and Chelsea 015B,190
E01002848,1237,Kensington and Chelsea 015C,168
E01002849,1525,Kensington and Chelsea 017B,208
E01002850,1511,Kensington and Chelsea 013D,206
E01002851,1275,Kensington and Chelsea 015D,174
E01002852,2479,Kensington and Chelsea 001A,338
E01002853,1365,Kensington and Chelsea 001B,186
E01002854,1092,Kensington and Chelsea 001C,149
E01002855,1532,Kensington and Chelsea 001D,209
E01002856,1346,Kensington and Chelsea 004E,183
E01002857,1397,Kensington and Chelsea 001E,190
E01002858,1356,Kensington and Chelsea 014C,185
E01002859,1226,Kensington and Chelsea 012C,167
E01002860,1113,Kensington and Chelsea 012D,152
E01002861,1281,Kensington and Chelsea 014D,174
E01002862,1095,Kensington and Chelsea 014E,149
E01002863,1102,Kensington and Chelsea 012E,150
E01002864,1468,Kensington and Chelsea 009A,200
E01002865,1536,Kensington and Chelsea 011E,209
E01002866,1765,Kensington and Chelsea 009B,240
E01002867,1722,Kensington and Chelsea 009C,234
E01002868,1328,Kensington and Chelsea 009D,181
E01002869,1646,Kensington and Chelsea 009E,224
E01002870,1598,Kensington and Chelsea 005A,218
E01002871,1435,Kensington and Chelsea 007B,195
E01002872,1289,Kensington and Chelsea 005B,176
E01002873,1311,Kensington and Chelsea 007C,178
E01002874,1068,Kensington and Chelsea 007D,145
E01002875,1202,Kensington and Chelsea 007E,164
E01002876,1766,Kensington and Chelsea 003A,240
E01002877,2183,Kensington and Chelsea 003B,297
E01002878,1409,Kensington and Chelsea 003C,192
E01002879,1893,Kensington and Chelsea 005C,258
E01002880,1013,Kensington and Chelsea 005D,138
E01002881,1397,Kensington and Chelsea 005E,190
E01002882,947,Kensington and Chelsea 006A,129
E01002883,1613,Kensington and Chelsea 006B,220
E01002884,1330,Kensington and Chelsea 006C,181
E01002885,1248,Kensington and Chelsea 006D,170
E01002886,1268,Kensington and Chelsea 006E,173
E01002887,1051,Kensington and Chelsea 010A,143
E01002888,1752,Kensington and Chelsea 013E,239
E01002889,1660,Kensington and Chelsea 010B,226
E01002890,1353,Kensington and Chelsea 010C,184
E01002891,1167,Kensington and Chelsea 010D,159
E01002892,1366,Kensington and Chelsea 010E,186
E01002893,1531,Kensington and Chelsea 017C,208
E01002894,1406,Kensington and Chelsea 017D,191
E01002896,1598,Kensington and Chelsea 020C,218
E01002897,1560,Kensington and Chelsea 020D,212
E01002898,1712,Kensington and Chelsea 017E,233
E01002899,1322,Kensington and Chelsea 018A,180
E01002900,1739,Kensington and Chelsea 018B,237
E01002901,1171,Kensington and Chelsea 018C,159
E01002902,1222,Kensington and Chelsea 018D,166
E01002903,1343,Kensington and Chelsea 018E,183
E01002904,1291,Kensington and Chelsea 002A,176
E01002905,1700,Kensington and Chelsea 002B,231
E01002906,1753,Kensington and Chelsea 002C,239
E01002907,1228,Kensington and Chelsea 002D,167
E01002908,1415,Kensington and Chelsea 003D,193
E01002909,2051,Kensington and Chelsea 003E,279
E01002910,1442,Kensington and Chelsea 019C,196
E01002911,1304,Kensington and Chelsea 019D,178
E01002912,1577,Kensington and Chelsea 020E,215
E01002913,1714,Kensington and Chelsea 021E,233
E01002914,1250,Kensington and Chelsea 019E,170
E01035713,2097,Kensington and Chelsea 016F,286
E01035714,2160,Kensington and Chelsea 020F,294
E01002915,1497,Kingston upon Thames 014A,159
E01002916,1528,Kingston upon Thames 014B,163
E01002917,1436,Kingston upon Thames 014C,153
E01002918,1761,Kingston upon Thames 017A,187
E01002919,2154,Kingston upon Thames 017B,229
E01002920,1594,Kingston upon Thames 014D,170
E01002921,1742,Kingston upon Thames 011A,185
E01002922,1647,Kingston upon Thames 010A,175
E01002923,1757,Kingston upon Thames 013A,187
E01002924,1508,Kingston upon Thames 014E,160
E01002925,1716,Kingston upon Thames 013B,182
E01002926,1660,Kingston upon Thames 010B,177
E01002927,1652,Kingston upon Thames 008A,176
E01002928,1877,Kingston upon Thames 008B,200
E01002929,1653,Kingston upon Thames 007A,176
E01002930,1963,Kingston upon Thames 007B,209
E01002931,1959,Kingston upon Thames 007C,208
E01002932,2122,Kingston upon Thames 006A,226
E01002933,1983,Kingston upon Thames 004A,211
E01002934,1790,Kingston upon Thames 004B,190
E01002935,2039,Kingston upon Thames 003A,217
E01002937,1780,Kingston upon Thames 004D,189
E01002938,1948,Kingston upon Thames 003B,207
E01002939,1693,Kingston upon Thames 018A,180
E01002940,1687,Kingston upon Thames 020A,179
E01002941,1656,Kingston upon Thames 018B,176
E01002942,1404,Kingston upon Thames 018C,149
E01002943,1447,Kingston upon Thames 020B,154
E01002944,1414,Kingston upon Thames 019A,150
E01002945,1613,Kingston upon Thames 019B,172
E01002946,1500,Kingston upon Thames 019C,160
E01002947,1650,Kingston upon Thames 019D,175
E01002948,2205,Kingston upon Thames 020C,235
E01002949,1849,Kingston upon Thames 020D,197
E01002950,1732,Kingston upon Thames 020E,184
E01002951,1555,Kingston upon Thames 003C,165
E01002952,1378,Kingston upon Thames 002A,147
E01002953,1400,Kingston upon Thames 002B,149
E01002954,1484,Kingston upon Thames 003D,158
E01002955,1455,Kingston upon Thames 002C,155
E01002956,1462,Kingston upon Thames 002D,155
E01002957,1754,Kingston upon Thames 003E,187
E01002958,1726,Kingston upon Thames 008C,184
E01002959,1379,Kingston upon Thames 002E,147
E01002960,1646,Kingston upon Thames 006B,175
E01002961,1699,Kingston upon Thames 008D,181
E01002962,1632,Kingston upon Thames 006C,174
E01002963,1825,Kingston upon Thames 007D,194
E01002964,2721,Kingston upon Thames 005A,289
E01002965,2707,Kingston upon Thames 009A,288
E01002966,2084,Kingston upon Thames 010C,222
E01002967,1882,Kingston upon Thames 009B,200
E01002968,3521,Kingston upon Thames 009C,375
E01002969,1748,Kingston upon Thames 005B,186
E01002970,1882,Kingston upon Thames 006D,200
E01002971,1870,Kingston upon Thames 005C,199
E01002972,2155,Kingston upon Thames 005D,229
E01002973,2009,Kingston upon Thames 006E,214
E01002974,2130,Kingston upon Thames 005E,227
E01002975,1445,Kingston upon Thames 012A,154
E01002976,1697,Kingston upon Thames 015A,180
E01002977,1684,Kingston upon Thames 012B,179
E01002978,1857,Kingston upon Thames 015B,197
E01002979,1522,Kingston upon Thames 015C,162
E01002980,1436,Kingston upon Thames 012C,153
E01002981,1611,Kingston upon Thames 012D,171
E01002982,1538,Kingston upon Thames 015D,164
E01002983,1738,Kingston upon Thames 015E,185
E01002984,1389,Kingston upon Thames 012E,148
E01002985,1757,Kingston upon Thames 007E,187
E01002986,1376,Kingston upon Thames 008E,146
E01002987,1853,Kingston upon Thames 011B,197
E01002988,1792,Kingston upon Thames 011C,191
E01002989,1901,Kingston upon Thames 011D,202
E01002990,1809,Kingston upon Thames 009D,192
E01002991,1600,Kingston upon Thames 009E,170
E01002992,1829,Kingston upon Thames 010D,195
E01002993,1579,Kingston upon Thames 013C,168
E01002994,1644,Kingston upon Thames 016A,175
E01002995,1619,Kingston upon Thames 013D,172
E01002996,1631,Kingston upon Thames 016B,173
E01002997,1510,Kingston upon Thames 016C,161
E01002998,1651,Kingston upon Thames 016D,176
E01002999,1678,Kingston upon Thames 013E,178
E01003000,2018,Kingston upon Thames 017C,215
E01003001,2012,Kingston upon Thames 017D,214
E01003002,2004,Kingston upon Thames 016E,213
E01003003,1854,Kingston upon Thames 017E,197
E01003004,1679,Kingston upon Thames 018D,179
E01003005,1549,Kingston upon Thames 018E,165
E01003006,1560,Kingston upon Thames 001A,166
E01003007,1680,Kingston upon Thames 001B,179
E01003008,1513,Kingston upon Thames 001C,161
E01003009,2087,Kingston upon Thames 001D,222
E01003010,1421,Kingston upon Thames 001E,151
E01003011,1695,Kingston upon Thames 004E,180
E01033569,1965,Kingston upon Thames 004G,209
E01034576,1301,Kingston upon Thames 004H,138
E01034577,1488,Kingston upon Thames 004I,158
E01003013,2416,Lambeth 036A,331
E01003014,1481,Lambeth 036B,203
E01003015,1663,Lambeth 002A,228
E01003016,1340,Lambeth 036C,183
E01003017,1662,Lambeth 036D,227
E01003018,1996,Lambeth 020A,273
E01003019,2033,Lambeth 015A,278
E01003020,1828,Lambeth 016A,250
E01003021,2043,Lambeth 021A,280
E01003022,1543,Lambeth 021B,211
E01003023,2517,Lambeth 021C,344
E01003024,1739,Lambeth 021D,238
E01003025,2019,Lambeth 021E,276
E01003026,1551,Lambeth 019A,212
E01003027,1359,Lambeth 019B,186
E01003028,1379,Lambeth 019C,189
E01003029,1820,Lambeth 017A,249
E01003030,1763,Lambeth 019D,241
E01003031,1600,Lambeth 023A,219
E01003032,1736,Lambeth 017B,238
E01003033,1765,Lambeth 019E,241
E01003034,1676,Lambeth 012A,229
E01003035,1695,Lambeth 012B,232
E01003036,1795,Lambeth 012C,246
E01003037,1406,Lambeth 013A,192
E01003038,1766,Lambeth 013B,242
E01003039,1991,Lambeth 013C,272
E01003040,1208,Lambeth 013D,165
E01003041,1569,Lambeth 017C,215
E01003042,1086,Lambeth 013E,149
E01003043,1608,Lambeth 018A,220
E01003044,1485,Lambeth 018B,203
E01003045,2048,Lambeth 011A,280
E01003046,1535,Lambeth 009A,210
E01003047,1891,Lambeth 011B,259
E01003048,1844,Lambeth 009B,252
E01003049,1713,Lambeth 011C,234
E01003050,1547,Lambeth 016B,212
E01003051,2120,Lambeth 018C,290
E01003052,2175,Lambeth 016C,298
E01003053,1696,Lambeth 015B,232
E01003054,2181,Lambeth 015C,298
E01003055,1574,Lambeth 016D,215
E01003056,1549,Lambeth 015D,212
E01003057,1714,Lambeth 017D,235
E01003058,1921,Lambeth 015E,263
E01003059,2306,Lambeth 011D,316
E01003060,1825,Lambeth 011E,250
E01003061,1386,Lambeth 011F,190
E01003062,1731,Lambeth 033A,237
E01003063,1430,Lambeth 033B,196
E01003064,1367,Lambeth 028A,187
E01003065,1638,Lambeth 031A,224
E01003066,1882,Lambeth 028B,257
E01003067,1498,Lambeth 033C,205
E01003068,1470,Lambeth 031B,201
E01003069,1264,Lambeth 033D,173
E01003070,1469,Lambeth 033E,201
E01003071,2319,Lambeth 018D,317
E01003072,1802,Lambeth 014A,247
E01003073,1570,Lambeth 014B,215
E01003074,2257,Lambeth 018E,309
E01003075,1640,Lambeth 009C,224
E01003076,2574,Lambeth 014C,352
E01003077,1835,Lambeth 014D,251
E01003078,1622,Lambeth 014E,222
E01003079,1691,Lambeth 027A,231
E01003080,1625,Lambeth 027B,222
E01003081,1852,Lambeth 028C,253
E01003082,1406,Lambeth 031C,192
E01003083,1500,Lambeth 030A,205
E01003084,1540,Lambeth 030B,211
E01003085,1765,Lambeth 030C,241
E01003086,1517,Lambeth 031D,208
E01003087,1573,Lambeth 031E,215
E01003088,1517,Lambeth 010A,208
E01003089,1942,Lambeth 008A,266
E01003090,2508,Lambeth 012D,343
E01003091,1685,Lambeth 008B,231
E01003092,2327,Lambeth 008C,318
E01003093,2161,Lambeth 010B,296
E01003094,1500,Lambeth 010C,205
E01003095,1588,Lambeth 012E,217
E01003096,2260,Lambeth 010D,309
E01003097,1502,Lambeth 006A,206
E01003098,1374,Lambeth 005A,188
E01003099,1681,Lambeth 005B,230
E01003100,2101,Lambeth 005C,287
E01003101,1614,Lambeth 003A,221
E01003102,1738,Lambeth 004A,238
E01003104,1685,Lambeth 004C,231
E01003105,1683,Lambeth 003B,230
E01003106,1998,Lambeth 003C,273
E01003107,1804,Lambeth 003D,247
E01003108,1521,Lambeth 002B,208
E01003110,2064,Lambeth 002C,282
E01003111,2006,Lambeth 002D,274
E01003112,1700,Lambeth 002E,233
E01003113,1764,Lambeth 032A,241
E01003114,2426,Lambeth 032B,332
E01003115,1594,Lambeth 034A,218
E01003116,1808,Lambeth 029A,247
E01003117,1883,Lambeth 029B,258
E01003118,1967,Lambeth 029C,269
E01003119,2114,Lambeth 032C,289
E01003120,2507,Lambeth 032D,343
E01003121,1473,Lambeth 006B,202
E01003122,1885,Lambeth 004D,258
E01003123,1559,Lambeth 006C,213
E01003124,1384,Lambeth 006D,189
E01003125,1692,Lambeth 006E,232
E01003126,1632,Lambeth 008D,223
E01003127,2114,Lambeth 010E,289
E01003128,1615,Lambeth 008E,221
E01003129,1731,Lambeth 004E,237
E01003130,1875,Lambeth 026A,257
E01003131,2101,Lambeth 026B,287
E01003132,1473,Lambeth 024A,202
E01003133,1608,Lambeth 027C,220
E01003134,1627,Lambeth 027D,223
E01003135,1801,Lambeth 026C,246
E01003136,1600,Lambeth 022A,219
E01003137,1608,Lambeth 022B,220
E01003138,1452,Lambeth 026D,199
E01003139,1553,Lambeth 035A,212
E01003140,1546,Lambeth 035B,212
E01003141,1797,Lambeth 034B,246
E01003142,1390,Lambeth 035C,190
E01003143,1586,Lambeth 035D,217
E01003144,1530,Lambeth 034C,209
E01003145,1640,Lambeth 034D,224
E01003146,1597,Lambeth 035E,219
E01003147,2023,Lambeth 034E,277
E01003148,1772,Lambeth 032E,242
E01003149,1753,Lambeth 030D,240
E01003150,1950,Lambeth 032F,267
E01003151,1968,Lambeth 026E,269
E01003152,1798,Lambeth 027E,246
E01003153,2362,Lambeth 029D,323
E01003154,1992,Lambeth 030E,273
E01003155,1816,Lambeth 029E,248
E01003156,1498,Lambeth 023B,205
E01003157,1444,Lambeth 023C,198
E01003158,1463,Lambeth 023D,200
E01003159,1774,Lambeth 022C,243
E01003160,1153,Lambeth 022D,158
E01003161,1238,Lambeth 023E,169
E01003162,1839,Lambeth 022E,252
E01003163,1621,Lambeth 023F,222
E01003164,2291,Lambeth 025A,313
E01003165,1603,Lambeth 025B,219
E01003166,2619,Lambeth 028D,358
E01003167,1669,Lambeth 028E,228
E01003168,1625,Lambeth 025C,222
E01003169,2201,Lambeth 025D,301
E01003170,1808,Lambeth 025E,247
E01003171,1631,Lambeth 020B,223
E01003172,1855,Lambeth 024B,254
E01003173,1588,Lambeth 020C,217
E01003174,1957,Lambeth 024C,268
E01003175,1544,Lambeth 024D,211
E01003176,1976,Lambeth 016E,270
E01003177,1545,Lambeth 020D,211
E01003178,1434,Lambeth 020E,196
E01003179,1568,Lambeth 024E,215
E01003180,1589,Lambeth 005D,217
E01003181,1483,Lambeth 007A,203
E01003182,1735,Lambeth 009D,237
E01003183,1522,Lambeth 005E,208
E01003184,1350,Lambeth 007B,185
E01003185,1822,Lambeth 007C,249
E01003186,2363,Lambeth 007D,323
E01003187,2298,Lambeth 007E,314
E01003188,1271,Lambeth 009E,174
E01032582,2749,Lambeth 036E,376
E01033208,1721,Lambeth 004G,235
E01033862,1802,Lambeth 003F,247
E01033863,1306,Lambeth 003G,179
E01033864,1010,Lambeth 004H,138
E01033865,2838,Lambeth 004I,388
E01033866,1392,Lambeth 004J,190
E01003189,1678,Lewisham 034A,197
E01003190,2312,Lewisham 034B,271
E01003191,1622,Lewisham 034C,190
E01003192,1716,Lewisham 034D,201
E01003193,1838,Lewisham 029A,216
E01003194,1788,Lewisham 029B,210
E01003195,1485,Lewisham 029C,174
E01003196,1642,Lewisham 029D,193
E01003197,1634,Lewisham 029E,192
E01003198,1514,Lewisham 009A,178
E01003199,1947,Lewisham 007A,229
E01003200,1432,Lewisham 009B,168
E01003201,1644,Lewisham 007B,193
E01003202,1623,Lewisham 009C,191
E01003203,2024,Lewisham 009D,238
E01003204,1663,Lewisham 007C,195
E01003205,1514,Lewisham 007D,178
E01003206,1300,Lewisham 007E,153
E01003207,2292,Lewisham 005A,269
E01003209,1914,Lewisham 005B,225
E01003210,1754,Lewisham 005C,206
E01003211,1509,Lewisham 008B,177
E01003212,1994,Lewisham 005D,234
E01003213,1912,Lewisham 008C,224
E01003214,1747,Lewisham 008D,205
E01003215,1939,Lewisham 005E,228
E01003216,1744,Lewisham 025A,205
E01003217,2024,Lewisham 022A,238
E01003218,1520,Lewisham 022B,178
E01003219,1803,Lewisham 025B,212
E01003220,1671,Lewisham 022C,196
E01003221,2235,Lewisham 025C,262
E01003222,1596,Lewisham 022D,187
E01003223,1797,Lewisham 025D,211
E01003224,1775,Lewisham 022E,208
E01003225,1584,Lewisham 015A,186
E01003226,1831,Lewisham 019A,215
E01003227,1608,Lewisham 019B,189
E01003228,1580,Lewisham 019C,185
E01003229,1654,Lewisham 019D,194
E01003230,1969,Lewisham 019E,231
E01003231,1565,Lewisham 015B,184
E01003232,1708,Lewisham 015C,201
E01003233,1875,Lewisham 015D,220
E01003235,1469,Lewisham 038A,172
E01003236,1672,Lewisham 037A,196
E01003237,1703,Lewisham 037B,200
E01003238,1511,Lewisham 037C,177
E01003239,1637,Lewisham 037D,192
E01003240,2058,Lewisham 038B,242
E01003241,1633,Lewisham 038C,192
E01003243,1577,Lewisham 038D,185
E01003244,1974,Lewisham 001A,232
E01003245,1972,Lewisham 001B,232
E01003246,2396,Lewisham 002A,281
E01003247,2113,Lewisham 001C,248
E01003248,1605,Lewisham 002B,188
E01003249,2007,Lewisham 001D,236
E01003251,1678,Lewisham 002C,197
E01003252,1479,Lewisham 002D,174
E01003253,1430,Lewisham 002E,168
E01003254,1397,Lewisham 021A,164
E01003255,2006,Lewisham 021B,236
E01003256,2069,Lewisham 028A,243
E01003257,1769,Lewisham 028B,208
E01003258,1480,Lewisham 028C,174
E01003259,1766,Lewisham 028D,207
E01003260,1642,Lewisham 021C,193
E01003261,1484,Lewisham 021D,174
E01003262,1552,Lewisham 021E,182
E01003263,1903,Lewisham 023A,223
E01003264,1739,Lewisham 031A,204
E01003265,1687,Lewisham 031B,198
E01003266,1780,Lewisham 031C,209
E01003267,1809,Lewisham 031D,212
E01003268,1788,Lewisham 023B,210
E01003269,1563,Lewisham 023C,183
E01003270,1680,Lewisham 023D,197
E01003271,1558,Lewisham 023E,183
E01003272,1982,Lewisham 014A,233
E01003273,1424,Lewisham 011A,167
E01003274,1551,Lewisham 014B,182
E01003275,1622,Lewisham 014C,190
E01003276,1895,Lewisham 014D,222
E01003277,1628,Lewisham 011B,191
E01003278,2104,Lewisham 011C,247
E01003279,1577,Lewisham 011D,185
E01003280,1622,Lewisham 016A,190
E01003281,1524,Lewisham 016B,179
E01003282,2337,Lewisham 013A,274
E01003283,2006,Lewisham 013B,235
E01003284,1875,Lewisham 013C,220
E01003285,1721,Lewisham 016C,202
E01003286,1751,Lewisham 013D,206
E01003287,1855,Lewisham 016D,218
E01003288,2208,Lewisham 041A,259
E01003290,1921,Lewisham 041E,226
E01003291,1519,Lewisham 041D,178
E01003292,1808,Lewisham 017A,212
E01003293,1617,Lewisham 017B,190
E01003295,1762,Lewisham 017D,207
E01003297,1690,Lewisham 003A,198
E01003298,1238,Lewisham 039A,145
E01003299,1803,Lewisham 003B,212
E01003300,1418,Lewisham 039B,166
E01003301,2722,Lewisham 003C,320
E01003302,1844,Lewisham 003D,216
E01003303,1910,Lewisham 039C,224
E01003304,2183,Lewisham 039D,256
E01003305,2258,Lewisham 003E,265
E01003307,1585,Lewisham 024A,186
E01003308,1704,Lewisham 024B,200
E01003309,1651,Lewisham 027A,194
E01003310,1581,Lewisham 027B,186
E01003311,1616,Lewisham 027C,190
E01003312,1738,Lewisham 027D,204
E01003313,1667,Lewisham 027E,196
E01003314,1640,Lewisham 024C,193
E01003315,1326,Lewisham 024D,156
E01003316,1464,Lewisham 024E,172
E01003318,2119,Lewisham 020B,249
E01003319,1814,Lewisham 018A,213
E01003320,1611,Lewisham 018B,189
E01003321,1752,Lewisham 020C,206
E01003322,1585,Lewisham 020D,186
E01003323,1515,Lewisham 018C,178
E01003324,1663,Lewisham 020E,195
E01003325,1835,Lewisham 018D,215
E01003326,1852,Lewisham 035A,217
E01003327,1712,Lewisham 035B,201
E01003328,1684,Lewisham 035C,198
E01003329,1590,Lewisham 033A,187
E01003330,1605,Lewisham 033B,188
E01003331,1487,Lewisham 033C,175
E01003332,1578,Lewisham 033D,185
E01003333,1543,Lewisham 035D,181
E01003334,1808,Lewisham 033E,212
E01003335,1468,Lewisham 035E,172
E01003336,1462,Lewisham 010A,172
E01003337,1372,Lewisham 010B,161
E01003338,2086,Lewisham 006A,245
E01003339,1727,Lewisham 006B,203
E01003340,1971,Lewisham 006C,231
E01003341,1330,Lewisham 006D,156
E01003342,1620,Lewisham 010C,190
E01003343,1354,Lewisham 006E,159
E01003344,1515,Lewisham 010D,178
E01003345,1787,Lewisham 010E,210
E01003346,1692,Lewisham 026A,199
E01003347,1662,Lewisham 030A,195
E01003348,1899,Lewisham 030B,223
E01003349,1527,Lewisham 026B,179
E01003350,1381,Lewisham 030C,162
E01003351,1712,Lewisham 026C,201
E01003352,2315,Lewisham 030D,272
E01003353,1776,Lewisham 030E,208
E01003354,2129,Lewisham 026D,250
E01032564,1300,Lewisham 037E,153
E01032565,1413,Lewisham 038E,166
E01032579,2320,Lewisham 039E,272
E01033320,1569,Lewisham 017E,184
E01033322,1247,Lewisham 017F,146
E01033324,1465,Lewisham 008E,172
E01033325,1336,Lewisham 008F,157
E01033327,2160,Lewisham 041B,254
E01033341,1241,Lewisham 041C,146
E01034387,1658,Lewisham 001F,195
E01034388,1331,Lewisham 001G,156
E01034389,1674,Lewisham 001H,197
E01034390,1515,Lewisham 020F,178
E01034391,1693,Lewisham 020G,199
E01034392,1892,Lewisham 040A,222
E01034393,1832,Lewisham 040B,215
E01034394,1323,Lewisham 040C,155
E01034395,1839,Lewisham 040D,216
E01003355,1728,Merton 009A,171
E01003356,1789,Merton 009B,177
E01003357,1959,Merton 012A,194
E01003358,1868,Merton 009C,185
E01003359,1798,Merton 006A,178
E01003360,1895,Merton 006B,187
E01003361,1666,Merton 015A,165
E01003362,1407,Merton 021A,139
E01003363,1720,Merton 021B,170
E01003364,1879,Merton 021C,186
E01003365,1474,Merton 021D,146
E01003366,1852,Merton 016A,183
E01003368,1734,Merton 008A,171
E01003369,1628,Merton 005B,161
E01003370,2042,Merton 005C,202
E01003371,1578,Merton 005D,156
E01003372,1679,Merton 008B,166
E01003373,1591,Merton 018A,157
E01003374,1961,Merton 022A,194
E01003375,1846,Merton 022B,183
E01003376,1585,Merton 012B,157
E01003377,1608,Merton 012C,159
E01003378,2250,Merton 018B,222
E01003379,2069,Merton 018C,205
E01003380,1731,Merton 011A,171
E01003381,1670,Merton 016B,165
E01003382,1905,Merton 011B,188
E01003383,1619,Merton 009D,160
E01003384,1648,Merton 009E,163
E01003385,1629,Merton 011C,161
E01003386,2330,Merton 013A,230
E01003387,2051,Merton 014A,203
E01003388,1728,Merton 013B,171
E01003389,1828,Merton 013C,181
E01003390,1871,Merton 018D,185
E01003391,1179,Merton 014B,117
E01003392,1464,Merton 013D,145
E01003393,1681,Merton 008C,166
E01003394,2094,Merton 007A,207
E01003395,1725,Merton 007B,171
E01003396,1477,Merton 007C,146
E01003397,1530,Merton 007D,151
E01003398,1983,Merton 007E,196
E01003399,1420,Merton 011D,140
E01003400,1365,Merton 003A,135
E01003401,1322,Merton 004A,131
E01003402,1410,Merton 004B,139
E01003403,1436,Merton 004C,142
E01003404,1890,Merton 004D,187
E01003405,2503,Merton 018E,248
E01003406,1667,Merton 008D,165
E01003407,1934,Merton 008E,191
E01003408,1899,Merton 012D,188
E01003409,1850,Merton 013E,183
E01003410,1762,Merton 012E,174
E01003411,2088,Merton 014C,206
E01003412,1759,Merton 014D,174
E01003413,2043,Merton 017A,202
E01003414,1819,Merton 017B,180
E01003415,2431,Merton 017C,240
E01003416,1668,Merton 017D,165
E01003417,1621,Merton 025A,160
E01003418,1394,Merton 025B,138
E01003419,1874,Merton 025C,185
E01003420,1525,Merton 025D,151
E01003421,1590,Merton 021E,157
E01003422,1492,Merton 025E,148
E01003423,1749,Merton 011E,173
E01003424,1523,Merton 015B,151
E01003425,1457,Merton 015C,144
E01003426,1727,Merton 015D,171
E01003427,2007,Merton 023A,198
E01003428,1546,Merton 015E,153
E01003429,1726,Merton 019A,171
E01003430,1771,Merton 019B,175
E01003431,1773,Merton 019C,175
E01003432,1737,Merton 019D,172
E01003433,1731,Merton 019E,171
E01003434,1584,Merton 017E,157
E01003435,2160,Merton 014E,214
E01003436,1791,Merton 023B,177
E01003437,2073,Merton 022C,205
E01003438,1871,Merton 024A,185
E01003439,1569,Merton 023C,155
E01003440,1647,Merton 022D,163
E01003441,1969,Merton 022E,195
E01003442,1671,Merton 010A,165
E01003443,1562,Merton 010B,154
E01003444,1623,Merton 010C,161
E01003445,1825,Merton 010D,180
E01003446,2078,Merton 016C,205
E01003447,1656,Merton 016D,164
E01003448,2384,Merton 023D,236
E01003449,1906,Merton 024B,188
E01003450,1718,Merton 024C,170
E01003451,2011,Merton 024D,199
E01003452,2171,Merton 024E,215
E01003453,1857,Merton 023E,184
E01003454,1337,Merton 003B,132
E01003455,1729,Merton 005E,171
E01003456,1574,Merton 003C,156
E01003457,1622,Merton 006C,160
E01003458,1723,Merton 006D,170
E01003459,2213,Merton 006E,219
E01003460,1309,Merton 002A,129
E01003461,1429,Merton 004E,141
E01003462,1383,Merton 002B,137
E01003463,1571,Merton 010E,155
E01003464,1415,Merton 002C,140
E01003465,1313,Merton 002D,130
E01003466,1722,Merton 020A,170
E01003467,1717,Merton 020B,170
E01003468,1738,Merton 020C,172
E01003469,1712,Merton 020D,169
E01003470,2127,Merton 020E,210
E01003471,1742,Merton 016E,172
E01003472,1246,Merton 001A,123
E01003473,1422,Merton 001B,141
E01003474,1294,Merton 001C,128
E01003476,1304,Merton 003D,129
E01003477,1550,Merton 003E,153
E01003478,1976,Merton 001E,195
E01034578,1013,Merton 001F,100
E01034579,2672,Merton 001G,264
E01034580,1731,Merton 005F,171
E01034581,1571,Merton 005G,155
E01003479,1568,Newham 035A,171
E01003480,2023,Newham 033A,220
E01003481,1473,Newham 035B,161
E01003483,1983,Newham 032A,216
E01003484,1752,Newham 032B,191
E01003485,1732,Newham 035C,189
E01003486,1187,Newham 033C,129
E01003487,1293,Newham 033D,141
E01003488,2032,Newham 019A,221
E01003489,3803,Newham 019B,414
E01003490,2105,Newham 019C,229
E01003491,2148,Newham 022A,234
E01003492,2135,Newham 025A,233
E01003494,2172,Newham 025C,237
E01003495,2123,Newham 025D,231
E01003496,1368,Newham 027A,149
E01003497,1773,Newham 034A,193
E01003498,1951,Newham 027B,213
E01003499,2758,Newham 030A,301
E01003500,2104,Newham 027C,229
E01003501,2458,Newham 030B,268
E01003502,2848,Newham 030C,310
E01003503,3044,Newham 030D,332
E01003506,1471,Newham 034D,160
E01003507,2484,Newham 031A,271
E01003508,2716,Newham 031B,296
E01003509,2082,Newham 031C,227
E01003511,1881,Newham 036A,205
E01003512,2036,Newham 036B,222
E01003513,1634,Newham 035D,178
E01003514,1795,Newham 036C,196
E01003515,2600,Newham 036D,283
E01003516,1931,Newham 032C,210
E01003517,1960,Newham 036E,214
E01003518,1661,Newham 032D,181
E01003519,1641,Newham 032E,179
E01003520,2137,Newham 018A,233
E01003521,2446,Newham 018B,267
E01003522,1851,Newham 018C,202
E01003523,2768,Newham 024A,302
E01003524,2074,Newham 019D,226
E01003525,2285,Newham 018D,249
E01003526,1805,Newham 018E,197
E01003527,1958,Newham 024B,213
E01003528,1283,Newham 005A,140
E01003529,2556,Newham 010A,279
E01003530,1849,Newham 010B,201
E01003531,2165,Newham 010C,236
E01003532,2305,Newham 010D,251
E01003533,2465,Newham 011A,269
E01003534,2438,Newham 010E,266
E01003535,1918,Newham 023A,209
E01003536,2152,Newham 023B,234
E01003537,2246,Newham 024C,245
E01003538,2229,Newham 029A,243
E01003539,2585,Newham 029B,282
E01003540,2023,Newham 029C,220
E01003541,2094,Newham 029D,228
E01003542,2225,Newham 024D,242
E01003543,2466,Newham 001A,269
E01003544,1871,Newham 001B,204
E01003545,1776,Newham 006A,194
E01003546,1819,Newham 001C,198
E01003547,2088,Newham 007A,228
E01003548,2260,Newham 006B,246
E01003549,2308,Newham 006C,251
E01003550,1756,Newham 001D,191
E01003551,1939,Newham 009A,211
E01003552,1586,Newham 016A,173
E01003553,2311,Newham 009B,252
E01003554,1918,Newham 009C,209
E01003555,1852,Newham 007B,202
E01003556,2246,Newham 008A,245
E01003557,1964,Newham 006D,214
E01003558,1936,Newham 008B,211
E01003559,2492,Newham 009D,272
E01003560,1745,Newham 011B,190
E01003561,1773,Newham 007C,193
E01003562,2218,Newham 014A,242
E01003563,2665,Newham 011C,290
E01003564,2509,Newham 014B,273
E01003565,2140,Newham 014C,233
E01003566,1968,Newham 014D,214
E01003567,2127,Newham 007D,232
E01003568,2710,Newham 017A,295
E01003569,2585,Newham 017B,282
E01003570,2103,Newham 008C,229
E01003571,2303,Newham 008D,251
E01003572,1704,Newham 008E,186
E01003573,2526,Newham 017C,275
E01003574,2666,Newham 017D,290
E01003575,1853,Newham 005B,202
E01003576,1896,Newham 002A,207
E01003577,2486,Newham 005C,271
E01003578,2060,Newham 003A,224
E01003579,1978,Newham 004A,216
E01003580,2099,Newham 005D,229
E01003581,1869,Newham 002B,204
E01003582,1672,Newham 002C,182
E01003583,2062,Newham 002D,225
E01003584,1999,Newham 003B,218
E01003585,1773,Newham 004B,193
E01003586,1940,Newham 003C,211
E01003587,2475,Newham 004C,270
E01003588,1647,Newham 011D,179
E01003589,1778,Newham 011E,194
E01003590,1550,Newham 003D,169
E01003591,2305,Newham 004D,251
E01003592,1979,Newham 022B,216
E01003593,1669,Newham 027D,182
E01003594,1905,Newham 026A,208
E01003595,1875,Newham 026B,204
E01003596,1774,Newham 016B,193
E01003597,2132,Newham 016C,232
E01003598,1882,Newham 021A,205
E01003599,1699,Newham 022C,185
E01003600,1790,Newham 021B,195
E01003601,2274,Newham 028A,248
E01003602,2314,Newham 026C,252
E01003603,2028,Newham 028B,221
E01003604,2253,Newham 031D,245
E01003605,2172,Newham 028C,237
E01003607,1972,Newham 026D,215
E01003608,2112,Newham 028D,230
E01003611,1989,Newham 041C,217
E01003615,1699,Newham 039A,185
E01003616,2011,Newham 012A,219
E01003618,2231,Newham 012C,243
E01003619,2308,Newham 012D,251
E01003621,1752,Newham 023C,191
E01003622,1993,Newham 023D,217
E01003623,1745,Newham 023E,190
E01003624,1713,Newham 024E,187
E01003625,1792,Newham 015A,195
E01003626,1775,Newham 015B,193
E01003627,1547,Newham 015C,169
E01003628,1635,Newham 015D,178
E01003629,1905,Newham 015E,208
E01003630,1991,Newham 021C,217
E01003631,1927,Newham 020A,210
E01003632,2498,Newham 020B,272
E01003633,1839,Newham 020C,200
E01003634,1765,Newham 020D,192
E01003635,1839,Newham 016D,200
E01003636,2317,Newham 020E,252
E01003637,1961,Newham 021D,214
E01033579,2102,Newham 040C,229
E01033580,1415,Newham 042A,154
E01033581,1946,Newham 041A,212
E01033582,1520,Newham 041B,166
E01033584,1768,Newham 034I,193
E01033586,2489,Newham 040D,271
E01034199,1953,Newham 012E,213
E01034200,1643,Newham 012F,179
E01034201,1532,Newham 022E,167
E01034202,1702,Newham 022F,185
E01034203,1626,Newham 025E,177
E01034204,1987,Newham 025F,217
E01034205,1563,Newham 033E,170
E01034206,2270,Newham 033F,247
E01034207,2247,Newham 033G,245
E01034208,2068,Newham 034J,225
E01034209,2235,Newham 034K,244
E01034210,1690,Newham 034L,184
E01034211,2273,Newham 034M,248
E01034212,2336,Newham 034N,255
E01034213,2282,Newham 038A,249
E01034214,1835,Newham 038B,200
E01034215,1715,Newham 038C,187
E01034216,1695,Newham 038D,185
E01034217,2761,Newham 038E,301
E01034218,2203,Newham 039B,240
E01034219,2274,Newham 039C,248
E01034220,2268,Newham 039D,247
E01034221,2333,Newham 039E,254
E01034222,1726,Newham 040A,188
E01034223,1441,Newham 040B,157
E01034224,2023,Newham 041D,220
E01034225,1845,Newham 042B,201
E01034226,1493,Newham 042C,163
E01034227,2287,Newham 042D,249
E01034228,1468,Newham 042E,160
E01034229,1729,Newham 042F,188
E01034230,1802,Newham 042G,196
E01034231,1562,Newham 042H,170
E01003638,1999,Redbridge 017A,204
E01003639,2382,Redbridge 013A,243
E01003640,1901,Redbridge 013B,194
E01003641,2113,Redbridge 013C,215
E01003642,1817,Redbridge 013D,185
E01003643,2370,Redbridge 017B,241
E01003644,1694,Redbridge 017C,173
E01003645,2999,Redbridge 017D,305
E01003646,2052,Redbridge 012A,209
E01003647,2025,Redbridge 015A,206
E01003648,1673,Redbridge 012B,170
E01003649,1676,Redbridge 012C,171
E01003650,1893,Redbridge 015B,193
E01003651,1597,Redbridge 012D,163
E01003652,1597,Redbridge 015C,163
E01003653,2388,Redbridge 015D,243
E01003654,1624,Redbridge 004A,165
E01003655,1500,Redbridge 004B,153
E01003656,1580,Redbridge 005A,161
E01003657,2167,Redbridge 005B,221
E01003658,1680,Redbridge 004C,171
E01003659,1808,Redbridge 005C,184
E01003660,1683,Redbridge 004D,171
E01003661,2244,Redbridge 038A,229
E01003662,2244,Redbridge 038C,229
E01003663,2024,Redbridge 037A,206
E01003664,1812,Redbridge 037B,185
E01003665,1843,Redbridge 037E,188
E01003666,2975,Redbridge 038B,303
E01003668,1758,Redbridge 007A,179
E01003669,1600,Redbridge 007B,163
E01003670,1523,Redbridge 007C,155
E01003671,1488,Redbridge 007D,152
E01003672,1680,Redbridge 007E,171
E01003673,1880,Redbridge 007F,191
E01003674,2346,Redbridge 007G,239
E01003675,1883,Redbridge 036A,192
E01003676,1966,Redbridge 036B,200
E01003677,1755,Redbridge 036C,179
E01003678,1652,Redbridge 036D,168
E01003679,1737,Redbridge 036E,177
E01003680,1686,Redbridge 036F,172
E01003681,2004,Redbridge 036G,204
E01003682,1823,Redbridge 036H,186
E01003683,2337,Redbridge 040C,238
E01003684,1989,Redbridge 040E,203
E01003685,2114,Redbridge 040D,215
E01003686,2174,Redbridge 040A,221
E01003688,2018,Redbridge 040B,206
E01003689,2553,Redbridge 039C,260
E01003690,2325,Redbridge 035A,237
E01003691,1677,Redbridge 035B,171
E01003692,1677,Redbridge 035C,171
E01003693,1732,Redbridge 035D,176
E01003694,1459,Redbridge 035E,149
E01003695,1603,Redbridge 035F,163
E01003696,1795,Redbridge 035G,183
E01003697,1763,Redbridge 035H,180
E01003698,1612,Redbridge 006A,164
E01003699,1583,Redbridge 006B,161
E01003700,2645,Redbridge 006C,269
E01003701,2158,Redbridge 006D,220
E01003702,2442,Redbridge 006E,249
E01003703,2644,Redbridge 006F,269
E01003704,2059,Redbridge 006G,210
E01003705,2485,Redbridge 010A,253
E01003706,1708,Redbridge 010B,174
E01003707,1552,Redbridge 008A,158
E01003708,2069,Redbridge 008B,211
E01003709,1800,Redbridge 008C,183
E01003710,1453,Redbridge 008D,148
E01003711,1924,Redbridge 010C,196
E01003712,1512,Redbridge 010D,154
E01003713,1949,Redbridge 034A,199
E01003714,2613,Redbridge 034B,266
E01003715,2259,Redbridge 034C,230
E01003716,1954,Redbridge 034D,199
E01003718,2176,Redbridge 034E,222
E01003719,2566,Redbridge 034F,261
E01003720,1996,Redbridge 002A,203
E01003721,2068,Redbridge 003A,211
E01003722,2453,Redbridge 002B,250
E01003723,2022,Redbridge 002C,206
E01003724,1481,Redbridge 003B,151
E01003725,1846,Redbridge 003C,188
E01003726,2990,Redbridge 002D,305
E01003727,1828,Redbridge 003D,186
E01003729,1922,Redbridge 032B,196
E01003730,1919,Redbridge 032C,195
E01003731,1531,Redbridge 033A,156
E01003732,1873,Redbridge 032D,191
E01003733,2062,Redbridge 032E,210
E01003734,2000,Redbridge 033B,204
E01003735,2088,Redbridge 033C,213
E01003736,2184,Redbridge 033D,222
E01003737,2994,Redbridge 031A,305
E01003738,2489,Redbridge 031B,254
E01003739,2497,Redbridge 031C,254
E01003740,2270,Redbridge 031D,231
E01003741,2101,Redbridge 031E,214
E01003742,2474,Redbridge 031F,252
E01003743,1942,Redbridge 031G,198
E01003744,1479,Redbridge 001A,151
E01003745,1381,Redbridge 001B,141
E01003746,1628,Redbridge 001C,166
E01003747,1346,Redbridge 001D,137
E01003748,1604,Redbridge 001E,163
E01003749,1785,Redbridge 001F,182
E01003750,1904,Redbridge 001G,194
E01003751,2182,Redbridge 020A,222
E01003752,3004,Redbridge 023A,306
E01003753,2100,Redbridge 020B,214
E01003754,1760,Redbridge 020C,179
E01003755,2461,Redbridge 023B,251
E01003756,2632,Redbridge 023C,268
E01003757,2168,Redbridge 020D,221
E01003759,1501,Redbridge 009A,153
E01003760,1896,Redbridge 009B,193
E01003761,1774,Redbridge 009C,181
E01003762,1683,Redbridge 009D,171
E01003763,1985,Redbridge 009E,202
E01003764,2145,Redbridge 009F,218
E01003765,1960,Redbridge 009G,200
E01003766,2302,Redbridge 024A,234
E01003767,2461,Redbridge 024B,251
E01003768,2208,Redbridge 024C,225
E01003769,2106,Redbridge 022A,215
E01003770,2868,Redbridge 022B,292
E01003771,1941,Redbridge 022C,198
E01003772,1920,Redbridge 024D,196
E01003773,1988,Redbridge 022D,202
E01003774,1908,Redbridge 014A,194
E01003775,1638,Redbridge 014B,167
E01003776,1678,Redbridge 014C,171
E01003777,1764,Redbridge 014D,180
E01003778,2016,Redbridge 014E,205
E01003779,1692,Redbridge 014F,172
E01003780,1518,Redbridge 014G,155
E01003781,2323,Redbridge 026A,237
E01003782,1709,Redbridge 026B,174
E01003783,2778,Redbridge 029A,283
E01003784,2179,Redbridge 029B,222
E01003785,2225,Redbridge 029C,227
E01003786,1590,Redbridge 026C,162
E01003787,1723,Redbridge 026D,175
E01003788,2014,Redbridge 029D,205
E01003789,1413,Redbridge 018A,144
E01003790,1543,Redbridge 027A,157
E01003791,1470,Redbridge 027B,150
E01003792,1444,Redbridge 027C,147
E01003793,1607,Redbridge 027D,164
E01003794,1506,Redbridge 018B,153
E01003795,1263,Redbridge 018C,129
E01003796,1604,Redbridge 018D,163
E01032581,2040,Redbridge 034G,208
E01033589,2034,Redbridge 039B,207
E01033590,1272,Redbridge 037C,130
E01033591,3406,Redbridge 039A,347
E01033592,1952,Redbridge 037D,199
E01034480,1392,Redbridge 023E,142
E01034481,1721,Redbridge 023F,175
E01034482,1186,Redbridge 032F,121
E01034483,2122,Redbridge 032G,216
E01034484,1779,Redbridge 032H,181
E01003797,1329,Richmond upon Thames 001A,125
E01003798,1347,Richmond upon Thames 001B,126
E01003799,1586,Richmond upon Thames 001C,149
E01003800,1483,Richmond upon Thames 001D,139
E01003801,1236,Richmond upon Thames 001E,116
E01003802,1387,Richmond upon Thames 001F,130
E01003803,1534,Richmond upon Thames 001G,144
E01003804,1918,Richmond upon Thames 005A,180
E01003805,1663,Richmond upon Thames 012A,156
E01003806,1487,Richmond upon Thames 012B,139
E01003807,2004,Richmond upon Thames 005B,188
E01003808,1860,Richmond upon Thames 005C,174
E01003809,1653,Richmond upon Thames 005D,155
E01003810,1608,Richmond upon Thames 019A,151
E01003811,1828,Richmond upon Thames 018A,171
E01003812,1883,Richmond upon Thames 018B,176
E01003813,1605,Richmond upon Thames 019B,150
E01003814,1847,Richmond upon Thames 019C,173
E01003815,2079,Richmond upon Thames 019D,195
E01003816,1751,Richmond upon Thames 012C,164
E01003817,1977,Richmond upon Thames 012D,185
E01003818,1671,Richmond upon Thames 017A,157
E01003819,1750,Richmond upon Thames 017B,164
E01003820,2092,Richmond upon Thames 017C,196
E01003821,1612,Richmond upon Thames 008A,151
E01003822,1461,Richmond upon Thames 023A,137
E01003823,1687,Richmond upon Thames 023B,158
E01003824,1617,Richmond upon Thames 023C,151
E01003825,1715,Richmond upon Thames 023D,161
E01003826,1774,Richmond upon Thames 023E,166
E01003827,2020,Richmond upon Thames 023F,189
E01003828,1545,Richmond upon Thames 020A,145
E01003829,1775,Richmond upon Thames 020B,166
E01003830,1948,Richmond upon Thames 020C,182
E01003831,1756,Richmond upon Thames 020D,165
E01003832,1544,Richmond upon Thames 020E,145
E01003833,1483,Richmond upon Thames 020F,139
E01003834,1559,Richmond upon Thames 022A,146
E01003835,1609,Richmond upon Thames 022B,151
E01003836,1372,Richmond upon Thames 022C,129
E01003837,2069,Richmond upon Thames 022D,194
E01003838,1654,Richmond upon Thames 022E,155
E01003839,2241,Richmond upon Thames 022F,210
E01003840,1899,Richmond upon Thames 013A,178
E01003841,2295,Richmond upon Thames 013B,215
E01003842,1751,Richmond upon Thames 013C,164
E01003843,2235,Richmond upon Thames 013D,209
E01003844,1487,Richmond upon Thames 013E,139
E01003845,1821,Richmond upon Thames 013F,171
E01003846,1699,Richmond upon Thames 002A,159
E01003847,1756,Richmond upon Thames 002B,165
E01003848,1917,Richmond upon Thames 004A,180
E01003849,1573,Richmond upon Thames 002C,147
E01003851,1559,Richmond upon Thames 002D,146
E01003852,1378,Richmond upon Thames 003A,129
E01003853,1428,Richmond upon Thames 003B,134
E01003854,1447,Richmond upon Thames 003C,136
E01003855,1966,Richmond upon Thames 003D,184
E01003856,1705,Richmond upon Thames 003E,160
E01003857,1867,Richmond upon Thames 003F,175
E01003858,1654,Richmond upon Thames 003G,155
E01003859,1627,Richmond upon Thames 005E,152
E01003860,1722,Richmond upon Thames 002E,161
E01003861,2009,Richmond upon Thames 004C,188
E01003862,1927,Richmond upon Thames 004D,181
E01003863,1434,Richmond upon Thames 004E,134
E01003864,1523,Richmond upon Thames 002F,143
E01003865,1472,Richmond upon Thames 004F,138
E01003866,1664,Richmond upon Thames 007A,156
E01003867,1626,Richmond upon Thames 011A,152
E01003868,1618,Richmond upon Thames 007B,152
E01003869,1807,Richmond upon Thames 011B,169
E01003870,2121,Richmond upon Thames 011C,199
E01003871,1741,Richmond upon Thames 007C,163
E01003872,1598,Richmond upon Thames 007D,150
E01003873,1690,Richmond upon Thames 006A,158
E01003874,1535,Richmond upon Thames 006B,144
E01003875,1659,Richmond upon Thames 006C,155
E01003876,1863,Richmond upon Thames 008B,175
E01003877,1397,Richmond upon Thames 008C,131
E01003878,1481,Richmond upon Thames 006D,139
E01003879,1356,Richmond upon Thames 008D,127
E01003880,1526,Richmond upon Thames 016A,143
E01003881,1682,Richmond upon Thames 016B,158
E01003882,2079,Richmond upon Thames 014A,195
E01003883,1970,Richmond upon Thames 014B,185
E01003884,1708,Richmond upon Thames 016C,160
E01003885,1531,Richmond upon Thames 016D,143
E01003886,1605,Richmond upon Thames 021A,150
E01003887,1791,Richmond upon Thames 021B,168
E01003888,2044,Richmond upon Thames 021C,191
E01003889,1645,Richmond upon Thames 021D,154
E01003890,1637,Richmond upon Thames 018C,153
E01003891,1926,Richmond upon Thames 018D,180
E01003892,2155,Richmond upon Thames 009A,202
E01003893,1711,Richmond upon Thames 009B,160
E01003894,1685,Richmond upon Thames 009C,158
E01003895,1694,Richmond upon Thames 009D,159
E01003896,2097,Richmond upon Thames 014C,196
E01003897,2041,Richmond upon Thames 014D,191
E01003898,1767,Richmond upon Thames 015A,166
E01003899,1435,Richmond upon Thames 015B,134
E01003900,1713,Richmond upon Thames 015C,160
E01003901,1872,Richmond upon Thames 015D,175
E01003902,1385,Richmond upon Thames 015E,130
E01003903,1647,Richmond upon Thames 015F,154
E01003904,1626,Richmond upon Thames 015G,152
E01003905,1302,Richmond upon Thames 010A,122
E01003906,1702,Richmond upon Thames 010B,159
E01003907,1675,Richmond upon Thames 010C,157
E01003908,1849,Richmond upon Thames 010D,173
E01003909,1702,Richmond upon Thames 010E,159
E01003910,1637,Richmond upon Thames 011D,153
E01033570,2002,Richmond upon Thames 004G,188
E01033571,1511,Richmond upon Thames 004H,142
E01003911,2072,Southwark 020A,279
E01003912,1853,Southwark 019A,250
E01003913,2113,Southwark 024A,285
E01003914,2020,Southwark 024B,272
E01003915,1861,Southwark 024C,251
E01003916,2492,Southwark 020B,336
E01003917,1866,Southwark 020C,252
E01003918,1654,Southwark 020D,223
E01003919,1601,Southwark 021A,216
E01003920,2044,Southwark 021B,276
E01003921,1980,Southwark 021C,267
E01003922,2366,Southwark 021D,319
E01003923,1665,Southwark 017A,225
E01003924,2187,Southwark 021E,295
E01003925,1995,Southwark 020E,269
E01003926,1462,Southwark 021F,197
E01003929,2097,Southwark 002B,283
E01003930,2036,Southwark 034A,275
E01003932,1591,Southwark 034B,215
E01003933,2719,Southwark 034C,367
E01003934,2182,Southwark 002C,294
E01003935,1334,Southwark 002D,180
E01003936,1851,Southwark 009A,250
E01003937,1659,Southwark 009B,224
E01003938,1853,Southwark 006A,250
E01003939,2033,Southwark 002E,274
E01003940,1574,Southwark 006B,212
E01003941,1912,Southwark 006C,258
E01003942,2170,Southwark 006D,293
E01003943,1495,Southwark 009C,202
E01003945,1761,Southwark 033A,238
E01003946,1772,Southwark 033B,239
E01003947,1629,Southwark 033C,220
E01003948,1674,Southwark 033D,226
E01003949,1862,Southwark 032A,251
E01003950,1989,Southwark 032B,268
E01003951,1416,Southwark 033E,191
E01003952,1635,Southwark 030A,221
E01003953,2028,Southwark 028A,274
E01003954,1604,Southwark 030B,216
E01003955,1846,Southwark 028B,249
E01003956,1854,Southwark 030C,250
E01003957,1761,Southwark 032C,238
E01003958,1963,Southwark 032D,265
E01003960,2159,Southwark 012A,291
E01003961,2020,Southwark 012B,272
E01003963,1705,Southwark 016A,230
E01003966,2242,Southwark 015B,302
E01003969,2425,Southwark 017B,327
E01003971,1312,Southwark 015D,177
E01003972,1202,Southwark 016D,162
E01003973,1685,Southwark 016E,227
E01003975,1745,Southwark 004A,235
E01003976,2373,Southwark 036D,320
E01003977,1943,Southwark 010A,262
E01003979,2281,Southwark 006E,308
E01003980,2043,Southwark 013A,276
E01003981,1576,Southwark 006F,213
E01003983,1972,Southwark 018A,266
E01003984,2312,Southwark 023A,312
E01003986,1550,Southwark 011A,209
E01003987,1877,Southwark 011B,253
E01003988,2191,Southwark 018B,296
E01003989,2263,Southwark 018C,305
E01003990,2272,Southwark 018D,306
E01003991,1360,Southwark 017C,183
E01003992,1624,Southwark 014A,219
E01003993,2019,Southwark 017D,272
E01003994,1951,Southwark 012E,263
E01003995,1368,Southwark 014B,185
E01003997,1267,Southwark 017E,171
E01003998,1367,Southwark 014D,184
E01003999,1490,Southwark 014E,201
E01004000,1935,Southwark 026A,261
E01004001,1866,Southwark 026B,252
E01004002,1696,Southwark 029A,229
E01004003,1809,Southwark 023B,244
E01004004,2582,Southwark 023C,348
E01004005,2293,Southwark 023D,309
E01004006,1908,Southwark 023E,257
E01004007,1419,Southwark 018E,191
E01004008,2132,Southwark 022B,288
E01004010,1777,Southwark 022D,240
E01004011,2097,Southwark 019B,283
E01004012,2339,Southwark 019C,315
E01004013,1721,Southwark 019D,232
E01004014,2157,Southwark 019E,291
E01004015,1749,Southwark 028C,236
E01004016,2479,Southwark 029B,334
E01004017,1630,Southwark 029C,220
E01004018,1882,Southwark 032E,254
E01004019,2094,Southwark 026C,282
E01004020,1784,Southwark 029D,241
E01004021,2080,Southwark 028D,281
E01004023,1575,Southwark 004D,212
E01004024,2049,Southwark 011C,276
E01004028,2350,Southwark 004E,317
E01004029,1994,Southwark 001A,269
E01004030,1547,Southwark 007A,209
E01004031,2732,Southwark 007B,368
E01004032,1496,Southwark 001B,202
E01004033,2476,Southwark 007C,334
E01004034,1594,Southwark 007D,215
E01004035,1523,Southwark 011D,205
E01004036,2100,Southwark 007E,283
E01004037,2006,Southwark 010B,271
E01004038,2486,Southwark 010C,335
E01004039,1576,Southwark 013B,213
E01004040,1853,Southwark 013C,250
E01004041,1587,Southwark 013D,214
E01004042,2015,Southwark 010D,272
E01004043,1289,Southwark 010E,174
E01004044,1446,Southwark 013E,195
E01004045,1551,Southwark 027A,209
E01004046,1459,Southwark 028E,197
E01004047,1575,Southwark 027B,212
E01004048,1648,Southwark 027C,222
E01004049,1223,Southwark 027D,165
E01004050,1387,Southwark 024D,187
E01004051,1253,Southwark 027E,169
E01004052,1832,Southwark 024E,247
E01004053,1866,Southwark 001C,252
E01004054,1528,Southwark 001D,206
E01004055,1261,Southwark 001E,170
E01004056,2316,Southwark 008A,312
E01004057,2724,Southwark 008B,367
E01004058,1664,Southwark 008C,224
E01004059,2123,Southwark 008D,286
E01004060,1953,Southwark 008E,263
E01004061,1612,Southwark 025A,217
E01004062,2215,Southwark 025B,299
E01004063,1909,Southwark 025C,257
E01004064,1851,Southwark 026D,250
E01004065,1408,Southwark 025D,190
E01004066,2486,Southwark 025E,335
E01004067,2414,Southwark 022E,326
E01004068,1998,Southwark 026E,269
E01004069,1340,Southwark 031A,181
E01004070,1991,Southwark 031B,269
E01004071,1566,Southwark 030D,211
E01004072,1600,Southwark 030E,216
E01004073,1868,Southwark 031C,252
E01004074,1765,Southwark 031D,238
E01004075,1675,Southwark 031E,226
E01032583,2225,Southwark 034D,300
E01032584,1395,Southwark 034E,188
E01032637,1148,Southwark 035E,155
E01032638,1110,Southwark 035D,150
E01032639,2125,Southwark 014F,287
E01032640,986,Southwark 035B,133
E01032646,1541,Southwark 036B,208
E01032719,1504,Southwark 014G,203
E01032803,1473,Southwark 036C,199
E01032834,1040,Southwark 035C,140
E01033867,1771,Southwark 002F,239
E01033868,1724,Southwark 002G,233
E01033869,1500,Southwark 004F,202
E01033870,1921,Southwark 004G,259
E01033871,1462,Southwark 004H,197
E01033872,1337,Southwark 004I,180
E01033873,2226,Southwark 009G,300
E01033874,1675,Southwark 009H,226
E01033875,1594,Southwark 012G,215
E01033876,1412,Southwark 012H,190
E01033877,1590,Southwark 012I,214
E01033878,1042,Southwark 015F,141
E01033879,2496,Southwark 015G,337
E01033880,2075,Southwark 015H,280
E01033881,2214,Southwark 016F,299
E01033882,1371,Southwark 022G,185
E01033883,1984,Southwark 022H,268
E01033884,1177,Southwark 035A,159
E01033885,1359,Southwark 036A,183
E01004076,1687,Sutton 011A,172
E01004077,1657,Sutton 011B,169
E01004078,1753,Sutton 011C,179
E01004079,1365,Sutton 011D,139
E01004080,1421,Sutton 011E,145
E01004081,1723,Sutton 011F,176
E01004082,1388,Sutton 011G,142
E01004083,1492,Sutton 019A,152
E01004084,1489,Sutton 024A,152
E01004085,1584,Sutton 024B,162
E01004086,2060,Sutton 019B,210
E01004087,1559,Sutton 017A,159
E01004088,1947,Sutton 019C,199
E01004089,1397,Sutton 019D,143
E01004090,1409,Sutton 021A,144
E01004091,1312,Sutton 022A,134
E01004092,1507,Sutton 022B,154
E01004093,1758,Sutton 025A,180
E01004094,1866,Sutton 025B,191
E01004095,1536,Sutton 025C,157
E01004096,1635,Sutton 021B,167
E01004097,1615,Sutton 015A,165
E01004098,1289,Sutton 015B,132
E01004099,1713,Sutton 015C,175
E01004100,1514,Sutton 015D,155
E01004101,1455,Sutton 013A,149
E01004102,1553,Sutton 015E,159
E01004103,1871,Sutton 013B,191
E01004104,1579,Sutton 020A,161
E01004105,1910,Sutton 022C,195
E01004106,1592,Sutton 022D,163
E01004107,1663,Sutton 020B,170
E01004108,1923,Sutton 024C,196
E01004109,1753,Sutton 024D,179
E01004110,2026,Sutton 016A,207
E01004111,1660,Sutton 016B,170
E01004112,1669,Sutton 016C,170
E01004114,1668,Sutton 025D,170
E01004115,1829,Sutton 009A,187
E01004116,1597,Sutton 008A,163
E01004117,1435,Sutton 006A,147
E01004118,1775,Sutton 009B,181
E01004119,1467,Sutton 009C,150
E01004120,1595,Sutton 016D,163
E01004121,1579,Sutton 006B,161
E01004122,1386,Sutton 008B,142
E01004123,2420,Sutton 002A,247
E01004124,2007,Sutton 002B,205
E01004125,1586,Sutton 001A,162
E01004126,1603,Sutton 002C,164
E01004127,1911,Sutton 005A,195
E01004128,1428,Sutton 002D,146
E01004129,1887,Sutton 002E,193
E01004130,1811,Sutton 003A,185
E01004131,2000,Sutton 003B,204
E01004132,1517,Sutton 009D,155
E01004133,1622,Sutton 009E,166
E01004134,1720,Sutton 003C,176
E01004135,1487,Sutton 003D,152
E01004136,1537,Sutton 003E,157
E01004137,3289,Sutton 012A,336
E01004138,1829,Sutton 013C,187
E01004139,1567,Sutton 013D,160
E01004140,1808,Sutton 012B,185
E01004141,1835,Sutton 012C,187
E01004143,1545,Sutton 014A,158
E01004144,1801,Sutton 007A,184
E01004145,2416,Sutton 007B,247
E01004146,1942,Sutton 007C,198
E01004147,1585,Sutton 007D,162
E01004148,1895,Sutton 014B,194
E01004149,1908,Sutton 012E,195
E01004150,2107,Sutton 021C,215
E01004151,1963,Sutton 021D,201
E01004152,1819,Sutton 018A,186
E01004153,2074,Sutton 021E,212
E01004154,1485,Sutton 022E,152
E01004155,2041,Sutton 018B,209
E01004156,2033,Sutton 018C,208
E01004157,1276,Sutton 016E,130
E01004158,1674,Sutton 018D,171
E01004159,1745,Sutton 014C,178
E01004160,1656,Sutton 014D,169
E01004161,1548,Sutton 014E,158
E01004162,1676,Sutton 018E,171
E01004163,1765,Sutton 005B,180
E01004164,1535,Sutton 004A,157
E01004165,1866,Sutton 005C,191
E01004166,1484,Sutton 004B,152
E01004167,1645,Sutton 005D,168
E01004168,1639,Sutton 013E,167
E01004169,1880,Sutton 004C,192
E01004170,2274,Sutton 017B,232
E01004171,1565,Sutton 010A,160
E01004172,2057,Sutton 010B,210
E01004173,1369,Sutton 010C,140
E01004174,1553,Sutton 017C,159
E01004175,1770,Sutton 010D,181
E01004176,1461,Sutton 010E,149
E01004177,1891,Sutton 020C,193
E01004178,2459,Sutton 017D,251
E01004179,1561,Sutton 017E,159
E01004180,1855,Sutton 020D,189
E01004181,1771,Sutton 020E,181
E01004182,1794,Sutton 019E,183
E01004183,1785,Sutton 001B,182
E01004184,1666,Sutton 001C,170
E01004185,2299,Sutton 001D,235
E01004186,1717,Sutton 004D,175
E01004187,1679,Sutton 005E,172
E01004189,2038,Sutton 001E,208
E01004190,1340,Sutton 008C,137
E01004191,1986,Sutton 008D,203
E01004192,1877,Sutton 006C,192
E01004193,2825,Sutton 006D,289
E01004194,1673,Sutton 008E,171
E01004195,1662,Sutton 006E,170
E01004196,1654,Sutton 008F,169
E01032623,1838,Sutton 025E,188
E01034153,1415,Sutton 004F,145
E01034154,2491,Sutton 004G,254
E01034155,2187,Sutton 012F,223
E01034156,1485,Sutton 012G,152
E01004198,1472,Tower Hamlets 002B,148
E01004199,1849,Tower Hamlets 002C,186
E01004200,1550,Tower Hamlets 005A,156
E01004201,1712,Tower Hamlets 002D,172
E01004202,2185,Tower Hamlets 005B,220
E01004203,1820,Tower Hamlets 005C,183
E01004204,1929,Tower Hamlets 005D,194
E01004205,2301,Tower Hamlets 013A,232
E01004206,1501,Tower Hamlets 013B,151
E01004207,1480,Tower Hamlets 011A,149
E01004208,2251,Tower Hamlets 013C,227
E01004209,1437,Tower Hamlets 011B,145
E01004211,1629,Tower Hamlets 013D,164
E01004212,2381,Tower Hamlets 011D,240
E01004214,2073,Tower Hamlets 030A,209
E01004216,1887,Tower Hamlets 030B,190
E01004217,2180,Tower Hamlets 030C,219
E01004218,1934,Tower Hamlets 030D,195
E01004219,2896,Tower Hamlets 035B,292
E01004221,1988,Tower Hamlets 036A,200
E01004222,2819,Tower Hamlets 001A,284
E01004223,2025,Tower Hamlets 001B,204
E01004226,2540,Tower Hamlets 001D,256
E01004228,2059,Tower Hamlets 003A,207
E01004229,1484,Tower Hamlets 004C,149
E01004230,2306,Tower Hamlets 003B,232
E01004231,1617,Tower Hamlets 004D,163
E01004232,1840,Tower Hamlets 003C,185
E01004233,2270,Tower Hamlets 003D,229
E01004234,2730,Tower Hamlets 003E,275
E01004235,1667,Tower Hamlets 008A,168
E01004236,1583,Tower Hamlets 008B,159
E01004237,1622,Tower Hamlets 008C,163
E01004239,1762,Tower Hamlets 008E,177
E01004240,1742,Tower Hamlets 012A,175
E01004241,1732,Tower Hamlets 012B,174
E01004243,1820,Tower Hamlets 020A,183
E01004244,2034,Tower Hamlets 020B,205
E01004245,3228,Tower Hamlets 018A,325
E01004247,2719,Tower Hamlets 020C,274
E01004248,1934,Tower Hamlets 018C,195
E01004249,2388,Tower Hamlets 018D,240
E01004251,2746,Tower Hamlets 023A,276
E01004255,1754,Tower Hamlets 023C,177
E01004256,1802,Tower Hamlets 024C,181
E01004257,2290,Tower Hamlets 024D,231
E01004258,1479,Tower Hamlets 023D,149
E01004259,1780,Tower Hamlets 007A,179
E01004260,1796,Tower Hamlets 007B,181
E01004263,1438,Tower Hamlets 007C,145
E01004264,1536,Tower Hamlets 010C,155
E01004266,1411,Tower Hamlets 007D,142
E01004267,2320,Tower Hamlets 012D,234
E01004268,1891,Tower Hamlets 012E,190
E01004270,2526,Tower Hamlets 014B,254
E01004271,2532,Tower Hamlets 014C,255
E01004272,2791,Tower Hamlets 014D,281
E01004274,1900,Tower Hamlets 031A,191
E01004275,2712,Tower Hamlets 031B,273
E01004276,1996,Tower Hamlets 031C,201
E01004277,1712,Tower Hamlets 033A,172
E01004280,1918,Tower Hamlets 032A,193
E01004281,1932,Tower Hamlets 031D,195
E01004283,2352,Tower Hamlets 016A,237
E01004286,2580,Tower Hamlets 019C,260
E01004287,2416,Tower Hamlets 016B,243
E01004288,1744,Tower Hamlets 019D,176
E01004289,1987,Tower Hamlets 016C,200
E01004290,2086,Tower Hamlets 016D,210
E01004291,2000,Tower Hamlets 027A,201
E01004292,1669,Tower Hamlets 026A,168
E01004293,2078,Tower Hamlets 027B,209
E01004295,2103,Tower Hamlets 026C,212
E01004296,2517,Tower Hamlets 026D,253
E01004297,1911,Tower Hamlets 027C,192
E01004298,1706,Tower Hamlets 022A,172
E01004300,1460,Tower Hamlets 022B,147
E01004301,1432,Tower Hamlets 025B,144
E01004302,1668,Tower Hamlets 025C,168
E01004303,3016,Tower Hamlets 025D,304
E01004304,2230,Tower Hamlets 022C,224
E01004305,1911,Tower Hamlets 022D,192
E01004306,2019,Tower Hamlets 015A,203
E01004307,2428,Tower Hamlets 015B,244
E01004308,1424,Tower Hamlets 015C,143
E01004309,3194,Tower Hamlets 015D,322
E01004310,2264,Tower Hamlets 015E,228
E01004311,1922,Tower Hamlets 006A,193
E01004312,1613,Tower Hamlets 009A,162
E01004313,2179,Tower Hamlets 009B,219
E01004315,1586,Tower Hamlets 006C,160
E01004316,1092,Tower Hamlets 009C,110
E01004319,2579,Tower Hamlets 021A,260
E01004321,2373,Tower Hamlets 021C,239
E01004322,1948,Tower Hamlets 017A,196
E01004323,1685,Tower Hamlets 017B,170
E01004324,1779,Tower Hamlets 017C,179
E01004326,1978,Tower Hamlets 017D,199
E01032764,2983,Tower Hamlets 004E,300
E01032765,1880,Tower Hamlets 004F,189
E01032767,1742,Tower Hamlets 021F,175
E01032768,1312,Tower Hamlets 025E,132
E01032769,1407,Tower Hamlets 025F,142
E01032770,2014,Tower Hamlets 032B,203
E01032771,2510,Tower Hamlets 033B,253
E01032772,2948,Tower Hamlets 032C,297
E01032774,1759,Tower Hamlets 032E,177
E01032775,1170,Tower Hamlets 031F,118
E01032776,2163,Tower Hamlets 034D,218
E01032777,1352,Tower Hamlets 035A,136
E01032779,1423,Tower Hamlets 035C,143
E01032780,3792,Tower Hamlets 035D,382
E01032781,1694,Tower Hamlets 033C,171
E01032782,2918,Tower Hamlets 033D,294
E01032783,1322,Tower Hamlets 031G,133
E01032784,1764,Tower Hamlets 004G,178
E01032785,2818,Tower Hamlets 010E,284
E01032786,1731,Tower Hamlets 010F,174
E01032787,2603,Tower Hamlets 011F,262
E01035657,1042,Tower Hamlets 001E,105
E01035658,1677,Tower Hamlets 001F,169
E01035659,1651,Tower Hamlets 001G,166
E01035660,1494,Tower Hamlets 002E,150
E01035661,1712,Tower Hamlets 002F,172
E01035662,1045,Tower Hamlets 004H,105
E01035663,1388,Tower Hamlets 004I,140
E01035664,2568,Tower Hamlets 006E,259
E01035665,1858,Tower Hamlets 008F,187
E01035666,1936,Tower Hamlets 008G,195
E01035667,2061,Tower Hamlets 008H,207
E01035668,1962,Tower Hamlets 009E,198
E01035669,1343,Tower Hamlets 009F,135
E01035670,4648,Tower Hamlets 010G,468
E01035671,2324,Tower Hamlets 012F,234
E01035672,3242,Tower Hamlets 012G,326
E01035673,1111,Tower Hamlets 012H,112
E01035674,1405,Tower Hamlets 014F,141
E01035675,2014,Tower Hamlets 014G,203
E01035676,1602,Tower Hamlets 014H,161
E01035677,1615,Tower Hamlets 014I,163
E01035678,1979,Tower Hamlets 018E,199
E01035679,1699,Tower Hamlets 018F,171
E01035680,1782,Tower Hamlets 019E,179
E01035681,2088,Tower Hamlets 019F,210
E01035682,1604,Tower Hamlets 019G,161
E01035683,1916,Tower Hamlets 019H,193
E01035684,1828,Tower Hamlets 020E,184
E01035685,1578,Tower Hamlets 020F,159
E01035686,1855,Tower Hamlets 021G,187
E01035687,1956,Tower Hamlets 021H,197
E01035688,2631,Tower Hamlets 021I,265
E01035689,1839,Tower Hamlets 021J,185
E01035690,2107,Tower Hamlets 023E,212
E01035691,1951,Tower Hamlets 023F,196
E01035692,1386,Tower Hamlets 024E,140
E01035693,1527,Tower Hamlets 024F,154
E01035694,2427,Tower Hamlets 024G,244
E01035695,1765,Tower Hamlets 024H,178
E01035696,1642,Tower Hamlets 026E,165
E01035697,1756,Tower Hamlets 026F,177
E01035698,1026,Tower Hamlets 032F,103
E01035699,1751,Tower Hamlets 032G,176
E01035700,1319,Tower Hamlets 034A,133
E01035701,1513,Tower Hamlets 034B,152
E01035702,2481,Tower Hamlets 034C,250
E01035703,1335,Tower Hamlets 036B,134
E01035704,1789,Tower Hamlets 036C,180
E01035705,1372,Tower Hamlets 036D,138
E01035706,1414,Tower Hamlets 036E,142
E01004327,1495,Waltham Forest 028A,170
E01004328,1800,Waltham Forest 028B,205
E01004329,1810,Waltham Forest 028C,206
E01004330,1589,Waltham Forest 028D,181
E01004331,1622,Waltham Forest 028E,185
E01004332,1900,Waltham Forest 028F,216
E01004333,1649,Waltham Forest 024A,188
E01004334,1895,Waltham Forest 024B,216
E01004335,1613,Waltham Forest 027A,184
E01004336,1622,Waltham Forest 026A,185
E01004337,1780,Waltham Forest 027B,203
E01004338,1952,Waltham Forest 027C,222
E01004339,1776,Waltham Forest 027D,202
E01004340,1833,Waltham Forest 027E,209
E01004341,2008,Waltham Forest 027F,229
E01004342,2041,Waltham Forest 011A,232
E01004343,1788,Waltham Forest 008A,203
E01004344,1878,Waltham Forest 008B,214
E01004345,1794,Waltham Forest 010A,204
E01004346,1735,Waltham Forest 011B,197
E01004347,2152,Waltham Forest 011C,245
E01004348,2956,Waltham Forest 010B,336
E01004349,1526,Waltham Forest 001A,174
E01004350,1949,Waltham Forest 001B,222
E01004351,1580,Waltham Forest 001C,180
E01004352,1865,Waltham Forest 002A,212
E01004353,1833,Waltham Forest 002B,209
E01004354,1959,Waltham Forest 002C,223
E01004355,1658,Waltham Forest 004A,189
E01004356,1666,Waltham Forest 001D,190
E01004357,1576,Waltham Forest 001E,179
E01004358,1968,Waltham Forest 002D,224
E01004359,1663,Waltham Forest 002E,189
E01004360,1357,Waltham Forest 004B,154
E01004361,1392,Waltham Forest 005A,158
E01004362,1684,Waltham Forest 021A,192
E01004363,1598,Waltham Forest 019A,182
E01004364,2011,Waltham Forest 019B,229
E01004365,2600,Waltham Forest 020A,296
E01004366,1896,Waltham Forest 019C,216
E01004367,1591,Waltham Forest 019D,181
E01004368,2530,Waltham Forest 019E,288
E01004369,1721,Waltham Forest 023A,196
E01004370,1999,Waltham Forest 023B,228
E01004371,1650,Waltham Forest 025A,188
E01004372,1564,Waltham Forest 023C,178
E01004373,1822,Waltham Forest 025B,207
E01004374,1930,Waltham Forest 025C,220
E01004375,1963,Waltham Forest 025D,223
E01004376,1902,Waltham Forest 025E,216
E01004377,1843,Waltham Forest 010C,210
E01004378,1863,Waltham Forest 010D,212
E01004379,1930,Waltham Forest 007A,220
E01004380,1726,Waltham Forest 007B,196
E01004381,1905,Waltham Forest 007C,217
E01004382,1698,Waltham Forest 008C,193
E01004383,1642,Waltham Forest 007D,187
E01004384,1898,Waltham Forest 003A,216
E01004385,1528,Waltham Forest 003B,174
E01004386,1695,Waltham Forest 003C,193
E01004387,1330,Waltham Forest 007E,151
E01004388,1696,Waltham Forest 007F,193
E01004389,1709,Waltham Forest 003D,194
E01004390,1558,Waltham Forest 003E,177
E01004391,2376,Waltham Forest 014A,270
E01004392,2523,Waltham Forest 017A,287
E01004393,1613,Waltham Forest 014B,184
E01004394,1955,Waltham Forest 017B,223
E01004395,1659,Waltham Forest 018A,189
E01004396,1963,Waltham Forest 012A,223
E01004397,2825,Waltham Forest 017C,322
E01004398,2027,Waltham Forest 009A,231
E01004399,1886,Waltham Forest 009B,215
E01004400,1929,Waltham Forest 009C,220
E01004401,2376,Waltham Forest 014C,270
E01004402,1934,Waltham Forest 009D,220
E01004403,2591,Waltham Forest 009E,295
E01004404,2706,Waltham Forest 014D,308
E01004405,1676,Waltham Forest 020B,191
E01004406,1819,Waltham Forest 016A,207
E01004407,1608,Waltham Forest 013A,183
E01004408,1640,Waltham Forest 016B,187
E01004409,1824,Waltham Forest 016C,208
E01004410,1868,Waltham Forest 013B,213
E01004411,2020,Waltham Forest 016D,230
E01004412,1766,Waltham Forest 015A,201
E01004413,1478,Waltham Forest 004C,168
E01004414,1824,Waltham Forest 005B,208
E01004415,1568,Waltham Forest 004D,178
E01004416,1912,Waltham Forest 004E,218
E01004417,1852,Waltham Forest 005C,211
E01004418,1773,Waltham Forest 008D,202
E01004419,2530,Waltham Forest 008E,288
E01004420,2411,Waltham Forest 020C,274
E01004421,2145,Waltham Forest 018B,244
E01004422,2772,Waltham Forest 022A,315
E01004423,2085,Waltham Forest 020D,237
E01004424,2276,Waltham Forest 022B,259
E01004425,1952,Waltham Forest 022C,222
E01004426,1823,Waltham Forest 022D,207
E01004427,1998,Waltham Forest 022E,227
E01004428,2020,Waltham Forest 026B,230
E01004429,1956,Waltham Forest 026C,223
E01004430,2714,Waltham Forest 026D,309
E01004432,1977,Waltham Forest 023D,225
E01004434,2100,Waltham Forest 026E,239
E01004435,2166,Waltham Forest 023E,247
E01004436,1460,Waltham Forest 021B,166
E01004437,1750,Waltham Forest 021C,199
E01004438,2184,Waltham Forest 024C,249
E01004439,1619,Waltham Forest 021D,184
E01004440,2125,Waltham Forest 024D,242
E01004441,1518,Waltham Forest 024E,173
E01004442,1433,Waltham Forest 021E,163
E01004443,2217,Waltham Forest 016E,252
E01004444,3498,Waltham Forest 017D,398
E01004445,2037,Waltham Forest 018C,232
E01004446,2570,Waltham Forest 017E,293
E01004447,1820,Waltham Forest 016F,207
E01004448,1918,Waltham Forest 018D,218
E01004449,1857,Waltham Forest 018E,211
E01004450,1759,Waltham Forest 006A,200
E01004451,1805,Waltham Forest 005D,205
E01004452,2004,Waltham Forest 005E,228
E01004453,1900,Waltham Forest 006B,216
E01004454,1999,Waltham Forest 006C,228
E01004455,1799,Waltham Forest 006D,205
E01004456,1671,Waltham Forest 006E,190
E01004457,1869,Waltham Forest 012B,213
E01004458,2038,Waltham Forest 012C,232
E01004459,1656,Waltham Forest 012D,188
E01004460,2098,Waltham Forest 011D,239
E01004462,2385,Waltham Forest 011E,271
E01004463,1938,Waltham Forest 012E,221
E01004464,1905,Waltham Forest 013C,217
E01004465,1605,Waltham Forest 015B,183
E01004466,1659,Waltham Forest 015C,189
E01004467,2357,Waltham Forest 015D,268
E01004468,1854,Waltham Forest 015E,211
E01004469,2237,Waltham Forest 013D,255
E01004470,1696,Waltham Forest 013E,193
E01004471,1738,Waltham Forest 013F,198
E01034485,2011,Waltham Forest 014F,229
E01034486,3449,Waltham Forest 014G,393
E01034487,1314,Waltham Forest 020H,150
E01034488,1907,Waltham Forest 020I,217
E01004472,1782,Wandsworth 021A,170
E01004473,1750,Wandsworth 026A,167
E01004474,2090,Wandsworth 021B,200
E01004475,1433,Wandsworth 026B,137
E01004476,1853,Wandsworth 021C,177
E01004477,1624,Wandsworth 017A,155
E01004478,1526,Wandsworth 017B,146
E01004479,1453,Wandsworth 017C,139
E01004480,1634,Wandsworth 026C,156
E01004481,1716,Wandsworth 029A,164
E01004482,1572,Wandsworth 030A,150
E01004483,2205,Wandsworth 026D,210
E01004484,1482,Wandsworth 026E,141
E01004485,1786,Wandsworth 030B,170
E01004486,1441,Wandsworth 026F,138
E01004487,1486,Wandsworth 030C,142
E01004488,1275,Wandsworth 029B,122
E01004489,1261,Wandsworth 030D,120
E01004490,1583,Wandsworth 031A,151
E01004491,2565,Wandsworth 031B,245
E01004492,1696,Wandsworth 031C,162
E01004493,1967,Wandsworth 019A,188
E01004494,1794,Wandsworth 018A,171
E01004495,1544,Wandsworth 024A,147
E01004496,2027,Wandsworth 024B,193
E01004497,1526,Wandsworth 024C,146
E01004498,1712,Wandsworth 031D,163
E01004499,1575,Wandsworth 020A,150
E01004500,1942,Wandsworth 014A,185
E01004501,1491,Wandsworth 014B,142
E01004502,1625,Wandsworth 020B,155
E01004503,1782,Wandsworth 014C,170
E01004504,1534,Wandsworth 020C,146
E01004505,1582,Wandsworth 014D,151
E01004506,2291,Wandsworth 011A,219
E01004507,2736,Wandsworth 014E,261
E01004508,2150,Wandsworth 012A,205
E01004510,1888,Wandsworth 012B,180
E01004511,1572,Wandsworth 010B,150
E01004512,1423,Wandsworth 019B,136
E01004513,2008,Wandsworth 018B,192
E01004514,1870,Wandsworth 012C,179
E01004515,1800,Wandsworth 012D,172
E01004516,1828,Wandsworth 036A,174
E01004517,2316,Wandsworth 037A,221
E01004518,1762,Wandsworth 036B,168
E01004519,1805,Wandsworth 036C,172
E01004520,1394,Wandsworth 036D,133
E01004521,2004,Wandsworth 037B,191
E01004522,1708,Wandsworth 037C,163
E01004523,1664,Wandsworth 036E,159
E01004524,1874,Wandsworth 037D,179
E01004525,2150,Wandsworth 035A,205
E01004526,1861,Wandsworth 035B,178
E01004527,1725,Wandsworth 035C,165
E01004528,1685,Wandsworth 035D,161
E01004529,2046,Wandsworth 035E,195
E01004530,1745,Wandsworth 035F,167
E01004531,1760,Wandsworth 033A,168
E01004532,1450,Wandsworth 032A,138
E01004533,1361,Wandsworth 033B,130
E01004534,2038,Wandsworth 008A,195
E01004535,1653,Wandsworth 007A,158
E01004536,2586,Wandsworth 008B,247
E01004537,2208,Wandsworth 007B,211
E01004538,2624,Wandsworth 007C,250
E01004539,2092,Wandsworth 003A,200
E01004540,2261,Wandsworth 003B,216
E01004541,1756,Wandsworth 007D,168
E01004542,1541,Wandsworth 021D,147
E01004543,1701,Wandsworth 027A,162
E01004544,1532,Wandsworth 021E,146
E01004545,1955,Wandsworth 027B,187
E01004546,1467,Wandsworth 027C,140
E01004547,1430,Wandsworth 029C,137
E01004548,2033,Wandsworth 029D,194
E01004549,1570,Wandsworth 027D,150
E01004550,1284,Wandsworth 017D,123
E01004551,1656,Wandsworth 012E,158
E01004552,2021,Wandsworth 008C,193
E01004553,1842,Wandsworth 015A,176
E01004554,1621,Wandsworth 009A,155
E01004555,1645,Wandsworth 017E,157
E01004556,1609,Wandsworth 009B,154
E01004557,1713,Wandsworth 015B,164
E01004558,1713,Wandsworth 015C,164
E01004559,1363,Wandsworth 015D,130
E01004560,2060,Wandsworth 001A,197
E01004563,2185,Wandsworth 039E,209
E01004564,1974,Wandsworth 039D,188
E01004565,1727,Wandsworth 005A,165
E01004566,1641,Wandsworth 001B,157
E01004567,2394,Wandsworth 039A,229
E01004568,1796,Wandsworth 013A,171
E01004569,2419,Wandsworth 023A,231
E01004570,2044,Wandsworth 023B,195
E01004571,1963,Wandsworth 023C,187
E01004572,1788,Wandsworth 016A,171
E01004573,1760,Wandsworth 023D,168
E01004574,2009,Wandsworth 013B,192
E01004575,2037,Wandsworth 013C,194
E01004576,1618,Wandsworth 013D,154
E01004577,1954,Wandsworth 003C,187
E01004579,2012,Wandsworth 004B,192
E01004580,2411,Wandsworth 004C,230
E01004581,1791,Wandsworth 004D,171
E01004582,2327,Wandsworth 001C,222
E01004583,1831,Wandsworth 001D,175
E01004584,1775,Wandsworth 003D,169
E01004585,1908,Wandsworth 008D,182
E01004586,1911,Wandsworth 009C,182
E01004587,1844,Wandsworth 009D,176
E01004588,2131,Wandsworth 008E,203
E01004589,1838,Wandsworth 009E,175
E01004590,1903,Wandsworth 005B,182
E01004591,2073,Wandsworth 005C,198
E01004592,1655,Wandsworth 005D,158
E01004593,1900,Wandsworth 025A,181
E01004594,1665,Wandsworth 020D,159
E01004595,1773,Wandsworth 025B,169
E01004596,1625,Wandsworth 020E,155
E01004597,1839,Wandsworth 025C,176
E01004598,2209,Wandsworth 025D,211
E01004599,1486,Wandsworth 025E,142
E01004601,2543,Wandsworth 018D,243
E01004602,1665,Wandsworth 010C,159
E01004604,1549,Wandsworth 006A,148
E01004605,1858,Wandsworth 006B,177
E01004606,1617,Wandsworth 006C,154
E01004607,1564,Wandsworth 006D,149
E01004608,1667,Wandsworth 006E,159
E01004609,2234,Wandsworth 010E,213
E01004610,2085,Wandsworth 033C,199
E01004611,1592,Wandsworth 032B,152
E01004612,1797,Wandsworth 032C,172
E01004613,1776,Wandsworth 033D,170
E01004614,1995,Wandsworth 034A,190
E01004615,1649,Wandsworth 034B,157
E01004616,1946,Wandsworth 034C,186
E01004617,2028,Wandsworth 034D,194
E01004618,1461,Wandsworth 032D,139
E01004619,1309,Wandsworth 015E,125
E01004620,1717,Wandsworth 019C,164
E01004621,1755,Wandsworth 019D,168
E01004622,1563,Wandsworth 024D,149
E01004623,1774,Wandsworth 019E,169
E01004624,1515,Wandsworth 024E,145
E01004625,1300,Wandsworth 027E,124
E01004626,2081,Wandsworth 027F,199
E01004627,1622,Wandsworth 019F,155
E01004628,2409,Wandsworth 022A,230
E01004629,1621,Wandsworth 020F,155
E01004630,1823,Wandsworth 022B,174
E01004631,1922,Wandsworth 022C,183
E01004632,1506,Wandsworth 028A,144
E01004633,1722,Wandsworth 022D,164
E01004634,1489,Wandsworth 028B,142
E01004635,1658,Wandsworth 028C,158
E01004636,1475,Wandsworth 028D,141
E01004637,1399,Wandsworth 028E,134
E01004638,1361,Wandsworth 011B,130
E01004639,1719,Wandsworth 011C,164
E01004640,1723,Wandsworth 011D,164
E01004641,1884,Wandsworth 011E,180
E01004642,2116,Wandsworth 016B,202
E01004643,2437,Wandsworth 016C,233
E01004644,2597,Wandsworth 016D,248
E01004645,2130,Wandsworth 016E,203
E01033098,2284,Wandsworth 038C,218
E01033099,2235,Wandsworth 004E,213
E01033100,1945,Wandsworth 039B,186
E01033132,2560,Wandsworth 038D,244
E01033133,1180,Wandsworth 004G,113
E01033135,1223,Wandsworth 010G,117
E01035488,2078,Wandsworth 004H,198
E01035489,1505,Wandsworth 004I,144
E01035490,1793,Wandsworth 010H,171
E01035491,1442,Wandsworth 010I,138
E01035492,2242,Wandsworth 010J,214
E01035493,1852,Wandsworth 010K,177
E01035494,1835,Wandsworth 018E,175
E01035495,1338,Wandsworth 018F,128
E01035496,1922,Wandsworth 038A,183
E01035497,2016,Wandsworth 038B,192
E01035498,2544,Wandsworth 038E,243
E01035499,1628,Wandsworth 039C,155
E01004646,1790,Westminster 002A,408
E01004647,1460,Westminster 001A,333
E01004648,2385,Westminster 002B,543
E01004649,1486,Westminster 001B,338
E01004650,1808,Westminster 002C,412
E01004651,1862,Westminster 003A,424
E01004652,1616,Westminster 017A,368
E01004653,1764,Westminster 014A,402
E01004654,2238,Westminster 014B,510
E01004656,1913,Westminster 014D,436
E01004657,1241,Westminster 012A,283
E01004658,1689,Westminster 012B,385
E01004659,1792,Westminster 008A,408
E01004660,1450,Westminster 008B,330
E01004661,2045,Westminster 012C,466
E01004662,1311,Westminster 012D,299
E01004663,1490,Westminster 012E,339
E01004665,1431,Westminster 024A,326
E01004668,1456,Westminster 023D,332
E01004669,1682,Westminster 024B,383
E01004670,2660,Westminster 009A,606
E01004674,1876,Westminster 005A,427
E01004675,2435,Westminster 005B,555
E01004676,1559,Westminster 006A,355
E01004677,1646,Westminster 005C,375
E01004678,2062,Westminster 005D,470
E01004679,2027,Westminster 005E,462
E01004680,1296,Westminster 015A,295
E01004681,1976,Westminster 016A,450
E01004682,1249,Westminster 016B,285
E01004683,1493,Westminster 015B,340
E01004684,1460,Westminster 015C,333
E01004686,1437,Westminster 015E,327
E01004687,1321,Westminster 019A,301
E01004690,1080,Westminster 019D,246
E01004691,1200,Westminster 019E,273
E01004692,1148,Westminster 019F,261
E01004693,1190,Westminster 017B,271
E01004694,1520,Westminster 016C,346
E01004695,1026,Westminster 017C,234
E01004696,1430,Westminster 017D,326
E01004697,1294,Westminster 016D,295
E01004698,1332,Westminster 017E,303
E01004699,1732,Westminster 017F,395
E01004700,1461,Westminster 016E,333
E01004701,1585,Westminster 007A,361
E01004702,3359,Westminster 009E,765
E01004703,2020,Westminster 007B,460
E01004705,1333,Westminster 007D,304
E01004706,1462,Westminster 006B,333
E01004707,1932,Westminster 006C,440
E01004708,1528,Westminster 006D,348
E01004709,1828,Westminster 007E,416
E01004710,2140,Westminster 002D,487
E01004711,1989,Westminster 002E,453
E01004712,1513,Westminster 008C,345
E01004713,1348,Westminster 011A,307
E01004714,1677,Westminster 011B,382
E01004715,1987,Westminster 013A,453
E01004716,980,Westminster 011C,223
E01004717,1300,Westminster 011D,296
E01004718,1784,Westminster 004A,406
E01004719,1825,Westminster 004B,416
E01004720,2296,Westminster 004C,523
E01004721,1918,Westminster 004D,437
E01004722,2584,Westminster 004E,589
E01004723,2070,Westminster 005F,472
E01004724,1973,Westminster 001C,449
E01004725,1546,Westminster 003B,352
E01004726,1805,Westminster 003C,411
E01004727,1701,Westminster 008D,387
E01004728,1546,Westminster 003D,352
E01004729,1491,Westminster 003E,340
E01004730,1565,Westminster 001D,356
E01004731,2143,Westminster 020A,488
E01004732,1315,Westminster 020B,300
E01004733,2252,Westminster 020C,513
E01004734,1816,Westminster 018A,414
E01004735,2349,Westminster 018B,535
E01004736,1577,Westminster 018C,359
E01004737,1269,Westminster 024C,289
E01004740,1308,Westminster 021A,298
E01004741,1304,Westminster 024F,297
E01004742,1347,Westminster 022A,307
E01004743,1509,Westminster 021B,344
E01004744,1459,Westminster 020D,332
E01004746,1246,Westminster 021D,284
E01004747,2241,Westminster 021E,510
E01004748,1352,Westminster 020E,308
E01004749,2239,Westminster 022B,510
E01004750,1630,Westminster 023E,371
E01004751,1743,Westminster 022C,397
E01004752,1382,Westminster 022D,315
E01004753,1719,Westminster 022E,392
E01004754,2001,Westminster 010A,456
E01004755,2604,Westminster 010B,593
E01004756,1450,Westminster 006E,330
E01004757,1714,Westminster 010C,390
E01004760,1643,Westminster 014E,374
E01004761,1285,Westminster 018D,293
E01004762,1748,Westminster 011E,398
E01004763,2190,Westminster 013B,499
E01004765,1907,Westminster 013D,434
E01032512,2536,Westminster 010F,578
E01032513,1169,Westminster 010G,266
E01033593,1943,Westminster 015F,443
E01033594,1608,Westminster 015G,366
E01033597,996,Westminster 023F,227
E01033598,1394,Westminster 009F,318
E01033599,1301,Westminster 023G,296
E01033601,2197,Westminster 009G,500
E01033602,1590,Westminster 009H,362
E01033603,1425,Westminster 009I,325
E01033604,1247,Westminster 009J,284
E01033605,1703,Westminster 009K,388
E01035715,2750,Westminster 007H,626
E01035716,2274,Westminster 013G,518
E01035717,1849,Westminster 014H,421
E01035718,2789,Westminster 019G,635
E01035719,1297,Westminster 021F,295
E01035720,1273,Westminster 021G,290
E01035721,2070,Westminster 023H,472
E01035722,1939,Westminster 024G,442
